fcn_no,effective_date,effective_year,substance,manufacturer
2525,"Jul 29, 2026",2026,Octyltriethoxysilane-modified titanium dioxide,Billions Europe Ltd.
2519,"Jul 11, 2026",2026,3-Amino-3-methyl-2-butanol (AMB; CAS Reg. No. 13325-14-9),Advancion Corporation
2511,"Jun 12, 2026",2026,2-methyl-4-isothiazolin-3-one (CAS Reg. No. 2682-20-4).,"Cotek Specialties (Taicang) Co., Ltd."
2510,"Jun 2, 2026",2026,Tricyclodecanedimethanol (CAS Reg. No. 26160-83-8 and 26896-48-0).,Setaş Kimya Sanayi A.Ş.
2507,"May 16, 2026",2026,"An aqueous mixture of peroxyacetic acid (PAA) (CAS Reg. No. 79-21-0), hydrogen peroxide (HP) (CAS Reg. No. 7722-84-1), acetic acid (AA) (CAS Reg. No. 64-19-7), 1-hydroxyethylidene-1,1-diphosphonic acid (HEDP) (CAS Reg. No. 2809-21-4), dipicolinic acid (DPA) (CAS Reg. No. 499-83-2), and optionally sulfuric acid (SA) (CAS Reg. No. 7664-93-9)","Evonik Active Oxygens, LLC"
2506,"Jul 7, 2026",2026,"1,3-Dibromo-5,5-dimethylhydantoin (CAS Reg. No. 77-48-5) optionally containing up to 0.5 weight percent 1,3-dibromo-5-ethyl-5-methylhydantoin (CAS Reg. No. 82925-96-0)","Enviro Tech Chemical Services, Inc."
2505,"Jul 8, 2026",2026,"α-1,3-Glucan (CAS Reg. No. 9051-95-0)",International Flavors & Fragrances
2504,"Apr 22, 2026",2026,Nanocrystalline cellulose (CAS Reg. No. 9004-34-6),CelluForce
2502,"Jul 4, 2026",2026,"Fatty acids, C18-unsaturated, dimers, hydrogenated, polymers with hexamethylenediamine (CAS Reg. No. 800392-64-7)","Cargill, Incorporated"
2498,"May 22, 2026",2026,Silver-zinc-calcium-sodium-borate-phosphate glass,Laboratorios Argenol SL
2496,"Jun 17, 2026",2026,"1,2-Benzisothiazolin-3-one (BIT) (CAS Reg. No. 2634-33-5).","Troy Corporation, an Arxada Company"
2495,"Mar 31, 2026",2026,"1,2-Cyclohexanedicarboxylic acid, calcium salt (1:1), (1R, 2S)-rel- (CAS Reg. No. 491589-22-1).","Jiangsu Jiyi New Material Co., Ltd."
2494,"Mar 31, 2026",2026,Polylactide (polylactic acid; PLA) optionally containing up to 16 weight percent D-lactic acid polymer units (CAS Reg. No. 9051-89-2).,"Zhejiang Honor Biomaterials Co., Ltd."
2491,"Mar 25, 2026",2026,"Poly(oxy-1,2-ethanediyl), α-sulfo-ω-hydroxy-, C12-14-alkyl ethers, sodium salts (CAS Reg. No. 68891-38-3).",KLK Kolb Specialties B.V. KLK Tensachem S.A.
2490,"May 26, 2026",2026,Cyclic neopentanetetrayl bis(octadecyl phosphite) (CAS Reg. No. 3806-34-6).,SI Group
2488,"Jun 11, 2026",2026,"Poly(1,4-butylene glycol-co-succinate), optionally reacted with glycerol (CAS Reg. No. 56-81-5) and/or hexamethylene diisocyanate (CAS Reg. No. 124-09-4).","Zhuhai Kingfa Biomaterial Co., Ltd."
2486,"Mar 17, 2026",2026,Ethylene-vinyl acetate-vinyl alcohol (EVOH) copolymers (CAS Reg. No. 26221-27-2).,"Sinopec Chongqing SVW Chemical Co., Ltd."
2485,"Mar 13, 2026",2026,"2-Propenoic acid, 2-methyl-, methyl ester, polymer with 1,1-dichloroethene, 2-methyl-2-propenenitrile, and 2-propenoic acid (CAS Reg. No. 98806-17-8).",Unitika Ltd. Asahi Kasei Corporation
2484,"Mar 13, 2026",2026,"Dodecanoic acid, ethenyl ester, polymer with chloroethene and ethenyl acetate (CAS Reg. No. 25155-88-8), and, optionally, less than 1% by weight of glycidyl methacrylate (CAS Reg. No. 106-91-2).",WACKER Chemie AG
2483,"Mar 8, 2026",2026,"1,2-Cyclohexanedicarboxylic acid, calcium salt (1:1), (1R, 2S)-rel- (CAS Reg. No. 491589-22-1).","Zhejiang Sinoview Materials & Technology Co., Ltd."
2482,"Feb 28, 2026",2026,"Copolymer of acrylamide, 2-methacryloxyethyltrimethylammonium chloride, itaconic acid, and N,N'-methylenebis(acrylamide) (CAS Reg. No. 214495-32-6).","Arakawa Chemical Industries, Inc. Nantong Arakawa Chemical Industries, Ltd. Arakawa Chemical (USA) Inc. Taiwan Arakawa Chemical Industries, Ltd. Arakawa Chemical Vietnam Co., Ltd."
2478,"Apr 8, 2026",2026,Pentaerythritol tetra(3-dodecylthiopropionate) (CAS Reg. No. 29598-76-3),Rianlon Corporation
2477,"Feb 13, 2026",2026,Ethylene propylene copolymer (CAS Reg. No. 9010-79-1).,Exxon Mobil Corporation
2476,"Feb 12, 2026",2026,"Aluminum magnesium carbonate hydroxide (quintinite), surface-treated with cis-1,2-cyclohexanedicarboxylic acid.",Kisuma Chemicals BV
2475,"Feb 7, 2026",2026,"A mixture of 1-decene, polymer with sulfur dioxide (CAS Reg. No. 33990-98-6); 1,3-propanediamine, N1-(9Z)-9-octadecen-1-yl-, polymer with 2-(chloromethyl)oxirane (CAS Reg. No. 1010121-89-7); and dodecylbenzenesulfonic acid (CAS Reg. No. 27176-87-0). REPLACES FCN 2001",Innospec Ltd.
2474,"Apr 9, 2026",2026,"1,2,4-Benzenetricarboxylic acid, mixed decyl and octyl triesters (CAS Reg. No. 90218-76-1)",Kao Specialties Americas LLC
2473,"May 7, 2026",2026,"Rice bran wax, oxidized (CAS Reg. No. 1883583-80-9) and its calcium salt (CAS Reg. No. 1850357-57-1)",Clariant Corporation
2468,"Feb 25, 2026",2026,"1,4-bis(2-ethylhexyl) benzenedicarboxylate (CAS Reg. No. 6422-86-2).",Valtris Specialty Chemicals
2466,"Mar 13, 2026",2026,Terpene resin (δ-3-carene) polymers and condensates with phenol (CAS Reg. No. 705265-37-8).,Les Derives Resiniques et Terpeniques
2465,"Jan 1, 2026",2026,Polyisoprene grafted polypropylene and/or poly(propylene-co-ethylene).,"GINPO PACK Co., Ltd."
2464,"Dec 27, 2025",2025,"An aqueous mixture of peroxyacetic acid (PAA) (CAS Reg. No. 79-21-0), hydrogen peroxide (HP) (CAS Reg. No. 7722-84-1), acetic acid (AA) (CAS Reg. No. 64-19-7), and optionally, sulfuric acid (SA) (CAS Reg. No. 7664-93-9).",Hydrite Chemical Co.
2463,"Oct 29, 2025",2025,Trisodium N-hydroxyethylenediaminetriacetate (CAS Reg. No. 139-89-9).,Henkel Corporation
2457,"Oct 10, 2025",2025,"2-Propen-1-aminium, N,N-dimethyl-N-2-propen-1-yl-, chloride (1:1) polymer with N-ethenylformamide, hydrolyzed, hydrochlorides (CAS Reg. No. 2803877-67-8).","SNF SA, SNF Inc."
2456,"Oct 9, 2025",2025,"Poly(oxy-1,2-ethanediyl), α-sulfo-ω-hydroxy-, C12-14-alkyl ethers, sodium salts (CAS Reg. No. 68891-38-3).",KLK Kolb Specialties B.V. KLK Tensachem S.A.
2455,"Jan 11, 2026",2026,"Poly(N-vinylformamide), 20-100 percent hydrolyzed hydrochloride salts. The FCS is specifically known as one of the following: formamide, N-ethenyl-, polymer with ethanamine, hydrochloride (CAS Reg. No. 111616-55-8); or formamide, ethenyl-, homopolymer, hydrolyzed, hydrochlorides (CAS Reg. No. 183815-54-5).",SNF S.A. SNF Inc.
2453,"Oct 2, 2025",2025,"2-Propenoic acid, polymer with sodium phosphinate (1:1), neutralized as sodium salt (CAS Reg. No. 129898-01-7), magnesium sodium salt (CAS Reg. No. 935545-65-6), calcium sodium salt, or calcium magnesium sodium salt. REPLACES FCN 1956",Coatex and Affiliates
2452,"Sep 27, 2025",2025,Ethylene/1-butene copolymer (CAS Reg. No. 25087-34-7).,Versalis S.p.A.
2451,"Jan 8, 2026",2026,"Acrylic copolymers of styrene (CAS Reg. No. 100-42-5), glycidyl methacrylate (CAS Reg. No. 106-91-2), and, optionally, ethyl acrylate (CAS Reg. No. 140-88-5), butyl acrylate (CAS Reg. No. 141-32-2), methyl methacrylate (CAS Reg. No. 80-62-6), methacrylic acid (CAS Reg. No. 79-41-4), acrylic acid (CAS Reg. No. 79-10-7), hydroxyethyl methacrylate (CAS Reg. No. 868-77-9), butyl methacrylate (CAS Reg. No. 97-88-1), and/or lauryl methacrylate (CAS Reg. No. 142-90-5). REPLACES FCNs 2175 and 2226","PPG Industries, Inc."
2450,"Oct 4, 2025",2025,"Poly(oxy-1,2-ethanediyl), α-sulfo-ω-hydroxy-, C12-16-alkyl ethers, sodium salts (CAS Reg. No. 161074-78-8).",Pilot Chemical Co.
2449,"Sep 20, 2025",2025,Boric Acid (CAS Reg. No. 10043-35-3).,Mitsubishi Chemical Corporation
2448,"Jan 4, 2026",2026,Long-chain branched polylactic acid.,TotalEnergies Corbion B.V.
2444,"Aug 19, 2025",2025,n-Octyl phosphonic acid (NOPA)-modified titanium dioxide (produced by chemically reacting NOPA (CAS Reg. No. 4724-48-5) with titanium dioxide to achieve a treatment level of 0.85% by weight of NOPA on the pigment).,"Kronos (US), Inc."
2443,"Aug 15, 2025",2025,"Anthranilamide (CAS name: Benzamide, 2-amino-) (CAS Reg. No. 88-68-6).",REPI (UK) Limited
2441,"Oct 18, 2025",2025,"2-propenoic acid, 2-(dimethylamino)ethyl ester, polymer with 2-propenamide and 2-propenoic acid (CAS Reg. No. 32840-16-7) modified with less than 0.5 wt-% N,N'-methylenebis(2-propenamide) (CAS Reg.No. 110-26-9).","Nalco Water, An Ecolab Company"
2440,"Jul 31, 2025",2025,"5-[[[cis-4-(1,1-Dimethylethyl)cyclohexyl]carbonyl]amino]-N 1 ,N 3 -bis[cis-4-(1-methylethyl)cyclohexyl]-1,3-benzenedicarboxamide (CAS Reg. No. 2649373-38-4).",Milliken Chemical
2438,"Jul 26, 2025",2025,"2,4-Bis[(dodecylthio)methyl]-6-methylphenol (CAS Reg. No. 110675-26-8).",Rianlon Corporation
2436,"Sep 11, 2025",2025,"An aqueous mixture of peroxyacetic acid (PAA) (CAS Reg. No. 79-21-0), hydrogen peroxide (HP) (CAS Reg. No. 7722-84-1), acetic acid (AA) (CAS Reg. No. 64-19-7), and optionally, sulfuric acid (SA) (CAS Reg. No. 7664-93-9).",Hydrite Chemical Co.
2434,"Jun 25, 2025",2025,2-Methyl-4-isothiazolin-3-one (CAS Reg. No. 2682-20-4).,Henkel Corporation
2432,"Aug 27, 2025",2025,"Hexanedioic acid, polymer with azacyclotridecan-2-one and α-hydro-ω-hydroxypoly(oxy-1,2-ethanediyl) (CAS Reg. No. 70290-02-7).","Arkema, Inc."
2431,"Jun 20, 2025",2025,"Benzenesulfonic acid, 2,2'-(1,2-ethenediyl)bis[5-[[4-[bis(2-hydroxyethyl)amino]-6-[(4-sulfophenyl)amino]-1,3,5-triazin-2-yl]amino]-, tetrasodium salt (CAS Reg. No. 16470-24-9).",Bann Química Ltda
2430,"Sep 5, 2025",2025,"Polyurethane resin formulated from bitolylene diisocyanate (CAS Reg. No. 91-97-4); 1,4-butanediol (CAS Reg. No. 110-63-4); poly(carbonic acid-co-hexamethylene glycol) (CAS Reg. No. 25037-68-7); and trimethylolpropane (CAS Reg. No. 77-99-6).",Freudenberg Sealing Technologies GmbH
2428,"May 13, 2025",2025,"5,5-Dimethylhydantoin (DMH) (CAS Reg. No. 77-71-4)",Solenis LLC
2427,"Apr 25, 2025",2025,Polyphenylene sulfide (CAS Reg. No. 26125-40-6 or 25212-74-2). REPLACES FCN 1180,"Toray Industries, Inc. Toray Advanced Materials Korea Inc."
2424,"Jun 18, 2025",2025,Poly((R)-3-hydroxybutyric acid-co-(R)-3-hydroxyvaleric acid) (CAS Reg. No. 92267-82-8).,"Ningbo Tianan Biologic Material Co., Ltd."
2423,"Apr 8, 2025",2025,"Poly(oxy(1,1'-biphenyl)-4,4'-diyloxy-1,4-phenylenesulfonyl-1,4-phenylene) (CAS Reg. No. 25839-81-0 and 25608-64-4).","Sumitomo Chemical Co., Ltd."
2422,"Apr 1, 2025",2025,"2-Propenoic acid, 2-cyano-3-(3,4-dimethoxyphenyl)-, 1,1'-[2,4,8,10-tetraoxaspiro[5.5]undecane-3,9-diylbis(2,2-dimethyl-2,1-ethanediyl)] ester, (2E,2'E)- (CAS Reg. No. 2233585-18-5). REPLACES FCN 2276","Chitec Technology Co., Ltd."
2420,"Mar 15, 2025",2025,Carbon Black (Thermal Carbon Black or Thermal Black) (CAS Reg. No. 1333-86-4).,Cancarb Limited
2419,"May 24, 2025",2025,2-Methyl-4-isothiazolin-3-one (CAS Reg. No. 2682-20-4),"Dalian Bio-Chem Company Ltd. Bester Trading Co., Ltd."
2414,"Feb 19, 2025",2025,Dimethyl dicarbonate (CAS Reg. No. 4525-33-1).,LANXESS Corporation
2413,"Feb 12, 2025",2025,Microfibrillated cellulose pulp (CAS Reg. No.: 65996-61-4). REPLACES FCN 2022,Fiberlean Technologies Limited
2412,"Feb 12, 2025",2025,Microfibrillated cellulose pulp (CAS Reg. No.: 65996-61-4).,Borregaard AS
2411,"Feb 8, 2025",2025,Microfibrillated cellulose pulp (CAS Reg. No. 65996-61-4).,Evergreen Packaging LLC
2410,"Feb 8, 2025",2025,Microfibrillated cellulose pulp (CAS Reg. No. 65996-61-4).,Sappi Biochemtech BV Sappi Papier Holding GmbH
2409,"Feb 8, 2025",2025,Microfibrillated cellulose pulp (CAS Reg. No. 65996-61-4).,Stora Enso Oyj
2408,"Feb 4, 2025",2025,Tricyclodecanedimethanol (CAS Reg. No. 26160-83-8 and 26896-48-0).,Metlac S.p.A. and its stewarded affiliates around the world
2407,"Feb 4, 2025",2025,Fluorphlogopite-based pearlescent pigments.,"NIHON KOKEN KOGYO Co., LTD."
2406,"Apr 8, 2025",2025,"[4-tert-butyl-2-(5-tert-butyl-2-oxo-3H-benzofuran-3-yl)phenyl] 3,5-ditertbutyl-4-hydroxy-benzoate (CAS Reg. No. 1261240-30-5). REPLACES FCNs 1254 and 1433","Chitec Technology Co., Ltd. Double Bond Chemical Ind. Co., Ltd. FDC, Lees Co., Ltd."
2404,"Mar 22, 2025",2025,"Styrene block polymer with 1,3-butadiene, hydrogenated (CAS Reg. No. 66070-58-4).",LCY GRIT Corporation
2403,"Mar 19, 2025",2025,Sodium sulfate salt of ethoxylated (7 moles of ethylene oxide) n- and isoundecyl alcohol (C11) (CAS Reg. No. 219756-63-5).,"KLK Kolb Specialties B.V., KLK Tensachem S.A."
2402,"Jan 7, 2025",2025,Polyethylene terephthalate copolyesters (diethylene glycol-isophthalate modified) prepared by the condensation of terephthalic acid and isophthalic acid with ethylene glycol.,Unitika LTD
2401,"Mar 12, 2025",2025,"Silicate(2-), hexafluoro-, disodium, reaction products with lithium magnesium sodium silicate (Type 1, containing fluorine) (CAS Reg. No. 85085-18-3), lithium magnesium sodium silicate (Type 2, without fluorine) (CAS Reg. No. 53320-86-8).",BYK-Chemie GmbH
2400,"Dec 27, 2024",2024,"2,2,4,4-tetramethylcyclobutane-1,3-diol.",Eastman Chemical Company
2397,"Dec 18, 2024",2024,"Fatty acids, C18-unsat., dimers, polymers with dodecanedioic acid, isophthalic acid, 4,4-methylenebis[2-methylcyclohexanamine], and terephthalic acid (CAS Reg. No. 2014364-77-1).",EMS-CHEMIE AG
2396,"Dec 13, 2024",2024,"Crosslinked 2-propenoic acid, homopolymer, sodium salt (CAS Reg. No. 9003-04-7).",Formosa Plastics Corporation
2395,"Feb 25, 2025",2025,Chlorine dioxide (CAS Reg. No. 10049-04-4).,Energis Solutions
2392,"Nov 2, 2024",2024,Zinc-silicate-sodium-calcium-potassium-borate glass.,"LG Electronics, Inc."
2391,"Jan 28, 2025",2025,"Fatty acids, C 16-18 , [9-(acetyloxy)-3,8,10-triethyl-7,8,10-trimethyl-1,5-dioxa-9-azaspiro[5.5]undec-3-yl]methyl esters (CAS Reg. No. 1422729-07-4).",BASF
2387,"Oct 22, 2024",2024,"Octadecyl 3,5-di-tert-butyl-4-hydroxyhydrocinnamate (CAS Reg. No. 2082-79-3).","Songwon International-Americas, Inc."
2386,"Oct 22, 2024",2024,"Phosphorous acid, cyclic neopentanetetrayl bis(2,4-di-tert-butylphenyl) ester (CAS Reg. No. 26741-53-7).",Rianlon Corporation
2384,"Dec 13, 2024",2024,Polylactide (Polylactic acid; PLA) optionally containing up to 16 weight percent D-lactic acid polymer units (CAS Reg. No. 9051-89-2).,Ingenia Polymers Corporation
2383,"Oct 5, 2024",2024,"Poly(ethylene 2,5-furandicarboxylate) (CAS Reg. No. 28728-19-0).",Avantium Renewable Polymers B.V. Avantium RNP Flagship Plant B.V.
2380,"Sep 28, 2024",2024,Carbon monoxide-ethylene-propylene terpolymer (CAS Reg. No. 88995-51-1) REPLACES FCN 1847,Hyosung Chemical Corporation
2379,"Sep 28, 2024",2024,"1,2-Benzisothiazolin-3-one (CAS Reg. No. 2634-33-5)","Cotek Specialities (Taicang) Co., Ltd."
2378,"Sep 25, 2024",2024,"Lauric acid, monoester with oxybis(propanediol) (CAS Reg. No. 96499-68-2)",Palsgaard A/S
2377,"Sep 18, 2024",2024,"Fatty acids, soya, epoxidized, 2-ethylhexyl esters (CAS Reg. No. 68082-34-8)",Valtris Specialty Chemicals
2372,"Nov 19, 2024",2024,Poly((R)-3-hydroxybutyric acid-co-(R)-3-hydroxyhexanoic acid) (CAS Reg. No. 198007-37-3).,"Bluepha Co., Ltd."
2371,"Aug 22, 2024",2024,"Magnesium and zinc complexes with 10-40% hydroxy(sulfinato)acetate (CAS Reg. No. 743407-32-1), 20-60% hydroxy(sulfonato)acetate (CAS Reg. No. 5980-14-3), and 5-30% glyoxylate (CAS Reg. No. 298-12-4).","Brüggemann Chemical US, Inc."
2370,"Aug 13, 2024",2024,Polyglycolic Acid (CAS Reg. No. 26124-68-5).,"CHN Energy Yulin Chemical Co., Ltd."
2369,"Sep 25, 2024",2024,"4-Cyclohexene-1,2-dicarboxylic acid, calcium salt (1:1) (CAS Reg. No. 57545-78-5)","GCH Technology Co., Ltd."
2368,"Jul 30, 2024",2024,"Butanoic acid, 3-hydroxy-, (3R)-, polymer with 4-hydroxybutanoic acid (CAS Reg. No. 125495-90-1) and butanoic acid, 3- hydroxy-, (3R)-, homopolymer (CAS Reg. No. 29435-48-1).","Beijing PhaBuilder Biotechnology Co., Ltd."
2367,"Jul 3, 2024",2024,An aqueous solution of hydrogen peroxide (CAS Reg. No. 7722-84-1).,Safe Foods Chemical Innovations and LPR Technologies
2363,"Jun 11, 2024",2024,"1,2-Cyclohexanedicarboxylic acid, calcium salt (1:1), (1R, 2S)-rel- (CAS Reg. No. 491589-22-1).","Beijing Jihaichuan S&D Co., Ltd."
2362,"Jun 7, 2024",2024,"A mixture of alcohols, C 12 -C 16 , with a degree of ethoxylation between 2.5 - < 40 moles ethylene oxide.",Tronox Holdings plc
2360,"Jun 5, 2024",2024,"1H-Azepine-1-carboxamide,N,N',N''-[(2,4,6-trioxo-1,3,5-triazine-1,3,5(2H,4H,6H)-triyl)tris[methylene(3,5,5-trimethyl-3,1-cyclohexanediyl)]]tris[hexahydro-2-oxo- (CAS Reg. No. 68975-83-7).","Wanhua Chemical Group Co., Ltd."
2359,"May 31, 2024",2024,"2,5-Furandione, dihydro-, mono-C 15-20 -alkenyl derivs. (CAS Reg. No. 68784-12-3).",Omya International AG and its affiliates
2357,"Aug 1, 2024",2024,"L-Aspartic acid, N-benzoyl-, sodium salt (1:2) (CAS Reg. No. 2092399-70-5).",ADEKA Corporation
2356,"May 28, 2024",2024,"A copolymer of methyltrimethoxysilane (CAS Reg. No. 1185-55-3), trimethoxyphenylsilane (CAS Reg. No. 2996-92-1), and silica (CAS Reg. No. 7631-86-9).","PPG Industries, Inc."
2355,"Aug 29, 2024",2024,"Siloxanes and silicones, di-Me, 3-aminopropyl group-terminated, polymers with 1,1'-methylenebis[4-isocyanatocyclohexane] (CAS Reg. No. 167883-16-1).",Wacker Chemie AG
2354,"May 25, 2024",2024,"2-Propenoic acid, 2-methyl-, 2-(dimethylamino)ethyl ester, polymers with 2-(C 16-18 -acylamino)ethyl acrylate and 4-hydroxybutyl acrylate, acetate (salts) (CAS Reg. No. 2374117-56-1). REPLACES FCN 2191","Daikin America, Inc."
2353,"Jul 25, 2024",2024,Ethylene-vinyl acetate-vinyl alcohol (EVOH) copolymers (CAS Reg. No. 26221-27-2).,"Chang Chun Petrochemical Co., Ltd."
2352,"Feb 14, 2024",2024,"An aqueous mixture of peroxyacetic acid (PAA) (CAS Reg. No. 79-21-0), hydrogen peroxide (HP) (CAS Reg. No. 7722-84-1), sodium acetate (CAS Reg. No. 127-09-3), and glycerol (CAS Reg. No. 56-81-5).",Clean Chemistry Inc.
2350,"May 8, 2024",2024,"Methacrylic acid, polymer with N-(butoxymethyl)acrylamide, ethyl acrylate, styrene, and vinylphosphonic acid.","PPG Industries, Inc."
2349,"Jun 5, 2024",2024,"Tris(2,4-di-tert-butylphenyl)phosphite (CAS Reg. No. 31570-04-4).",Rianlon Corporation
2346,"Jun 13, 2024",2024,Diyttrium dioxide sulfide (CAS Reg. No.: 12340-04-4) doped with lanthanide ions.,Polysecure GmbH
2344,"Jun 15, 2024",2024,"[1,1'-Biphenyl]-4,4'-diol, reaction products with 4-cyclohexylphenol and 2,4,6-trichloro-1,3,5- triazine (CAS Reg. No. 2561414-35-3).",ADEKA Corporation
2343,"Jun 22, 2024",2024,Boron nitride (CAS Reg. No. 10043-11-5). REPLACES FCN 289,"Saint-Gobain Ceramics & Plastics, Inc."
2342,"Apr 6, 2024",2024,"1,3,5-trioxane, polymer with 1,3-dioxolane (CAS Reg. No. 24969-26-4).",Asahi Kasei Corporation
2340,"May 22, 2024",2024,"Octadecyl 3,5-di-tert-butyl-4-hydroxyhydrocinnamate (CAS Reg. No. 2082-79-3).",Rianlon Corporation
2338,"Jun 1, 2024",2024,"Amines, bis(hydrogenated palm-oil alkyl)hydroxy (CAS Reg. No. 1374859-51-4). REPLACES FCN 1663","Chitec Technology Co., Ltd."
2337,"Jul 13, 2024",2024,"Acetic acid ethenyl ester, polymer with 2,5-furandione, hydrolyzed, sodium salts (CAS Reg. No. 1428741-30-3).","Kuraray Co., Ltd. Kuraray America, Inc. Kuraray Europe GmbH Kuraray Asia Pacific Pte. Ltd."
2335,"Mar 5, 2024",2024,Triisotridecyl phosphite (CAS Reg. No. 77745-66-5).,Galata Chemicals
2333,"Feb 17, 2024",2024,"Quino[2,3-b]acridine-7,14-dione, 5,12-dihydro- (C.I. Pigment Violet 19; CAS Reg. No. 1047-16-1).",Sun Chemical Corporation
2332,"Feb 9, 2024",2024,Poly(2-ethyl-2-oxazoline) (CAS Reg. No. 25805-17-8).,3M Purification Inc. 3M Healthcare US Opco LLC
2331,"Jan 30, 2024",2024,Polyglycolic acid (CAS Reg. No. 26124-68-5).,"PJIM Polymer Scientific Co., Ltd."
2330,"Jan 26, 2024",2024,"Butanoic acid, 3-hydroxy-, (3R)-, polymer with 4-hydroxybutanoic acid (CAS Reg. No. 125495-90-1), containing up to 10 weight percent 4-hydroxybutanoic acid.",CJ CheilJedang Corporation
2329,"Mar 30, 2024",2024,"Octadecene, reaction products with hexadecene, hydrogenated (CAS Reg. No. 2241366-04-9).","Novvi, LLC"
2328,"Mar 15, 2024",2024,"Tris(4,7-diphenyl-1,10-phenanthroline)ruthenium(II) dichloride (CAS Reg. No. 36309-88-3).",Senoptica Technologies Ltd.
2327,"Jan 10, 2024",2024,"2,5-Furandione, polymer with 1-propene (CAS Reg. No. 25722-45-6). REPLACES FCN 631","Mitsui Chemicals, Incorporated"
2326,"Mar 1, 2024",2024,"Phosphorous acid, mixed 2,4-bis(1,1-dimethylpropyl)phenyl and 4-(1,1-dimethylpropyl)phenyl triesters (CAS Reg. No. 939402-02-5).",SI Group
2325,"Feb 29, 2024",2024,Subtilisin from Alkalihalobacillus clausii produced by a genetically modified strain of Bacillus licheniformis .,Carbios S.A. and its affiliates
2322,"Feb 15, 2024",2024,"An aqueous solution of peroxyacetic acid (CAS Reg. No. 79-21-0), hydrogen peroxide (CAS Reg. No. 7722-84-1), acetic acid (CAS Reg. No. 64-19-7), sulfuric acid (CAS Reg. No. 7664-93-9), and 1-hydroxyethylidene-1,1-diphosphonic acid (HEDP, CAS Reg. No. 2809-21-4). REPLACES FCN 2100",Agri-Neo Inc.
2321,"Dec 2, 2023",2023,"1,2-Cyclohexanedicarboxylic acid, calcium salt (1:1), (1R, 2S)-rel- (CAS Reg. No. 491589-22-1).",GCH Technology Co. Ltd.
2316,"Nov 23, 2023",2023,Hypochlorous Acid (CAS Reg. No. 7790-92-3). REPLACES FCN 2186,"Clarentis Technologies, LLC"
2315,"Nov 18, 2023",2023,Ethylene/1-butene copolymer (CAS Reg. No. 25087-34-7).,"Formosa Plastics Corporation, USA"
2313,"Nov 2, 2023",2023,"2,5-Dihydro-3,6-bis(4-methylphenyl)pyrrolo[3,4-c]pyrrole-1,4-dione (CAS Reg. No. 84632-66-6).",Sun Chemical Corporation
2312,"Oct 24, 2023",2023,Polylactide (Polylactic acid; PLA) optionally containing up to 4 weight percent D-lactic acid polymer units (CAS Reg. No. 9051-89-2).,Pliith Biomaterials Co. Ltd.
2311,"Oct 12, 2023",2023,Polypropylene homopolymer (CAS Reg. No. 9003-07-0).,"Hunan Liwei New Material Co., Ltd. Huizhou Leaptop Advanced Materials Co., Ltd."
2308,"Nov 3, 2023",2023,"Industrial starch modified by treatment with greater than 5 percent and not more than 21 percent 2,3-epoxypropyltrimethylammonium chloride (CAS Reg. No. 56780-58-6).",Chemigate Oy
2307,"Nov 29, 2023",2023,Polyphenylene sulfide (CAS Reg. No. 26125-40-6 or 25212-74-2).,"Zhejiang NHU Special Materials Co., Ltd."
2302,"Sep 16, 2023",2023,Calcium hydride (CAS Reg. No. 7789-78-8) used in conjunction with platinum oxide (CAS Reg. No. 1314-15-4) or zeolite encapsulated platinum (CAS Reg. Nos. 63231-69-6 and 20634-12-2),Avient Corporation and its stewarded global affiliates
2299,"Nov 15, 2023",2023,"Ethanaminium, N,N,N-trimethyl-2-[(1-oxo-2-propen-1-yl)oxy]-, chloride (1:1), polymer with 2-propenamide (CAS Reg. No. 69418-26-4).","SNF SA, SNF Inc."
2298,"Sep 1, 2023",2023,"1,4-Benzenedicarboxylic acid, polymer with 1,2-ethanediol and β,β,β,β-tetramethyl-2,4,8,10-tetraoxaspiro[5.5]undecane-3,9-diethanol (CAS Reg. No. 102070-64-4). REPLACES FCN 2254",Perstorp AB
2297,"Aug 30, 2023",2023,Hypochlorous acid (CAS Reg. No. 7790-92-3). REPLACES FCN 2161,"Ecolab, Inc."
2296,"Aug 30, 2023",2023,"Ethene, polymer with 2-propenenitrile and ethenylbenzene (CAS Reg. No. 106826-13-5), and methacrylic acid-2-[(tert-butylperoxycarbonyl)oxy]ethyl ester (CAS Reg. No. 41892-41-5), graft; also known as Ethene, polymer with 2-propenenitrile, ethenylbenzene, and methacrylic acid-2- [(tertbutylperoxycarbonyl)oxy]ethyl ester, graft (CAS Reg. No. 118497-28-2).",NOF Corporation
2295,"Oct 26, 2023",2023,"Copolymer of ethylene glycol dimethacrylate, butyl methacrylate, and glycidyl methacrylate (CAS Reg. No. 133396-60-8).","Alcresta Therapeutics, Inc."
2293,"Aug 1, 2023",2023,"2-Propenoic acid, 2-methyl-, methyl ester, polymer with 1,1-dichloroethene, 2-hydroxyethyl 2-propenoate, methyl 2-propenoate, and 2-propenenitrile (CAS Reg. No. 794518-17-5).",Unitika Ltd. Asahi Kasei Corporation
2292,"Aug 1, 2023",2023,"Triphenyl phosphite, polymer with 1,4-cyclohexanedimethanol and polypropylene glycol,C10-16 alkyl esters (CAS Reg. No. 1821217-71-3). REPLACES FCN 1998",Dover Chemical Corporation
2291,"Jul 25, 2023",2023,"An aqueous mixture of peroxyacetic acid (PAA) (CAS Reg No. 79-21-0), hydrogen peroxide (HP) (CAS Reg. No. 7722-84-1), acetic acid (AA) (CAS Reg. No. 64-19-7), 1-hydroxyethylidene-1,1-diphosphonic acid (HEDP) (CAS Reg. No.2809-21-4), and optionally sulfuric acid (SA) (CAS Reg. No. 7664-93-9). REPLACES FCNs 887, 1132, 1738, and 1806","Enviro Tech Chemical Services, Inc."
2290,"Jul 22, 2023",2023,"1,2-Bis(3,5-di-tert-butyl-4-hydroxyhydrocinnamoyl)hydrazine (CAS Reg. No. 32687-78-8)",Rianlon Corporation
2289,"Jul 1, 2023",2023,Glycidyl methacrylate (CAS Reg. No. 106-91-2),"PPG Industries, Inc."
2288,"Jun 22, 2023",2023,"Hexanedioic acid, polymer with hexahydro-2H-azepin-2-one and 1,6-hexanediamine (CAS Reg. No. 24993-04-2).","UBE Corporation UBE Corporation Europe, S.A.U. UBE Chemicals (ASIA) Public Company Limited"
2287,"Aug 4, 2023",2023,Ethylene propylene copolymer (CAS Reg. No. 9010-79-1),Exxon Mobil Corporation
2285,"Jul 27, 2023",2023,"2,5-Furandione, dihydro-, mono-C15-20-alkenyl derivs. (CAS Reg. No. 68784-12-3).",Omya International AG and its affiliates
2283,"May 23, 2023",2023,"2,5-dihydropyrrolo[3,4-c]pyrrole-1,4-dione, 3,6-bis[3-chloro-5-(octadecylthio)phenyl) and 4-chloro-phenyl] derivatives (CAS Reg. No. 2142611-43-4).","CINIC Chemicals America, LLC"
2282,"May 20, 2023",2023,Pyrophyllite (CAS Reg. No. 12269-78-2).,Trinity Resources Ltd. Trinity Performance Minerals
2281,"May 3, 2023",2023,"Butanoic acid, 3-hydroxy-, (3R)-, polymer with 4-hydroxybutanoic acid (CAS Reg. No. 125495-90-1), containing from 25 to 35 weight percent 4-hydroxybutanoic acid.",CJ CheilJedang Corporation
2280,"Jun 28, 2023",2023,"Bis(2,4,4-trimethylpentyl)phosphinic acid-modified titanium dioxide (produced by chemically reacting bis(2,4,4-trimethylpentyl)phosphinic acid (bis) with titanium dioxide to achieve a treatment level of up to 0.6% bis by weight of the pigment).",Tronox Holdings plc
2279,"Jun 17, 2023",2023,n-Octyl phosphonic acid (NOPA)-modified titanium dioxide (produced by chemically reacting NOPA (CAS Reg. No.4724-48-5) with titanium dioxide to achieve a treatment level of 0.85% by weight of NOPA on the pigment),Cinkarna Celje
2278,"Apr 13, 2023",2023,"2-Methyl-4,6-bis[(octylthio)methyl]phenol (CAS Reg. No. 110553-27-0).",BASF
2277,"Apr 13, 2023",2023,"Benzenesulfonic acid, 2,2'-(1,2-ethenediyl)bis(5-((4-(bis(2-hydroxyethyl)amino)-6-((4-sulfophenyl)amino)-1,3,5-triazin-2-yl)amino)-, tetrasodium salt (CAS Reg. No. 16470-24-9).","Hebei Sanchuan Chemical Co., Ltd."
2276,,,REPLACED BY FCN 2422,
2274,"Apr 7, 2023",2023,"An aqueous mixture of peroxyacetic acid (PAA) (CAS Reg. No. 79-21-0), hydrogen peroxide (HP) (CAS Reg. No. 7722-84-1), acetic acid (CAS Reg. No. 64-19-7), optionally, sulfuric acid (CAS Reg. No. 7664-93-9), and optionally, 1-hydroxyethylidene-1,1-diphosphonic acid (HEDP) (CAS Reg. No. 2809-21-4) and/or optionally dipicolinic acid (DPA) (CAS Reg. No. 499-83-2). REPLACES FCNS 1872, 1897, and 2070",Hydrite Chemical Co.
2272,"Mar 3, 2023",2023,Poly[(butylenesuccinate)-co-adipate] cross-linked with malic acid. REPLACES FCN 1818,PTT MCC Biochem Company Limited
2271,"Mar 2, 2023",2023,"Poly(1,4-butylene glycol-co-succinic acid), cross-linked with malic acid. REPLACES FCN 1817",PTT MCC Biochem Company Limited
2270,"May 13, 2023",2023,"2-[4,6-bis(2,4-dimethylphenyl)-1,3,5-triazin-2-yl]-5-(octyloxy)phenol (CAS Reg. No. 2725-22-6).",Rianlon Corporation
2268,"Feb 14, 2023",2023,"Copolymer of 2-propenoic acid, 2-hydroxyethyl ester 1,1-dichloroethene, methyl 2-propenoate, and 2-propenenitrile (CAS Reg. No. 245118-21-2).",Unitika Ltd. Asahi Kasei Corporation
2267,"Feb 10, 2023",2023,"2-Propenoic acid, polymer with 2,5-furandione, sodium salt (CAS Reg. No. 52255-49-9).",Omya International AG and its Affiliates
2266,"Feb 8, 2023",2023,"An aqueous mixture of peroxyacetic acid (PAA) (CAS Reg. No. 79-21-0), hydrogen peroxide (HP) (CAS Reg. No. 7722-84-1), acetic acid (CAS Reg. No. 64-19-7), 1-hydroxyethylidine-1,1-diphosphonic acid (HEDP) (CAS Reg. No. 2809-21-4) and/or dipicolinic acid (DPA) (CAS Reg. No. 499-83-2), and optionally sulfuric acid (CAS Reg. No. 7664-93-9). REPLACES FCNs 2011 and 1986",Safe Foods Chemical Innovations and LPR Technologies
2265,"Apr 20, 2023",2023,"Polyurethane resin produced by reacting 2,4-toluene diisocyanate (TDI; CAS Reg. No. 584-84-9) with polyoxyethylene-polyoxypropylene glyceryl ether (CAS Reg. No. 9082-00-2).",FabriRes - Produtos Quimicos S.A.
2264,"Mar 31, 2023",2023,"Tricyclodecanedimethanol (TCDM, CAS Reg. Nos. 26896-48-0 and 26160-83-8).",Allnex Austria GmbH and its stewarded affiliates around the world
2263,"Mar 22, 2023",2023,Polylactide (Polylactic acid; PLA) optionally containing up to 15 weight percent D-lactic acid polymer units (CAS Reg. No. 9051-89-2).,"Anhui BBCA Biochemical & Futerro PLA CO., LTD."
2262,"Jan 25, 2023",2023,Hypochlorous acid (CAS Reg. No. 7790-92-3).,Seriously Clean Ltd.
2261,"Jan 18, 2023",2023,Aluminum oxide (CAS Reg. No. 1344-28-1).,Susonity LLC
2259,"Dec 21, 2022",2022,"Oxirane, 2-methyl-, polymer with oxirane, ether with 1,2,3-propanetriol (3:1), polymer with 1,3-diisocyanato-2-methylbenzene and 2,4-diisocyanato-1-methylbenzene (CAS Reg. No. 68227-13-4).",Diam Bouchage SAS
2258,"Feb 17, 2023",2023,"Copolyesters of terephthalic acid with ethylene glycol, neopentyl glycol, 1,4-cyclohexanedimethanol, and diethylene glycol (CAS Reg. No. 208755-39-9).",Eastman Chemical Company
2255,"Feb 9, 2023",2023,"Copolymer of 1,3-benzenedicarboxylic acid, azacyclotridecan-2-one, 1,4-benzenedicarboxylic acid, dodecanedioic acid, and 4,4'-methylenebis[2-methylcyclohexanamine] (CAS Reg. No. 2080394-29-0).","EMS-CHEMIE AG, Business Unit EMS-GRIVORY Europe"
2254,,,REPLACED BY FCN 2298,
2253,"Jan 29, 2023",2023,"Ethanaminium, N,N,N- trimethyl-2-[(1-oxo-2-propen-1-yl)oxy]-, chloride (1:1), polymer with 2-propenamide (CAS Reg. No. 69418-26-4) modified with up to 2.0 % by weight of propenoic acid (CAS Reg. No. 79-10-7).","Nalco Water, An Ecolab Company"
2252,"Nov 26, 2022",2022,Titanium nitride (CAS Reg. No. 25583-20-4). REPLACES FCN 818,Avient Corporation and its stewarded global affiliates
2251,"Jan 24, 2023",2023,Ethylene/octene copolymers containing up to 30 weight percent polymer units derived from 1-octene (CAS Reg. No. 26221-73-8).,NOVA Chemicals Corporation
2249,"Nov 24, 2022",2022,"Industrial starch modified by treatment with greater than 5 percent and not more than 21 percent 2,3-epoxypropyltrimethylammonium chloride (CAS Reg. No. 56780-58-6).","Guangxi State Farms Mingyang Starch Development Co., Ltd."
2248,"Jan 19, 2023",2023,"Naphthalenesulfonic acid, C8-C10, C9-rich alkylderivatives, calcium salts, primarily calcium bis(di C8-C10, branched, C9 rich, alkylnaphthalenesulphonate) (CAS Reg. No. 1474044-79-5).","King Industries, Inc."
2247,"Jan 25, 2023",2023,"2-Propenoic acid, 2-methyl-, 1,1-(1,2-ethanediyl) ester, polymer with phenylmethyl 2-methyl-2-propenoate (CAS Reg. No. 126969-53-7).","Amano Enzyme U.S.A. Co., Ltd."
2246,"Oct 27, 2022",2022,"Quino[2,3-b]acridine-7,14-dione, 5,12-dihydro-2,9-dimethyl-, also known as 2,9-dimethylquinacridone and C.I. Pigment Red 122 (CAS Reg. No. 980-26-7).",Shandong Huabao Pigment Co. Ltd.
2245,"Dec 9, 2022",2022,A hydrogen peroxide solution (CAS Reg. No. 7722-84-1).,"Perfect Day, Inc."
2244,"Oct 7, 2022",2022,"Oleic acid, mono ester with oxybis(propanediol) (CAS Reg. No. 49553-76-6).",Palsgaard A/S
2243,"Oct 4, 2022",2022,Pentaerythritol (CAS Reg. No. 115-77-5). REPLACES FCN 2069,Kaneka North America
2242,"Sep 28, 2022",2022,"An aqueous mixture of peroxycitric acid (PCA) (CAS Reg. No. 127542-89-6), hydrogen peroxide (HP) (CAS Reg. No. 7722-84-1), citric acid (CAS Reg. No. 77-92-9), lactic acid (CAS Reg. No. 50-21-5), acetic acid (CAS Reg. No. 64-19-7), 1-hydroxyethylidene-1,1-diphosphonic acid (HEDP) (CAS Reg. No. 2809-21-4), and optionally sulfuric acid (CAS Reg. No. 7664-93-9).","Evonik Active Oxygens, LLC"
2241,"Nov 23, 2022",2022,"Rice bran wax, oxidized (CAS Reg. No. 1883583-80-9) and its calcium salt (CAS Reg. No. 1850357-57-1) or sodium salt (CAS Reg. No. 2759532-87-9).",Clariant Corporation
2238,"Sep 16, 2022",2022,"A copolyester made from dimethyl terephthalate (DMT), ethylene glycol (EG), and 2,2,4,4-tetramethyl-1,3-cyclobutanediol (TMCD) (CAS Reg. No. 185625-67-6). REPLACES FCN 1878",Eastman Chemical Company
2236,"Nov 16, 2022",2022,"An aqueous mixture of peroxyacetic acid (CAS Reg. No. 79-21-0), hydrogen peroxide (CAS Reg. No. 7722-84-1), acetic acid (CAS Reg. No. 64-19-7), 1-hydroxyethylidene-1,1-diphosphonic acid (HEDP) (CAS Reg. No. 2809-21-4), and optionally, octanoic acid (CAS Reg. No. 124-07-2) and peroxyoctanoic acid (CAS Reg. No. 33734-57-5).",LPR Technologies & Safe Foods Corporation
2235,"Sep 3, 2022",2022,Glass-based pearlescent pigments.,Susonity LLC
2233,"Aug 26, 2022",2022,"2(3H)-Benzofuranone, 5,7-bis(1,1-dimethylethyl)-3-[3,5-dimethyl-4-[[2,4,8,10-tetrakis(1,1-dimethylethyl)-12-methyl-12H-dibenzo[d,g][1,3,2]dioxaphosphocin-6-yl]oxy]phenyl]- (CAS Reg. No. 1803088-15-4).",BASF Corporation
2231,"Aug 19, 2022",2022,"Dipentaerythritol, hexaesters with 3,5,5-trimethylhexanoic, decanoic, heptanoic, and octanoic acids (CAS Reg. No. 2640167-40-2).",Nyco
2230,"Jul 29, 2022",2022,Pentaerythritol (CAS Reg. No. 115-77-5). REPLACES FCN 2116,Danimer Holding LLC
2228,"Jul 14, 2022",2022,"Cross-linked 2-propenoic acid, homopolymer, sodium salt (CAS Reg. No. 9003-04-7).",Novipax
2224,"Jun 28, 2022",2022,"An aqueous mixture containing peroxyacetic acid (CAS Reg. No. 79-21-0), hydrogen peroxide (CAS Reg. No. 7722-84-1), acetic acid (CAS Reg. No. 64-19-7), 1-hydroxyethylidene-1,1-diphosphonic acid (CAS Reg. No. 2809-21-4), and, optionally, sulfuric acid (CAS Reg. No. 7664-93-9).",AFCO
2223,"Jun 23, 2022",2022,"A reactive mixture of ethylene acrylic acid copolymer (EAA; CAS Reg. No. 9010-77-9) and N,N,N',N'-tetrakis(2-hydroxypropyl)adipamide (HAA; CAS Reg. No. 57843-53-5).",Akzo Nobel Coatings Inc.
2222,"Jun 11, 2022",2022,"Lignosulfonic acid, sodium salt (CAS Reg. No. 8061-51-6).",CHEP USA
2221,"Jun 8, 2022",2022,"Styrene block polymer with 1,3-butadiene, hydrogenated (CAS Reg. No. 66070-58-4), as further described in your submission.","Kuraray GC Advanced Materials Co., Ltd. Kuraray Co., Ltd. Kuraray America, Inc. Kuraray Europe GmbH"
2220,"Jun 7, 2022",2022,"Copolymer of styrene (CAS Reg. No. 100-42-5), α-methylstyrene (CAS Reg. No. 98-83-9), methacrylic acid (CAS Reg. No. 79-41-4), n-butyl acrylate (CAS Reg. No. 141-32-2), methyl methacrylate (CAS Reg. No. 80-62-6), and, optionally, acrylic acid (CAS Reg. No. 79-10-7) and/or α-methylstyrene dimer (CAS Reg. No. 6362-80-7).","Harima Chemicals, Inc., Plasmine Technology, Inc."
2219,"May 25, 2022",2022,"β3,β3,β9,β9-Tetramethyl-2,4,8,10-tetraoxaspiro[5.5]undecane-3,9-diethanol (CAS Reg. No. 1455-42-1).",The Sherwin-Williams Company
2217,"Jul 6, 2022",2022,Poly-1-butene homopolymer (CAS Reg. No. 9003-28-5).,LyondellBasell Industries
2216,"Jul 5, 2022",2022,Ethylene/1-butene copolymer (CAS Reg. No. 25087-34-7).,The Dow Chemical Company
2214,"Jun 24, 2022",2022,"Hydrogenated castor oil monoglycerides, acetylated (CAS Reg. No. 736150-63-3). REPLACES FCN 2047",International N&H Denmark ApS
2213,"Jun 24, 2022",2022,"Oleic acid, mono ester with oxybis(propanediol) (CAS Reg. No. 49553-76-6). REPLACES FCN 2037",International N&H Denmark ApS
2212,"Apr 26, 2022",2022,Tin antimony gray cassiterite (CAS Reg. No. 68187-54-2 and CAS Reg. No. 12673-86-8).,Susonity LLC
2211,"Apr 8, 2022",2022,Calcium tert -butylphosphonate (CAS Reg. No. 81607-35-4).,"Milliken Chemical, Division of Milliken & Co."
2210,"Apr 6, 2022",2022,"An aqueous mixture of peroxyacetic acid (PAA) (CAS Reg. No. 79-21-0), hydrogen peroxide (HP) (CAS Reg. No. 7722-84-1), acetic acid (CAS Reg. No. 64-19-7), 1-hydroxyethylidine-1,1-diphosphonic acid (HEDP) (CAS Reg. No. 2809-21-4), and/or dipicolinic acid (DPA) (CAS Reg. No. 499-83-2), and optionally sulfuric acid (CAS Reg. No. 7664-93-9).",Hydrite Chemical Co.
2209,"Mar 24, 2022",2022,"Butanedioic acid, hydroxy-, polymer with butanedioic acid, 1,4-butanediol and 2-ethyl-2-(hydroxymethyl)-1,3-propanediol (CAS Reg. No. 864132-20-7), optionally reacted with 1,6-diisocyanatohexane (CAS Reg. No. 822-06-0).","Chang Chun Plastics Company, Ltd."
2207,"Mar 17, 2022",2022,"1-Decene, homopolymer, hydrogenated (CAS Reg. No. 68037-01-4).",BYK-Chemie GmbH
2206,"Mar 12, 2022",2022,Chromium iron oxide (C.I. Pigment Brown 29; CAS Reg. No. 109414-04-2 and CAS Reg. No. 12737-27-8).,The Shepherd Color Company
2205,"May 20, 2022",2022,"Naphtha (petroleum), light steam-cracked aromatic, piperylene concentrate, polymerized (CAS Reg. No. 68478-07-9).",ExxonMobil Product Solutions Company
2204,"May 12, 2022",2022,"Phosphorous acid, cyclic neopentanetetrayl bis(2,6-di-tert-butyl-4-methylphenyl) ester (CAS Reg. No. 80693-00-1).",ADEKA Corporation
2201,"Mar 2, 2022",2022,Glycidyl methacrylate (CAS Reg. No. 106-91-2).,Akzo Nobel Coatings Inc.
2200,"Feb 25, 2022",2022,Ethylene propylene copolymer (CAS Reg. No. 9010-79-1).,ExxonMobil Product Solutions Company
2199,"Feb 25, 2022",2022,Ethylene propylene copolymer (CAS Reg. No. 9010-79-1).,ExxonMobil Product Solutions Company
2198,"Apr 28, 2022",2022,Hypochlorous acid (CAS Reg. No. 7790-92-3).,"Bioionix, Inc."
2197,"Feb 19, 2022",2022,"N,N'-dioleoylethylenediamine (CAS. Reg. No. 110-31-6).",SK Functional Polymer S.A.S.
2195,"Apr 9, 2022",2022,Amorphous silicon dioxide coating (SiO x C y H z ) made using plasma-enhanced chemical vapor-deposition of hexamethyldisiloxane.,"Comotomo, Inc."
2194,"Apr 6, 2022",2022,"1-Propanesulfonic acid, 2-methyl-2-[(1-oxo-2-propen-1-yl)amino]-, sodium salt (1:1), polymer with 2-propenamide, reaction products with glyoxal (CAS Reg. No. 2614959-08-7).",SNF SA SNF Inc.
2191,,,REPLACED BY FCN 2354,
2188,"Apr 5, 2022",2022,Hypochlorous acid (CAS Reg. No. 7790-92-3).,Clarentis Technologies LLC
2187,"Jan 22, 2022",2022,"1,2-Bis(3,5-di-tert-butyl-4-hydroxyhydrocinnamoyl)hydrazine (CAS Reg. No. 32687-78-8).","Songwon Industrial Co., Ltd."
2186,,,REPLACED BY FCN 2316,
2184,"Mar 15, 2022",2022,"Siloxane and Silicones, di-Me, Me hydrogen polymers with di-Me, Me vinyl siloxanes, 1,1’-(1-methylethylidene)bis[4-(2-propen-1-yloxy)benzene]-2,4,6,8-tetramethylcyclotetrasiloxane reaction products, vinyl group-terminated di-Me siloxanes and hydrogen-terminated di-Me siloxanes.","Shin-Etsu Chemical Co., Ltd."
2183,"Mar 10, 2022",2022,Bis(4-tert-butylbenzoate-O)hydroxyl aluminum (CAS. Reg. No. 13170-05-3).,"Shandong Rainwell New Materials Technology Company, Ltd."
2181,"Mar 23, 2022",2022,"1,3-Benzenedicarboxylic acid, polymer with 1,3-benzenedimethanamine and hexanedioic acid (CAS Reg. No. 28628-75-3).","Mitsubishi Gas Chemical Co., Inc."
2180,"Dec 18, 2021",2021,"Methacrylic acid, polymer with cyclohexyl methacrylate, 2-ethylhexyl acrylate, itaconic acid, acrylamide tert-butylsulfonic acid, acrylamide, and acrylic acid, sodium salt.",SEIKO PMC Corporation
2178,"Oct 13, 2021",2021,"1,4-Benzenedicarboxylic acid, polymer with 1,2-ethanediol and octahydro-4,7-methano-1H-indene5,?-dimethanol (CAS Reg. No. 106127-84-8), optionally cross-linked with ≤0.15 wt.-% glycerin.","Chang Chun Plastics Co., Ltd."
2176,"Dec 7, 2021",2021,"Phenol, 4,4’-sulfonylbis-, polymer with 1,1’-sulfonylbis(4-chlorobenzene) (CAS Reg. No. 25667-42-9 and 25608-63-3).","Sumitomo Chemical Co., Ltd."
2174,"Nov 30, 2021",2021,"Cross-linked 2-propenoic acid, homopolymer, sodium salt (CAS Reg. No. 9003-04-7).",Pactiv LLC
2173,"Jan 15, 2022",2022,"Quino[2,3-b]acridine-7,14-dione,5,12-dihydro-2,9-dimethyl-, also known as dimethylquinacridone and C.I. Pigment Red 122 (CAS Reg. No. 980-26-7).",DIC Corporation
2171,"Dec 23, 2021",2021,"An aqueous mixture of peroxyacetic acid (PAA) (CAS Reg. No. 79-21-0), hydrogen peroxide (HP) (CAS Reg. No. 7722-84-1), acetic acid (AA) (CAS Reg. No. 64-19-7), 1-hydroxyethylidine-1,1-diphosphonic acid (HEDP) (CAS Reg. No. 2809-21-4), dipicolinic acid (DPA) (CAS Reg. No. 499-83-2), and optionally sulfuric acid (SA) (CAS Reg. No. 7664-93-9).","Evonik Active Oxygens, LLC"
2169,"Oct 26, 2021",2021,"1,6-hexanediol (CAS Reg. No. 629-11-8).",National Coatings LLC
2168,"Oct 19, 2021",2021,"An aqueous mixture of peroxyacetic acid (PAA) (CAS Reg No 79-21-0), hydrogen peroxide (HP) (CAS Reg No 7722-84-1), acetic acid (CAS Reg No 64-19-7), dipicolinic acid (DPA) (CAS Reg No 499-83-2), and optionally sulfuric acid (CAS Reg No 7664-93-9).","Enviro Tech Chemical Services, Inc."
2165,"Oct 8, 2021",2021,An aqueous solution of hydrogen peroxide (CAS Reg. No. 7722-84-1).,"Cargill, Inc."
2164,"Oct 6, 2021",2021,"Niobium-doped titanium dioxide, coated with calcium titanate",Susonity LLC
2162,"Dec 11, 2021",2021,"Styrene block polymer with 1,3-butadiene, hydrogenated (CAS Reg. No. 66070-58-4) as further described in your submission.","Kuraray Co., Ltd. Kuraray America, Inc. Kuraray Europe GmbH Kuraray GC Advanced Materials Co., Ltd."
2161,,,REPLACED BY FCN 2297,
2160,"Sep 18, 2021",2021,"2-propenoic acid, polymer with sodium phosphinate (1:1), neutralized with calcium and sodium (CAS Reg. No. 2144395-83-3).",BASF
2159,"Nov 12, 2021",2021,"[1,1-Biphenyl]-4,4-diol, polymer with 1,1-sulfonylbis[4-chlorobenzene] (CAS Reg. No. 25608-64-4 and 25839-81-0).","Chang Chun Plastics Co., Ltd."
2158,"Sep 14, 2021",2021,"Quino[2,3-b]acridine-7,14-dione, 5,12-dihydro-2,9-dimethyl-, also known as 2,9-dimethylquinacridone and C.I. Pigment Red 122 (CAS Reg. No. 980-26-7).","Trust Chem Co., Ltd."
2157,"Sep 10, 2021",2021,"Decanedioic acid, polymer with 2-ethyl-2-(hydroxymethyl)-1,3-propanediol, isooctadecanoate (CAS Reg. No. 2294927-19-6).",OLEON NV
2156,"Nov 6, 2021",2021,"Copolymer of acrylonitrile, methacrylonitrile, methyl methacrylate, methacrylic acid, and trimethylolpropane trimethacrylate (CAS Reg. No. 1173902-42-5).",Tapi S.p.A.
2154,"Nov 9, 2021",2021,"2-propenoic acid, polymer with sodium phosphinate (1:1), neutralized with sodium, calcium, and/or magnesium (including CAS Reg. No. 129898-01-7 (Na salt), CAS Reg. No. 935545-65-6 (Mg Na salt), and CAS Reg. No. 2144395-83-3 (Ca Na salt)).","SNF SA, SNF Inc."
2153,"Nov 17, 2021",2021,5-Chloro-2-methyl-4-isothiazolin-3-one (CIT; CAS Reg. No. 26172-55-4).,THOR GmbH
2149,"Sep 29, 2021",2021,"Alcohols, C16-18, ethoxylated (CAS Reg. No. 68439-49-6).",Cytec Industries Inc.
2148,"Jul 31, 2021",2021,Magnesium sodium fluoride silicate (CAS Reg. No. 56450-90-9).,"Topy Industries, Limited"
2147,"Sep 25, 2021",2021,"Styrene block polymer with 1,3-butadiene, hydrogenated (CAS Reg. No. 66070-58-4). REPLACES FCN 2063",TSRC Corporation
2142,"Jul 22, 2021",2021,"Copolymer of styrene (CAS Reg. No. 100-42-5), methyl methacrylate (CAS Reg. No. 80-62-6), and glycidyl methacrylate (CAS Reg. No. 106-91-2). REPLACES FCNs 853 AND 1109",BASF Corporation
2141,"Aug 21, 2021",2021,Poly(2-ethyl-2-oxazoline) (CAS Reg. No. 25805-17-8).,Solenis LLC
2139,"Jul 13, 2021",2021,Zinc pyrithione (CAS Reg. No. 13463-41-7) REPLACES FCN 2031,Symphony Environmental Technologies Plc
2138,"Jul 10, 2021",2021,"Polyethylene terephthalate copolyesters (diethylene glycol-isophthalate modified) prepared by the condensation of dimethyl terephthalate or terephthalic acid and ethylene glycol with one or more of the following: dimethyl isophthalate, isophthalic acid, and diethylene glycol.","M&G Polímeros México, S.A. de C.V."
2137,"Jul 7, 2021",2021,Chromium nitride.,IKEA of Sweden AB
2136,"Jul 6, 2021",2021,Polyethylene terephthalate-azelate copolyester resin (CAS Reg. No. 25609-72-7).,DuPont Teijin Films
2135,"Sep 4, 2021",2021,"1,4-butanediol-polytetramethylene glycol-dimethyl terephthalate block copolymer (CAS Reg. No. 106465-17-2), reaction products with maleic anhydride.",Mitsubishi Chemical Corporation
2133,"Jun 29, 2021",2021,Hypochlorous acid (CAS Reg. No. 7790-92-3).,"Cougar Creek Electrolysed Water, LLC"
2131,"Aug 21, 2021",2021,"Ethene, polymer with 2-propenenitrile and ethenylbenzene (CAS Reg. No. 106826-13-5), and methacrylic acid-2-[(tert-butylperoxycarbonyl)oxy]ethyl ester (CAS Reg. No. 41892-41-5), graft.",NOF Corporation
2130,"Jun 16, 2021",2021,"Acetic acid ethenyl ester, polymer with N-ethenylformamide, hydrolyzed, amine-containing (CAS Reg. No. 163879-68-3).","Sekisui Specialty Chemicals America, LLC"
2127,"Jun 5, 2021",2021,"Poly(tetramethylene terephthalate)(CAS Reg. No. 24968-12-5 and 26062-94-2) as manufactured from terephthalic acid and 1,4-butanediol.",Mitsubishi Chemical Corporation
2125,"Jun 1, 2021",2021,"1,6-Hexanediol (CAS Reg. No. 629-11-8).",Polynt Composites USA Inc.
2124,"May 15, 2021",2021,"Hexanedioic acid, polymer with 1,4-butanediol, 1,6-hexanediol, and 1,1-methylenebis[4-isocyanatobenzene] (CAS Reg. No. 30662-91-0).","COIM S.p.A., Italy"
2123,"May 15, 2021",2021,"Hexanedioic acid, polymer with 1,4-butanediol, 2,2-dimethyl-1,3-propanediol, and 1,1- methylenebis[4-isocyanatobenzene] (CAS Reg. No. 56815-45-3).","COIM S.p.A., Italy"
2122,"May 21, 2021",2021,Styrene-maleic anhydride copolymer (CAS Reg. No. 9011-13-6).,"Rock Paint Co., Ltd."
2121,"Jun 26, 2021",2021,Octyltriethoxysilane-modified titanium dioxide.,"Anhui Gold Star Titanium Dioxide (Group) Co., Ltd."
2120,"Jul 7, 2021",2021,"Paraffin waxes and hydrocarbon waxes, oxidized (CAS Reg. No. 68153-22-0).",Sasol Limited
2119,"Apr 27, 2021",2021,Tin (IV) oxide (CAS Reg. No. 18282-10-5). REPLACES FCN 431,Susonity LLC
2117,"Apr 7, 2021",2021,Fluorphlogopite-based pearlescent pigments.,Susonity LLC
2116,,,REPLACED BY FCN 2230,
2115,"Mar 12, 2021",2021,"Ethylene-vinyl acetate-vinyl alcohol (EVOH) copolymers modified with up to 8 mol% 1,2-epoxypropane (CAS Reg. No. 482589-30-0).","Kuraray Co., Ltd."
2114,"Mar 5, 2021",2021,Chromium(3+) iron(3+) trioxidandiide (C.I. Pigment Brown 29; CAS Reg. No. 109414-04-2 and CAS Reg No. 12737-27-8).,"Al-Farben, S.A."
2113,"Apr 22, 2021",2021,"Acrylic copolymer derived from styrene, butyl methacrylate, acrylic acid, methacrylic acid, and ethyl acrylate.",The Sherwin-Williams Company
2112,"Feb 20, 2021",2021,"An aqueous mixture containing peroxyacetic acid (CAS Reg. No. 79-21-0), hydrogen peroxide (CAS Reg. No. 7722-84-1), acetic acid (CAS Reg. No. 64-19-7), and 1-hydroxyethylidene-1,1-diphosphonic acid (CAS Reg. No. 2809-21-4).","Diversey, Inc."
2111,"Feb 24, 2021",2021,"Methacrylic acid, polymer with butyl acrylate, styrene, itaconic acid and acrylamide, sodium salt.",SEIKO PMC Corporation
2110,"Apr 15, 2021",2021,"Reaction product of the three substances: Coconut oil polymer with ethylene glycol, glycerol, and phthalic anhydride (CAS Reg. No. 68413-10-5); 1,3-Propanediol, 2-ethyl-2-(hydroxymethyl)- polymer with bis(isocyanatomethyl)benzene (CAS Reg. No. 51852-81-4); and 1-Propanamine 3-(triethoxysilyl)- (CAS Reg. No. 919-30-2).",DIC Corporation
2108,"Feb 6, 2021",2021,"Silicic acid, aluminum magnesium sodium salt, CAS Reg. No. 12040-43-6. REPLACES FCN 2027",W. R. Grace & Co.-Conn.
2107,"Feb 5, 2021",2021,Hydroquinone (CAS Reg. No. 123-31-9). REPLACES FCN 1460,The Sherwin-Williams Company
2106,"Jan 21, 2021",2021,"An aqueous solution of hydrogen peroxide (CAS Reg. No. 7722-84-1) stabilized with 1-hydroxyethylidene-1,1-diphosphonic acid (HEDP) (CAS Reg. No. 2809-21-4). REPLACES FCN 2029",Agri-Neo Inc.
2105,"Mar 19, 2021",2021,Alkyl(C 10-16 )benzenesulfonic acid (CAS Reg. No. 68584-22-5).,CHEP
2104,"Jan 19, 2021",2021,"2-Propenoic acid, 2-methyl-, polymer with 2-methyloxirane polymer with oxirane monoether with 1,2-propanediol mono(2-methyl-2-propenoate) and 2-propenoic acid, sodium salt (CAS Reg. No. 2272985-43-8).",Coatex and affiliates
2102,"Mar 10, 2021",2021,"1,2-Benzisothiazolin-3-one (CAS Reg. No. 2634-33-5).",LANXESS Corporation
2101,"Mar 10, 2021",2021,"1,2-Benzisothiazolin-3-one (CAS Reg. No. 2634-33-5).",LANXESS Corporation
2100,,,REPLACED BY FCN 2322,
2099,"Jan 1, 2021",2021,"An aqueous mixture containing peroxyacetic acid (CAS Reg. No. 79-21-0), hydrogen peroxide (CAS Reg. No. 7722-84-1), acetic acid (CAS Reg. No. 64-19-7), 1-hydroxyethylidene-1,1-diphosphonic acid (CAS Reg. No. 2809-21-4), and, optionally, sulfuric acid (CAS Reg. No. 7664-93-9). REPLACES FCN 2060","Alex. C Fergusson, LLC (AFCO)"
2098,"Mar 10, 2021",2021,"Phosphoric acid, zirconium(4+) salt (2:1) (CAS Reg. No. 13772-29-7).","Jinda Nano Tech. (Xiamen) Co., Ltd."
2097,"Dec 29, 2020",2020,"Polymer of butyl acrylate and 4-hydroxybutyl acrylate, with a methylene diphenyl diisocyanate based crosslinker. REPLACES FCN 1716",Avery Dennison Corporation
2096,"Dec 26, 2020",2020,"An aqueous mixture of peroxyacetic acid (PAA) (CAS Reg. No. 79-21-0), hydrogen peroxide (HP) (CAS Reg. No. 7722-84-1), acetic acid (AA) (CAS Reg. No. 64-19-7), 1-hydroxyethylidine-1,1-diphosphonic acid (HEDP) (CAS Reg. No. 2809-21-4), and/or dipicolinic acid (DPA) (CAS Reg. No. 499-83-2), and optionally sulfuric acid (SA) (CAS Reg. No. 7664-93-9). REPLACES FCN 2059",Hydrite Chemical Co.
2095,"Feb 13, 2021",2021,"Bicyclo[2.2.1]heptane-2,3-dicarboxylic acid, calcium salt (1:1), (1R,2R,3S,4S)-rel- (CAS Reg. No. 839683-04-4).","Milliken Chemical, Division of Milliken & Co"
2090,"Dec 12, 2020",2020,Zinc pyrithione (CAS Reg. No. 13463-41-7).,Troy Corporation
2089,"Nov 28, 2020",2020,"Terephthalic acid polymer with 1,4:3,6-dianhydro-D-glucitol, 1,4-cyclohexanedimethanol and 1,2-ethanediol (CAS Reg. No. 1038843-64-9) and optionally prepared with trimellitic anhydride (CAS Reg. No. 552-30-7) as a branching agent. REPLACES FCNs 1075, 1444 and 1556","SK Chemicals Co., Ltd."
2088,"Jan 30, 2021",2021,"1H-Azepine-1-carboxamide, N,N',N''-[(2,4,6-trioxo-1,3,5-triazine-1,3,5(2H,4H,6H)triyl)tris[methylene(3,5,5-trimethyl-3,1-cyclohexanediyl)]]tris[hexahydro-2-oxo- (CAS Reg. No. 68975-83-7).","PPG Industries, Inc."
2087,"Nov 20, 2020",2020,"Styrene block copolymers with 1,3-butadiene, fully hydrogenated (CAS Reg. No. 66070-58-4).",USI Corporation
2084,"Nov 11, 2020",2020,N1-(2-ethoxyphenyl)-N2-(2-ethylphenyl)ethanediamide (CAS Reg. No. 23949-66-8).,BASF Corporation
2082,"Dec 23, 2020",2020,Aluminum oxide (CAS Reg. No. 1344-28-1).,Susonity LLC
2081,"Jan 7, 2021",2021,2-Methyl-4-isothiazolin-3-one (CAS Reg. No. 2682-20-4).,LANXESS Corporation
2079,"Oct 20, 2020",2020,"Ethanol, 2-amino- (CAS Reg. No. 141-43-5). REPLACES FCN 1756",Omya International AG and its Affiliates
2076,"Aug 19, 2020",2020,"Tris(2,4-di-tert-butylphenyl)phosphite (CAS Reg. No. 31570-04-4). REPLACES FCN 524",BASF Corporation
2075,"Oct 1, 2020",2020,Glass-based pearlescent pigments.,Susonity LLC
2074,"Jul 16, 2020",2020,Tungsten carbide containing up to 15 percent nickel with up to 1.5 percent chromium carbide.,EXTRAMET AG
2071,"Sep 25, 2020",2020,Amorphous hydrogenated carbon coating produced from acetylene as the carbon source in a radio-frequency plasma as described in the notification.,"Fuji WPC Co., Ltd."
2070,,,REPLACED BY FCN 2274,
2069,,,REPLACED BY FCN 2243,
2068,"Sep 5, 2020",2020,"Alcohols, C 10-14 -branched, C 11 -rich, reaction products with ethylene oxide, [(2-propenyloxy)methyl]oxirane and sulfamic acid (CAS Reg. No. 905843-50-7). The FCS is comprised primarily of poly(oxy-1,2-ethanediyl), α-sulfo-ω-[1-(hydroxymethyl)-2-(2-propen-1-yloxy)ethoxy]-, C 11 -rich, C 10-14 -branched alkyl ethers, ammonium salts (CAS Reg. No. 403983-53-9). REPLACES FCN 1945",Adeka Corporation
2067,"Sep 1, 2020",2020,Tricyclodecanedimethanol (CAS Reg. Nos. 26896-48-0 and 26160-83-8).,Akzo Nobel Coatings Inc.
2066,"Sep 1, 2020",2020,"Copolymers of terephthalic acid (CAS Reg. No.100-21-0), ethylene glycol (CAS Reg. No. 107-21-1), diethylene glycol (CAS Reg. No. 111-46-6), and 1,4-cyclohexanedimethanol (CAS Reg. No. 105-08-8), optionally branched with trimellitic anhydride (CAS Reg. No. 552-30-7).","SK Chemicals Co., Ltd."
2065,"Aug 26, 2020",2020,"Alcohols, C 10-14 -branched, C 11 -rich, reaction products with polyethylene glycol and 2-[(2-propen-1-yloxy)methyl]oxirane (CAS Reg. No. 403983-11-9 and 1000866-04-5). REPLACES FCN 1944",Adeka Corporation
2064,"Aug 19, 2020",2020,"Fatty acids, C18-unsaturated, dimers, hydrogenated, polymers with caprolactam and hexamethylenediamine (CAS Reg. No.475994-94-6).","Nylon Corporation of America, Inc. (NYCOA)"
2063,,,REPLACED BY FCN 2147,
2062,"Aug 6, 2020",2020,"An aqueous mixture of peroxyacetic acid (PAA) (CAS Reg. No. 79-21-0), hydrogen peroxide (HP) (CAS Reg. No. 7722-84-1), acetic acid (AA) (CAS Reg. No. 64-19-7), sulfuric acid (SA) (CAS Reg. No. 7664-93-9), and 1-hydroxyethylidine-1,1-diphosphonic acid (HEDP) (CAS Reg. No. 2809-21-4).",Agri-Neo Inc.
2061,"Jul 16, 2020",2020,"Fatty acids, C14-C20, esters with pentaerythritol (CAS Reg. Nos. 68440-28-8 and 85116-93-4).",INEOS Styrolution Group GmbH
2060,,,REPLACED BY FCN 2099,
2059,,,REPLACED BY FCN 2096,
2058,"Jul 28, 2020",2020,Poly(ethylene furandicarboxylate) (CAS Reg. No. 52733-28-5).,Covation Biomaterials LLC
2057,"Jul 28, 2020",2020,Poly(ethylene furandicarboxylate) (CAS Reg. No. 52733-28-5).,Covation Biomaterials LLC
2056,"Jul 25, 2020",2020,"1-Decene, homopolymer, hydrogenated (CAS Reg. No. 68037-01-4).",The Sherwin-Williams Company
2055,"Oct 9, 2020",2020,Ethylene glycol dipalmitate (CAS Reg. No. 624-03-3).,Emery Oleochemicals GmbH
2054,"Jun 30, 2020",2020,Chromium(3+) iron(3+) trioxidandiide (C.I. Pigment Brown 29; CAS Reg. No. 109414-04-2 and CAS Reg No. 12737-27-8).,Vibrantz Corporation
2053,"Jun 30, 2020",2020,"Manganese ferrite black hematite (C.I. Pigment Black 33, CAS Reg. No. 188735-18-4).",Vibrantz Corporation
2052,"Jun 20, 2020",2020,Tricyclodecanedimethanol (CAS Reg. No. 26896-48-0 and 26160-83-8).,"Dairen Chemical Corporation Chang Chun Plastics Co., Ltd."
2051,"Jul 29, 2020",2020,Bis(4- tert -butylbenzoate-O)hydroxyl aluminum (CAS. Reg. No. 13170-05-3).,"Shanghai Xinxin Chemical Co., Ltd."
2050,"Jun 17, 2020",2020,"Copolymer of acrylamide, 2-methacryloxyethyltrimethylammonium chloride, itaconic acid, and N,N'-methylenebis(acrylamide) (CAS Reg. No. 214495-32-6).","Harima Chemicals, Inc. Plasmine Technology, Inc."
2047,,,REPLACED BY FCN 2214,
2046,"Jul 21, 2020",2020,"An aqueous mixture of peroxyacetic acid (PAA) (CAS Reg. No. 79-21-0), hydrogen peroxide (HP) (CAS Reg. No. 7722-84-1), acetic acid (AA) (CAS Reg. No. 64-19-7), 1-hydroxyethylidine-1,1-diphosphonic acid (HEDP) (CAS Reg. No. 2809-21-4), and/or dipicolinic acid (DPA) (CAS Reg. No. 499-83-2), and optionally sulfuric acid (SA) (CAS Reg. No. 7664-93-9). REPLACES FCNs 1968, 1745, 1495, 1236, 1096, 921 and 140",Ecolab Inc.
2045,"Apr 28, 2020",2020,"2-Propenoic acid, 2-methyl-, polymer with butyl 2-propenoate, cyclohexyl 2-methyl-2-propenoate, methyl 2-methyl-2-propenoate, 2-oxiranylmethyl 2-methyl-2-propenoate, 1,2-propanediol mono(2-methyl-2-propenoate) and 2-propen-1-yl 2-methyl-2-propenoate (CAS Reg. No. 1874228-60-0).",Akzo Nobel Coatings Inc.
2044,"Jul 30, 2020",2020,"Siloxanes and Silicones, di-Me, Me hydrogen, polymers with di-Me, Me vinyl siloxanes, 1,1'-(1-methylethylidene)bis[4-(2-propen-1-yloxy)benzene]-2,4,6,8-tetramethylcyclotetrasiloxane reaction products and vinyl group-terminated di-Me siloxanes (CAS Reg. No. 2305613-79-8).","Shin-Etsu Chemical Co., Ltd."
2043,"Apr 14, 2020",2020,"Cellulose acetate (CAS Reg. No. 9004-35-7), and optionally modified with propionate to form cellulose acetate propanoate (CAS Reg. No. 9004-39-1) resulting in up to 49 weight-percent propionate esters.",Eastman Chemical Company
2039,"Jun 20, 2020",2020,Diallyldimethylammonium chloride polymer with acrylamide (CAS Reg. No. 26590-05-6) produced by copolymerizing up to 5 weight percent of acrylamide and up to 95 weight percent of diallyldimethylammonium chloride.,"Buckman Laboratories, Inc."
2038,"Apr 9, 2020",2020,"Benzenesulfonic acid, 2-[2-(2,4-diamino-1,6-dihydro-6-oxo-5-pyrimidinyl)diazenyl]-5-methyl- (CAS Reg No. 1021701-36-9).",Colors and Effects USA LLC
2037,,,REPLACED BY FCN 2213,
2036,"Apr 2, 2020",2020,"An aqueous mixture of peroxyacetic acid (PAA) (CAS Reg. No. 79-21-0), hydrogen peroxide (HP) (CAS Reg. No. 7722-84-1), acetic acid (AA) (CAS Reg. No. 64-19-7), 1-hydroxyethylidene-1,1-diphosphonic acid (HEDP) (CAS Reg. No. 2809-21-4), dipicolinic acid (DPA) (CAS Reg. No. 499-83-2), and optionally sulfuric acid (CAS Reg. No. 7664-93-9). REPLACES FCN 1639",Biosan LLC
2035,"Apr 2, 2020",2020,"Octadecyl 3,5-di-tert-butyl-4-hydroxyhydrocinnamate (CAS Reg. No. 2082-79-3).",BASF Corporation
2034,"Mar 31, 2020",2020,"Copolymers of styrene (CAS Reg. No. 100-42-5), α-methylstyrene (CAS Reg. No. 98-83-9), butyl methacrylate (CAS Reg. No. 97-88-1), 2-ethylhexyl acrylate (CAS Reg. No. 103-11-7), methyl methacrylate (CAS Reg. No. 80-62-6), butyl acrylate (CAS Reg. No. 141-32-2), itaconic acid (CAS Reg. No. 97-65-4), methacrylic acid (CAS Reg. No. 79-41-4), hydroxypropyl acrylate (CAS Reg. No. 999-61-1 and CAS Reg. No. 2918-23-2), sodium methallyl sulfonate (CAS Reg. No. 1561-92-8), and sodium styrene sulfonate (CAS Reg. No. 2695-37-6).","Arakawa Chemical Industries, Ltd."
2033,"Mar 31, 2020",2020,"An aqueous mixture of peroxyacetic acid (PAA) (CAS Reg. No. 79-21-0), hydrogen peroxide (HP) (CAS Reg. No. 7722-84-1), acetic acid (AA) (CAS Reg. No. 64-19-7), 1-hydroxyethylidene-1,1-diphosphonic acid (HEDP) (CAS Reg. No. 2809-21-4), and optionally dipicolinic acid (DPA) (CAS Reg. No. 499-83-2) and/or sodium hydroxide (NaOH) (CAS Reg. No. 1310-73-2). REPLACES FCN 1426","Solvay Chemicals, Inc."
2032,"May 29, 2020",2020,"1,4-benzenedicarboxylic acid, (or dimethyl ester) polymer with 1,4-butanediol, adipic or sebacic acid, hexamethylene diisocyanate and further reacted with no more than 1 percent by weight of the polyhydric alcohol described in the notification. REPLACES FCN 907 and FCN 916",BASF SE
2031,,,REPLACED BY FCN 2139,
2029,,,REPLACED BY FCN 2106,
2028,"Feb 12, 2020",2020,"Polyurethane resins (CAS Reg. No. 89097-02-9) derived from the reaction of diphenylmethane diisocyanate with 1,3-propanediol and polytetramethylene ether glycol.",BASF SE and its affiliates
2027,,,REPLACED BY FCN 2108,
2026,"Mar 25, 2020",2020,"Blocked isophorone diisocyanate (IPDI) polymer consisting of trimer, pentamer, heptamer, and nonamer oligomers, with the primary component of interest being the trimer (CAS Reg. No. 103170-26-9). REPLACES FCN 1039",The Sherwin-Williams Company
2025,"Jan 31, 2020",2020,"Cellulose, triacetate (CAS Reg. No. 9012-09-3).",Eastman Chemical Company
2024,"Jan 28, 2020",2020,"Acetic acid ethenyl ester, polymer with ethene and ethenol (CAS Reg. No. 26221-27-2).","Kuraray Co., Ltd. Kuraray America, Inc. Kuraray Europe GmbH Kuraray Asia Pacific Pte. Ltd."
2023,"Jan 22, 2020",2020,"A mixture of 35-60 percent hydroxysulfinoacetic acid, disodium salt (CAS Reg. No. 223106-41-0), 10-60 percent hydroxysulfoacetic acid, disodium salt (CAS Reg. No. 29736-24-1), and 0-40 percent sodium sulfite (CAS Reg. No. 7757-83-7).","Brüggemann Chemical US, Inc."
2022,,,REPLACED BY FCN 2413,
2021,"Jan 9, 2020",2020,Microfibrillated cellulose pulp (CAS Reg. No. 65996-61-4).,Kemira Oyj
2020,"Jan 3, 2020",2020,"Mixed esters of C 5 -C 12 fatty acids with pentaerythritol, dipentaerythritol, and polypentaerythritol.",LANXESS Corporation
2019,"Jan 2, 2020",2020,"Platinum 5,10,15,20-tetrakis(pentafluorophenyl)porphyrin (CAS Reg. No. 109781-47-7).",GEA Food Solutions Germany GmbH
2017,"Mar 7, 2020",2020,bis(hydrogenated palm-oil alkyl)hydroxy amines (CAS Reg. No. 1374859-51-4).,BASF Corporation
2014,"Nov 20, 2019",2019,"2-propenoic acid, 2-methyl-, 1-methyl-1,3-propanediyl ester, polymer with 1,3-butadiene, butyl 2-propenoate, ethenylbenzene, and methyl-2-methyl-2-propenoate (CAS Reg. No. 143646-08-6 or 25101-28-4). REPLACES FCN 1508",Kaneka Belgium NV
2013,"Nov 16, 2019",2019,Butyl acrylate (CAS Reg. No. 141-32-2).,"PPG Industries, Inc."
2011,,,REPLACED BY FCN 2266,
2009,"Oct 30, 2019",2019,"An aqueous mixture of peroxyacetic acid (PAA) (CAS Reg. No. 79-21-0), hydrogen peroxide (HP) (CAS Reg. No. 7722-84-1), acetic acid (AA) (CAS Reg. No. 64-19-7), and, optionally, sulfuric acid (SA) (CAS Reg. No. 7664-93-9).",Hydrite Chemical Co.
2007,"Jan 3, 2020",2020,"2-Propenoic acid, polymer with sodium phosphinate (1:1), neutralized with sodium, calcium, and/or magnesium (including CAS Reg. No. 129898-01-7 (Na salt), CAS Reg. No. 935545-65-6 (Mg Na salt)).",Coatex and Affiliates
2006,"Oct 23, 2019",2019,"An aqueous mixture of peroxyacetic acid (PAA) (CAS Reg. No. 79-21-0), hydrogen peroxide (HP) (CAS Reg. No. 7722-84-1), acetic acid (AA) (CAS Reg. No. 64-19-7), sulfuric acid (SA) (CAS reg. No. 7664-93-9), and 1-hydroxyethylidine-1,1- diphosphonic acid (HEDP) (CAS Reg. No. 2809-21-4).",DeLaval Inc.
2005,"Dec 26, 2019",2019,Trimethylolpropane trisorbate (TMPTS) (CAS Reg. No. 2307636-51-5).,Milliken Chemical
2004,"Oct 9, 2019",2019,"Carbamodithioic acid, N,N-dibutyl-, C,C'-methylene ester (CAS Reg. No. 10254-57-6).",MOL-LUB Kft
2002,"Oct 3, 2019",2019,"Polyurethane resin produced by reacting a mixture of 2,4-toluene diisocyanate (CAS Reg. No. 584-84-9) and 2,6-toluene diisocyanate (CAS Reg. No. 91-08-7) with polyoxyethylene-polyoxypropylene glyceryl ether (CAS Reg. No. 9082-00-2) and 1,4-butanediol (CAS Reg. No. 110-63-4).","Flexpur Polímeros de Poliuretano, S.A."
2001,"Sep 14, 2019",2019,"A mixture of 1-decene, polymer with sulfur dioxide (CAS Reg. No. 33990-98-6); 1,3-propanediamine, N1-(9Z)-9-octadecen-1-yl-, polymer with 2-(chloromethyl)oxirane (CAS Reg. No. 1010121-89-7); and dodecylbenzenesulfonic acid (CAS Reg. No. 27176-87-0). REPLACES FCN 1819",Innospec Ltd.
2000,,,REPLACED BY FCN 2100,
1998,,,REPLACED BY FCN 2292,
1997,"Nov 5, 2019",2019,"Polycyclooctene (CAS Reg. No. 25267-51-0), used in conjunction with cobalt stearate (CAS Reg. No. 13586-84-0) REPLACES FCN 1896",Evonik Resource Efficiency GmbH
1996,"Aug 31, 2019",2019,"Acrylic resin derived from styrene (CAS Reg. No. 100-42-5), ethyl acrylate (CAS Reg. No. 140-88-5), and acrylic acid (CAS Reg. No. 79-10-7).",The Sherwin-Williams Company
1995,"Oct 30, 2019",2019,"An aqueous mixture of peroxylactic acid (PLA) (CAS Reg. No. 75033-25-9), hydrogen peroxide (HP) (CAS Reg. No. 7722-84-1), lactic acid (LA) (CAS Reg. No. 50-21-5), optionally 1-hydroxyethylidine-1,1-diphosphonic acid (HEDP) (CAS Reg. No. 2809-21-4), optionally sulfuric acid (SA) (CAS Reg. No. 7664-93-9), optionally dipicolinic acid (DPA) (CAS Reg. No. 499-83-2), and optionally phosphoric acid (PA) (CAS Reg. No. 7664-38-2).",Valley Chemical Solutions
1993,"Oct 29, 2019",2019,"1,3-Benzenedicarboxylic acid, 5-sulfo-, 1,3-dimethyl ester, sodium salt (1:1), polymer with dimethyl 1,4-benzenedicarboxylate and 1,2-ethanediol (CAS Reg. No. 27937-63-9).","Matsumura Sangyo Co., Ltd. Goo Chemical Co., Ltd."
1991,"Aug 21, 2019",2019,"Polyester-polyurethane adhesive formulated from the following: 1,3-benzenecarboxylic acid (CAS Reg. No. 121-91-5); 2-ethyl-2-(hydroxymethyl)-1,3-propanediol (CAS Reg. No. 77-99-6); hexanedioic acid (CAS Reg. No. 124-04-9); 1,2-propanediol (CAS Reg. No. 57-55-6); diphenylmethane 4,4'-diisocyanate (CAS Reg. No. 101-68-8); bis(isocyanatophenyl) methane (CAS Reg. No. 26447-40-5); castor oil (CAS Reg. No. 8001-79-4); 1-propanamine, 3-(trimethoxysilyl)-N-[3-(trimethoxysilyl)propyl]- (CAS Reg. No. 82985-35-1); poly[oxy(methyl-1,2-ethanediyl)], α-hydro-ω-hydroxy- (CAS Reg. No. 25322-69-4); ethanol, 2,2'-[1,2-ethanediylbis(oxy)]bis- (CAS Reg. No.112-27-6); poly[oxy(methyl-1,2-ethanediyl)], α,α',α''-1,2,3-propanetriyltris[ω-hydroxy- (CAS Reg. No. 25791-96-2).","COIM USA, Inc. COIM S.p.A., Italy Coim Brasil Ltda. Coim Asia Pacific Pte Ltd. Coim India Pvt., Ltd."
1989,"Jul 11, 2019",2019,"Cellulose acetate (CAS Reg. No. 9004-35-7), and optionally modified with propionate to form cellulose acetate propanoate (CAS Reg. No. 9004-39-1) resulting in up to 49 weight-percent propionate esters.",Eastman Chemical Company
1988,"Jun 25, 2019",2019,"Phosphorous acid, cyclic neopentanetetrayl bis(2,4-di-tert-butylphenyl) ester (CAS Reg. No. 26741-53-7).",Addivant
1986,,,REPLACED BY FCN 2266,
1985,"Jun 15, 2019",2019,2-(dimethylamino)ethanol (CAS Reg. No. 108-01-0).,The Dow Chemical Company
1981,"Jun 5, 2019",2019,Silver-magnesium-zinc-aluminum-calcium-sodium-borate-phosphate glass.,"Ishizuka Glass Co., Ltd."
1980,"Jun 4, 2019",2019,"N,N-bis(2-hydroxyethyl)alkyl(C 13 -C 15 )amine (CAS Reg. No. 70955-14-5).",Braskem S.A. Braskem Affiliates Braskem Netherlands B.V. Tetra Pak Inc. Tetra Pak Canada Inc.
1979,"Jun 4, 2019",2019,"N,N-bis(2-hydroxyethyl)alkyl(C 13 -C 15 )amine (CAS Reg. No. 70955-14-5).",Braskem S.A. Braskem Affiliates Braskem Netherlands B.V. Tetra Pak Inc. Tetra Pak Canada Inc.
1977,"Aug 9, 2019",2019,"2-Propenoic acid, 2-methyl-, polymer with butyl 2-propenoate, ethenylbenzene, 2-ethylhexyl 2-propenoate, methyl 2-methyl-2-propenoate and 2-methylpropyl 2-methyl-2-propenoate (CAS Reg. No. 1515850-94-8).",BASF Corporation
1976,"May 31, 2019",2019,"Copolymers of acrylamide, 2-(dimethylamino)ethyl methacrylate, itaconic acid, benzyl[2-(methacryloyloxy)ethyl](dimethyl)ammonium chloride, and benzyldimethyl[2-[(1-oxoallyl)oxy]ethyl]ammonium chloride, optionally crosslinked with hexahydro-1,3,5-tris(1-oxoallyl)-1,3,5-triazine.","Arakawa Chemical Industries, Ltd."
1975,"May 31, 2019",2019,"Oxirane, 2-methyl-, polymer with oxirane, ether with 1,2,3-propanetriol (3:1), polymer with 1,3-diisocyanato-2-methylbenzene and 2,4-diisocyanato-1-methylbenzene (CAS Reg. No. 68227-13-4).","Amorim & Irmãos, S.A."
1974,"Aug 9, 2019",2019,"2-Propenoic acid, 2-methyl-, methyl ester, polymer with butyl 2-propenoate, ethenylbenzene, 2-ethylhexyl 2-propenoate, 2-methylpropyl 2-methyl-2-propenoate and 2-propenoic acid (CAS Reg. No. 103235-87-6).",BASF Corporation
1970,"Aug 1, 2019",2019,"2-Bromo-2-nitro-1,3-propanediol (CAS Reg. No. 52-51-7).",LANXESS Corporation
1968,,,REPLACED BY FCN 2046,
1967,"May 28, 2019",2019,"2,2-bis((pentanoyloxy)methyl)propane-1,3-diyl dipentanoate (CAS Reg. No. 15834-04-5).",Perstorp AB
1966,"May 28, 2019",2019,"1,4-Benzenedicarboxylic acid, polymer with 2-methyl-1,8-octanediamine and 1,9-nonanediamine, reaction products with benzoic acid (CAS Reg. No. 1310362-57-2).","Kuraray Company, Ltd."
1965,"May 28, 2019",2019,Aluminum silicon silver oxide with sodium zeolite Y (CAS Re. No. 308081-05-2).,"The Nikka Whisky Distilling Co., Ltd."
1963,"May 28, 2019",2019,"Fatty acids, C 14 -C 20 , esters with pentaerythritol (CAS Reg. No. 68440-28-8).",Peter Greven GmbH & Co. KG
1962,"May 28, 2019",2019,"Amines, hydrogenated tallow alkyl, acetates (CAS Reg. No. 61790-59-8).",Nobian Industrial Chemicals B.V.
1961,"May 28, 2019",2019,"Nylon MXD-6 (CAS Reg. No. 25718-70-1) (also known as hexanedioic acid, polymer with 1,3-benzenedimethanamine) meeting the analytical specifications in 21 CFR 177.1500(b) item 10.1 and used in conjunction with cobalt neodecanoate (CAS Reg. No. 27253-31-2) and/or cobalt propionate (CAS Reg. No. 1560-69-6).",Indorama Ventures USA Inc. and its stewarded affiliates around the world
1960,"May 20, 2019",2019,"An aqueous mixture of peroxyacetic acid (PAA) (CAS Reg. No. 79-21-0), hydrogen peroxide (HP) (CAS Reg. No. 7722 -84-1), acetic acid (CAS Reg. No. 64-19-7), 1-hydroxyethylidine-1,1-diphosphonic acid (HEDP) (CAS Reg. No. 2809-21-4), and optionally sulfuric acid (CAS Reg. No. 7664-93-9) and/or dipicolinic acid (DPA) (CAS Reg. No. 499-83-2).","Harcros Chemicals, Inc."
1959,"May 19, 2019",2019,"Butanedioic acid, 2-methylene-, polymer with ethenyl acetate, hydrolyzed, sodium salts (CAS Reg. No. 122625-12-1).","Kuraray Co., Ltd. Kuraray America, Inc. Kuraray Europe GmbH Kuraray Asia Pacific Pte. Ltd."
1958,"Jul 17, 2019",2019,"Fluorocarbon cured elastomer produced by copolymerizing tetrafluoroethylene (CAS Reg. No. 116-14-3) and propylene (CAS Reg. No. 115-07-1) and subsequent curing with triallylisocyanurate (CAS Reg. No. 1025-15-6) or triallylcyanurate (CAS Reg. No. 101-37-1) and 2,2-bis( tert -butylperoxy)diisopropylbenzene (CAS Reg. No. 25155-25-3).","AGC Chemicals Americas, Inc."
1957,"Jul 3, 2019",2019,"The FCS is a reaction product of three polymers: 2-propenoic acid, 2-methyl-, methyl ester, polymer with 4,5-dihydro-2-(1-methylethenyl)oxazole and ethyl 2-propenoate (CAS Reg. No. 57460-65-8); methyl methacrylate, ethyl acrylate, methacrylic acid, butanoic acid 3-oxo-2-[(2-methyl-1-oxo-2-propenyl)oxy]ethyl ester, 3-(trimethoxysilyl)propyl methacrylate with poly(oxy-1,2-ethanediyl), alpha-sulfo-omega-[4-nonyl-2-(1-propen-1-yl)phenoxy]-, branched, ammonium salts copolymer; and 1,3-benzenedicarboxylic acid, polymer with 2-[(2-aminoethyl)amino]ethanol, 1,3-bis(isocyanatomethyl)cyclohexane, decanedioic acid, 1,3-diisocyanatomethylbenzene, 2,2-dimethyl-1,3-propanediol, 1,2-ethanediol and 3-hydroxy-2-(hydroxymethyl)-2- methylpropanoic acid, compound with 1,1',1''-nitrilotris[2-propanol] (CAS Reg. No. 1239020-50-8). REPLACES FCN 1767","TOYOBO Co., Ltd."
1955,"May 13, 2019",2019,"2-propenoic acid, polymer with sodium phosphinate (1:1), neutralized with sodium, calcium, and/or magnesium (including CAS Reg. No. 129898-01-7 (Na salt), CAS Reg. No. 935545-65-6 (Mg Na salt)).",Coatex and Affiliates
1953,"May 5, 2019",2019,Trimethylolpropane (CAS Reg. No. 77-99-6).,Tronox LLC
1952,"Apr 19, 2019",2019,"1,4-benzenedicarboxylic acid, 1,4-dibutyl ester (CAS Reg. No. 1962-75-0).",Eastman Chemical Company
1951,"Apr 14, 2019",2019,Polyphenylene sulfide (CAS Reg. No. 26125-40-6 or 25212-74-2). REPLACES FCN 1731,DIC EP Corporation DIC Corporation
1950,"Mar 29, 2019",2019,"An aqueous mixture of peroxyacetic acid (PAA) (CAS Reg. No.79-21-0), hydrogen peroxide (HP) (CAS Reg. No.7722-84-1), acetic acid (CAS Reg. No. 64-19-7), 1-hydroxyethylidine-1,1-diphosphonic acid (HEDP) (CAS Reg. No. 2809-21-4), and optionally sulfuric acid (CAS Reg. No. 7664-93-9). REPLACES FCN 1595","Evonik Active Oxygens, LLC"
1948,"May 25, 2019",2019,"Acrylic resins derived from styrene (CAS Reg. No. 100-42-5), ethyl acrylate (CAS Reg. No. 140-88-5), 1,4-butanediol dimethacrylate (CAS Reg. No. 2082-81-7), acrylic acid (CAS Reg. No. 79-10-7), and 2-hydroxyethyl methacrylate (CAS Reg. No. 868-77-9).",The Sherwin-Williams Company
1946,"May 28, 2019",2019,"An aqueous mixture of peroxylactic acid (PLA), hydrogen peroxide (HP), lactic acid, water, optional 1-hydroxyethylidine-1,1-diphosphonic acid (HEDP), optionally sulfuric acid, and optionally phosphoric acid.",Valley Chemical Solutions
1945,,,REPLACED BY FCN 2068,
1944,,,REPLACED BY FCN 2065,
1943,"Feb 24, 2019",2019,"1,6-Hexanediol (CAS Reg. No. 629-11-8).","PPG Industries, Inc."
1941,"Jan 9, 2019",2019,"N,N,N',N'-tetrakis(2-hydroxyethyl)hexanediamide (CAS Reg. No. 6334-25-4).",SIR Industriale S.p.A.
1937,"Dec 26, 2018",2018,"Copolymer of vinyl acetate (CAS Reg No. 108-05-4), butyl acrylate (CAS Reg No 141-32-2), glycidyl methacrylate (CAS Reg. No. 106-91-2), itaconic acid (CAS Reg. No. 97-65-4), and sodium vinylsulfonate (CAS Reg. No. 3039-83-6).",BASF Corporation
1936,"Dec 26, 2018",2018,"An aqueous mixture containing peroxyacetic acid (PAA; CAS Reg. No. 79-21-0), hydrogen peroxide (HP, CAS Reg. No. 7722-84-1), acetic acid (CAS Reg. No. 64-19-7), 1-hydroxyethylidene-1,1-diphosphonic acid (HEDP, CAS Reg. No. 2809-21-4), dipicolinic acid (DPA, CAS Reg. No. 499-83-2), and, optionally, sulfuric acid (CAS Reg. No. 7664-93-9).",Diversey Inc.
1935,"Mar 29, 2019",2019,"Octadecyl 3,5-di-tert-butyl-4-hydroxyhydrocinnamate (CAS Reg. No. 2082-79-3).",TSRC Corporation
1934,"Dec 21, 2018",2018,Isononanoic and 2-ethylhexanoic acid esters with pentaerythritol,"Performance Fluids, Ltd."
1933,"Dec 21, 2018",2018,Isononanoic acid esters with dipentaerythritol,"Performance Fluids, Ltd."
1931,"Mar 7, 2019",2019,"1,2,4,5,7,8-Hexoxonane, 3,6,9-trimethyl-, 3,6,9-tris(Et and Pr) derivs. (CAS Reg. No. 1613243-54-1).","Nouryon Functional Chemicals, LLC Nouryon Chemicals NV/SA"
1929,"Mar 11, 2019",2019,"Ethanaminium, N,N,N-trimethyl-2-[(1-oxo-2-propen-1-yl)oxy]-, chloride (1:1), polymer with 2-propenamide (CAS Reg. No. 69418-26-4) with up to 0.06 mol % of poly(oxy-1,2-ethanediyl), alpha-(2-methyl-1-oxo-2-propen-1-yl)-omega-hydroxy-, C16-18-alkyl ethers (CAS Reg. No. 70879-51-5).","NALCO Water, an Ecolab Company"
1928,"Dec 5, 2018",2018,"Fatty acids, C18-unsatd., dimers, polymers with caprolactam and hexamethylenediamine [Nylon 6/6.36] (CAS Reg. No 2068097-08-3).",BASF SE
1927,"Mar 15, 2019",2019,"Phosphorous acid, mixed 2,4-bis(1,1-dimethylpropyl)phenyl and 4-(1,1-dimethylpropyl)phenyl triesters (CAS Reg. No. 939402-02-5). REPLACES FCN 1800",Addivant
1926,"Nov 30, 2018",2018,"(3R,6R)-3,6-dimethyl-1,4-dioxane-2,5-dione, polymer with rel-(3R,6S)-3,6-dimethyl-1,4-dioxane-2,5-dione and (3S,6S)-3,6-dimethyl-1,4-dioxane-2,5-dione (aka polylactide (PLA) polymers), optionally containing up to 16 weight percent D-lactic acid polymer units (CAS Reg. No. 9051-89-2).",TotalEnergies Corbion B.V.
1922,"Jan 23, 2019",2019,"2-Propen-1-aminium, N,N-dimethyl-N-2-propen-1-yl-, chloride (1:1), polymer with ethanedial and 2-propenamide (CAS Reg. No. 32555-39-8).",SNF SAS SNF Inc.
1921,"Nov 9, 2018",2018,"A mixture of benzenesulfonic acid, 2,2'-(1,2-ethenediyl)bis[5-[[4-[(2-hydroxyethyl)amino]-6-(phenylamino)-1,3,5-triazin-2-yl]amino]-, disodium salt (CAS Reg. No. 17958-73-5), benzenesulfonic acid, 5-[[4-[bis(2-hydroxyethyl)amino]-6-(phenylamino)-1,3,5-triazin-2-yl]amino]-2-[2-[4-[[4-[(2-hydroxyethyl)amino]-6-(phenylamino)-1,3,5-triazin-2-yl]amino]-2-sulfophenyl]ethenyl]-, disodium salt (CAS Reg. No. 88358-71-8) and benzenesulfonic acid, 2,2'-(1,2-ethenediyl)bis[5-[[4-[bis(2-hydroxyethyl)amino]-6-(phenylamino)-1,3,5-triazin-2-yl]amino]-, disodium salt (CAS Reg. No. 4193-55-9).","Archroma U.S., Inc."
1920,"Nov 6, 2018",2018,Polyurethane resin produced by reacting hexamethylene diisocyanate homopolymer (CAS Reg. No. 28182-81-2) with castor oil (CAS Reg. No. 8001-79-4).,Diam Bouchage SAS Henkel AG & Co. KGaA
1919,"Dec 28, 2018",2018,"2,6-Pyridinedicarboxylic acid (dipicolinic acid) (CAS Reg. No. 499-83-2).","Enviro Tech Chemical Services, Inc."
1918,"Oct 25, 2018",2018,"Hydrocarbons, C6-C20, polymers, hydrogenated (CAS reg. No. 69430-35-9).",Synthomer Adhesive Technologies LLC
1917,"Oct 17, 2018",2018,2-Amino-2-methyl-1-propanol (CAS. Reg. No. 124-68-5).,ANGUS Chemical Company
1915,"Oct 9, 2018",2018,Sodium chlorite (CAS Reg. No. 7758-19-2).,"CH 2 O, Inc."
1914,"Dec 13, 2018",2018,"Tetrafluoroethylene-ethylene-3,3,4,4,5,5,6,6,6-nonafluoro-1-hexene terpolymer (CAS Reg. No. 68258-85-5).","Asahi Glass Co., Ltd. AGC Chemicals Europe"
1913,"Sep 29, 2018",2018,Tricyclodecanedimethanol (TCDM) (CAS Reg. Nos. 26896-48-0 and 26160-83-8).,The Sherwin-Williams Company
1912,"Sep 21, 2018",2018,Polypropylene (CAS Reg. No. 9003-07-0).,"Idemitsu Kosan Co., Ltd."
1911,"Dec 6, 2018",2018,"An aqueous mixture of peroxyacetic acid (PAA) (CAS Reg. No. 79-21-0), hydrogen peroxide (HP) (CAS Reg. No. 7722-84-1), acetic acid (CAS Reg. No. 64-19-7), 1-hydroxyethane 1,1-diphosphonic acid (HEDP) (CAS Reg. No. 2809-21-4), and optionally, sulfuric acid (CAS Reg. No. 7664-93-9).","Xgenex, LLC"
1910,"Sep 19, 2018",2018,"Ethylene phthalate polymers modified with 1,2,4,5-benzenetetracarboxylic dianhydride (pyromellitic dianhydride (PMDA; CAS Reg. No. 89-32-7)) and 1,3-butadiene, homopolymer, hydroxy-terminated (PBD; CAS Reg. No. 69102-90-5) used in conjunction with cobalt stearate (CAS Reg. No. 13586-84-0).",ProFusion Industries
1907,"Aug 23, 2018",2018,"Dimethyl, methyl vinyl polysiloxane, vinyl group-terminated (CAS Reg. No. 68083-18-1), reaction products with poly(ethylene-co-methyl acrylate) (CAS Reg. No. 25103-74-6).",Dow Silicones Corporation
1903,"Oct 19, 2018",2018,Poly(glycolic acid-co-isophthalic acid-co-trimethylolpropane).,"Syensqo Specialty Polymers USA, LLC"
1902,"Aug 8, 2018",2018,2-hydroxyethyl methacrylate (HEMA; CAS Reg. No. 868-77-9).,"PPG Industries, Inc."
1901,"Jul 31, 2018",2018,"Copolymer of adipic acid, dimethylolpropionic acid, ethylene glycol, isophthalic acid, neopentyl glycol, sebacic acid, and terephthalic acid (CAS Reg. No. 725725-21-3), cross-linked with hexamethylene diisocyanate homopolymer (CAS Reg. No. 28182-81-2).","Toyobo Co., Ltd."
1900,"Jul 27, 2018",2018,Zinc pyrithione (CAS Reg No. 13463-41-7).,Thor GmbH
1898,"Jul 24, 2018",2018,"1,4-Cyclohexanedimethanol (CAS Reg. No. 105-08-8).","SK Chemicals Co., Ltd."
1897,,,REPLACED BY FCN 2274,
1896,,,REPLACED BY FCN 1997,
1895,"Jul 24, 2018",2018,"Dodecanedioic acid, polymer with 4,4'-methylenebis[cyclohexanamine] (CAS Reg. No. 25038-97-5).","Evonik Resource Efficiency GmbH Evonik Degussa GmbH Evonik Specialty Chemicals (Shanghai) Co., Ltd."
1893,"Jul 17, 2018",2018,"Copolymers of ethyl methacrylate (CAS Reg. No. 97-63-2), acrylonitrile (CAS Reg. No. 107-13-1), and acrylic acid (CAS Reg. No. 79-10-7) containing up to 7.1 weight percent acrylic acid.","PPG Industries, Inc."
1892,"Jul 13, 2018",2018,"1,3,5-trioxane, polymer with 1,3-dioxolane (CAS Reg. No. 24969-26-4).",BASF SE and affiliated companies
1891,"Jul 12, 2018",2018,"2-2'-[1,3-Phenylenebis(methylene)]bis[2,3-dihydro-1H-isoindol-1-one] (CAS Reg. No. 935739-41-6), also known as m -Xylylenediamine-bis(phthalamide) (MXBI), used in conjunction with cobalt neodecanoate (CAS Reg. No. 27253-31-2).","Silgan Holdings, Inc."
1889,"Jul 5, 2018",2018,"N,N,N',N'-tetrakis(2-hydroxypropyl)adipamide (CAS Reg. No. 57843-53-5). REPLACES FCN 1794",The Dow Chemical Company
1888,"Aug 30, 2018",2018,"An aqueous mixture of peroxyacetic acid (CAS Reg. No.79-21- 0), hydrogen peroxide (CAS Reg. No.7722-84-1), acetic acid (CAS Reg. No. 64-19-17), 1-hydroxyethylidine-1,1-diphosphonic acid (HEDP; CAS Reg. No. 2809-21-4), and optionally sulfuric acid (CAS Reg. No. 7664-93-9).",Evonik Corporation
1887,"Jul 3, 2018",2018,Microfibrillated cellulose pulp (CAS Reg. No. 65996-61-4).,FIBERLEAN TECHNOLOGIES LIMITED Omya AG
1886,"Sep 27, 2018",2018,"An aqueous mixture containing peroxyacetic acid (PAA; CAS Reg. No. 79-21-0), hydrogen peroxide (HP; CAS Reg. No. 7722-84-1), acetic acid (CAS Reg. No. 64-19-7), 1-hydroxyethylidene-1,1-diphosphonic acid (HEDP; CAS Reg. No. 2809-21-4), dipicolinic acid (DPA; CAS Reg. No. 499-83-2), and, optionally, sulfuric acid (CAS Reg. No. 7664-93-9).",Diversey Inc.
1884,"Jun 28, 2018",2018,"2,5-Furandione, polymer with 1-propene (CAS Reg. No 25722-45-6).",The Dow Chemical Company
1880,"Jun 12, 2018",2018,"1,3-Benzenedicarboxamide, N,N'-bis(2,2,6,6-tetramethyl-4-piperidinyl) (CAS Reg. No. 42774-15-2).",Clariant Corporation USA Inc.
1879,"Jun 12, 2018",2018,Mixed esters of C5-C12 fatty acids with dipentaerythritol and/or pentaerythritol.,LANXESS Corporation
1878,,,REPLACED BY FCN 2238,
1876,"Jul 25, 2018",2018,Fluorphlogopite-based pearlescent pigments,Eckart GmbH Altana AG
1872,,,REPLACED BY FCN 2274,
1867,,,REPLACED BY FCN 1986,
1866,"Apr 21, 2018",2018,"2-Propen-1-aminium, N,N-dimethyl-N-2-propen-1-yl-, chloride (1:1), polymer with 2-propenamide, decarboxylated, hydrochlorides (CAS Reg. No. 913068-94-7). REPLACES FCN 971",SNF S.A.S.
1865,"Apr 21, 2018",2018,Isophthalic acid (CAS Reg. No. 121-91-5).,Indorama Ventures USA Inc. and its stewarded affiliates around the world
1864,"Apr 15, 2018",2018,Microfibrillated cellulose pulp.,BillerudKorsnäs AB
1862,"Apr 2, 2018",2018,Glycidyl methacrylate polymer with styrene and methyl methacrylate (CAS Reg. No. 29564-58-7).,The Sherwin-Williams Company
1860,"Mar 31, 2018",2018,"Amorphous SiOC coating applied by catalytic chemical vapor deposition, utilizing vinylsilane (CAS Reg. No. 7291-09-0) as the starting material.","Kirin Company, Ltd."
1858,"Mar 16, 2018",2018,"Polyester-polyurethane adhesive formulated from the following: Benzene, 1,1'-methylenebis[isocyanato (CAS Reg. No. 26447-40-5); hydrocinnamic acid 3,5-di-t-butyl-4-hydroxyoctadecyl ester(CAS Reg. No. 2082-79-3); 1,6-Hexanediol (CAS Reg. No. 629-11-8); 2,2-Dimethyl-1,3-propanediol (CAS Reg. No. 126-30-7); Hexanedioic acid (CAS Reg. No.124-04-9); diethylene glycol (CAS Reg. No. 111-46-6); α-Hydro-ω-hydroxypoly[oxy(methyl-1,2-ethanediyl)] (CAS Reg. No. 25322-69-4); 1,3-Benzenedicarboxylic acid (CAS Reg. No. 121-91-5); 1,3-Isobenzofurandione (CAS Reg. No. 85-44-9); Dipropylene glycol (CAS Reg. No. 25265-71-8); Trimethylolpropane (CAS Reg. No. 77-99-6); Oxirane, 2-methyl-, polymer with α-hydro-ω-hydroxypoly[oxy(methyl-1,2-ethanediyl)] and 1,1'-methylenebis[isocyanatobenzene] (CAS Reg. No. 167883-19-4); 1,3-Propanediol, 2-methyl- (CAS Reg. No.2163-42-0).","COIM USA Inc. COIM S.p.A, Italy"
1857,"Feb 24, 2018",2018,"An aqueous solution of hydrogen peroxide (CAS Reg. No. 7722-84-1), aluminum nitrate, nonahydrate (CAS Reg. No. 7784-27-2), and phosphoric acid (CAS Reg. No. 7664-38-2).","Evonik Active Oxygens, LLC"
1856,"Feb 24, 2018",2018,"An aqueous mixture of peroxyacetic acid (PAA; CAS Reg. No. 79-21-0), hydrogen peroxide (CAS Reg. No. 7722-84-1), acetic acid (CAS Reg. No. 64-19-7), 1-hydroxyethylidine-1,1-diphosphonic acid (CAS Reg. No. 2809-21-4), and optionally sulfuric acid (CAS Reg. No. 7664-93-9).",Valley Chemical Solutions
1854,"May 8, 2018",2018,"Polyurethane resin produced by reacting a mixture of 2,4-toluene diisocyanate (CAS Reg. No. 584-84-9) and 2,6-toluene diisocyanate (CAS Reg. No. 91-08-7) with polyoxyethylene-polyoxypropylene glyceryl ether (CAS Reg. No. 9082-00-2) and 1,4-butanediol (CAS Reg. No. 110-63-4).","Amorim & Irmãos, S.A."
1852,"Feb 11, 2018",2018,"2-Propenoic acid, 2-methyl-, methyl ester, polymer with 1,3-butadiene, diethenylbenzene, ethenylbenzene, and butyl 2-propenoate (CAS. Reg. No. 39373-52-9).",The Dow Chemical Company
1851,"Apr 1, 2018",2018,"An aqueous mixture of peroxyacetic acid (CAS Reg. No. 79-21-0), hydrogen peroxide (CAS Reg. No. 7722-84-1), acetic acid (CAS Reg. No. 64-19-7), 1-hydroxyethylidene-1,1-disphosphonic acid (HEDP) (CAS Reg. No. 2809-21-4), and, optionally, sulfuric acid (CAS Reg. No. 7664-93-9).","Enviro Tech Chemical Services, Inc."
1850,,,REPLACED BY FCN 2000,
1849,"Mar 30, 2018",2018,Phthalimidomethyl copper phthalocyanine (CAS Reg. No. 68411-06-3).,Heubach Colour Pvt Ltd. Heubach Colorants India Limited
1847,,,REPLACED BY FCN 2380,
1845,"Jan 23, 2018",2018,"Sodium salt of (2-propenoic acid, polymers with acrylic acid-isopropanol reaction products (CAS Reg. No. 113133-74-7)).",BASF SE
1844,"Jan 19, 2018",2018,"An aqueous mixture of peroxyacetic acid (PAA) (CAS Reg. No. 79-21-0), hydrogen peroxide (HP) (CAS Reg. No. 7722-84-1), acetic acid (CAS Reg. No. 64-19-7), 1-hydroxyethylidene-1,1-diphosphonic acid (HEDP) (CAS Reg. No. 2809-21-4), water, and, optionally, sulfuric acid (CAS Reg. No. 7664-93-9).",Valley Chemical Solutions
1843,"Apr 9, 2018",2018,"2-propenoic acid, methyl ester, polymer with 1,7-octadiene, diethenylbenzene, ethenylethylbenzene and 2-propenenitrile, modified with N1,N1-dimethyl-1,3-propanediamine",LANXESS Corporation
1842,"Mar 19, 2018",2018,"Copolymers of acrylonitrile, methyl acrylate, divinylbenzene, ethylvinylbenzene, and 1,7-octadiene, reacted with 3-(dimethylamino)-1-propylamine and chloromethane.",LANXESS Corporation
1841,"Mar 23, 2018",2018,"Hexanedioic acid polymer with 1,3-benzenedimethanamine (CAS Reg. No. 25718-70-1).","Mitsubishi Gas Chemical Company, Inc. MGC Advanced Polymers, Inc."
1840,"Jan 9, 2018",2018,"1,4-Benzenedicarboxylic acid, polymer with 1,4-cyclohexanedimethanol, 1,2-ethanediol,[4-(hydroxymethyl) cyclohexyl]methyl 4-(hydroxymethyl)cyclohexanecarboxylate, 2,2'-oxybis[ethanol] and 4,4'-[oxybis(methylene)]bis[cyclohexanemethanol] (CAS Reg. No. 1632972-01-0).","SK Chemicals Co., Ltd."
1839,"Jan 4, 2018",2018,Chromium (III) oxide (CAS Reg. No.1308-38-9).,Oerlikon Balzers Coating AG Oerlikon Surface Solutions AG
1835,"Mar 5, 2018",2018,Poly((R)-3-hydroxybutyric acid-co-(R)-3-hydroxyhexanoic acid) (CAS Reg. No. 198007-37-3).,Kaneka North America LLC
1834,"Dec 15, 2017",2017,Hydroquinone (CAS Reg. No. 123-31-9). REPLACES FCNs 1246 and 1306,Sherwin-Williams Company
1833,"Dec 15, 2017",2017,Sorbic Acid (CAS Reg. No. 110-44-1). REPLACES FCN 1305,Sherwin-Williams Company
1832,"Dec 13, 2017",2017,Diethylene glycol (CAS Reg. No. 111-46-6).,Anderson Development Company
1831,"Dec 13, 2017",2017,Tripropylene glycol (CAS Reg. No. 24800-44-0).,Anderson Development Company
1830,"Dec 13, 2017",2017,Dipropylene glycol (CAS Reg. No. 25265-71-8).,Anderson Development Company
1827,"Feb 24, 2018",2018,"Siloxanes and silicones, di-methyl, vinyl group-terminated, reaction products with polypropylene (CAS Reg. No. 1818406-81-3).","Multibase Inc. DDP Specialty Electronic Materials US 9, LLC"
1825,"Dec 1, 2017",2017,"Siloxanes and silicones, methyl-phenyl, methyl-3,3,3-trifluoropropyl (CAS Reg. No. 1643944-25-5).","Dow Silicones Corporation DDP Specialty Electronic Materials US 9, LLC"
1824,"Dec 1, 2017",2017,Poly-1-butene polymers (CAS Reg. No. 9003-28-5) and butene/ethylene copolymers (CAS Reg. No. 25087-34-7).,LyondellBasell Industries
1823,"Nov 29, 2017",2017,"An aqueous mixture of peroxyacetic acid (PAA) (CAS Reg. No. 79-21-0), hydrogen peroxide (HP) (CAS Reg. No. 7722-84-1), acetic acid (CAS Reg. No. 64-19-7), 1-hydroxyethylidine-1,1-diphosphonic acid (HEDP) (CAS Reg. No. 2809-21-4) and dipicolinic acid (DPA) (CAS Reg. No. 499-83-2).","Brainerd Chemical Company, Inc."
1821,"Nov 21, 2017",2017,"Benzenesulfonic acid, 2,2'-(1,2-ethenediyl)bis[5-[[4-(4-morpholinyl)-6-(phenylamino)-1,3,5-triazin-2-yl]amino]-, sodium salt (CAS Reg. No. 16090-02-1).",Zhejiang Hongda Chemicals Co. Ltd.
1820,"Nov 15, 2017",2017,Styrene-isobutylene block copolymer (CAS Reg. No. 9011-12-5).,"Kaneka North America, LLC"
1819,,,REPLACED BY FCN 2001,
1818,,,REPLACED BY FCN 2272,
1817,,,REPLACED BY FCN 2271,
1816,"Oct 31, 2017",2017,"1,6-Hexanediol (CAS Reg. No. 629-11-8).",Eastman Chemical Company
1815,"Dec 29, 2017",2017,"An aqueous solution of peroxyacetic acid (PAA) (CAS Reg. No. 79-21-0), hydrogen peroxide (CAS Reg. No. 7722-84-1), acetic acid (CAS Reg. No. 64-19-7), with oxalic acid (CAS Reg. No. 144-62-7) and/or maleic acid (CAS Reg. No. 110-16-7).","Evonik Active Oxygens, LLC"
1811,"Oct 13, 2017",2017,Hypochlorous acid (CAS Reg. No. 7790-92-3).,"IET, Inc., DBA EcoloxTech"
1810,"Nov 30, 2017",2017,"An aqueous mixture of peroxyacetic acid (CAS Reg. No. 79-21-0), hydrogen peroxide (CAS Reg. No. 7722-84-1), acetic acid (CAS Reg. No. 64-19-7), 1-hydroxyethylidine-1, 1-disphosphonic acid (CAS Reg. No. 2809-21-4), and optionally sulfuric acid (CAS Reg. No. 7664-93-9).",BioSafe Systems LLC
1809,"Dec 29, 2017",2017,Maleic anhydride-grafted polyethylene (CAS Reg. No. 9006-26-2).,The Dow Chemical Company
1808,"Dec 8, 2017",2017,"1,2,4,5,7,8-Hexoxonane, 3,6,9-trimethyl-, 3,6,9-tris(Et and Pr) derivs. (CAS Reg. No. 1613243-54-1)","Nouryon Functional Chemicals, LLC Nouryon Chemicals NV/SA"
1806,"Oct 4, 2017",2017,"An aqueous mixture of peroxyacetic acid (PAA) (CAS Reg. No. 79-21-0), hydrogen peroxide (HP) (CAS Reg. No. 7722-84-1), acetic acid (AA) (CAS Reg. No. 64-19-7), 1-hydroxyethylidine-1,1-diphosphonic acid (HEDP) (CAS Reg. No. 2809-21-4), and optionally sulfuric acid (SA) (CAS Reg. No. 7664-93-9). REPLACES FCN 1419","Enviro Tech Chemical Services, Inc."
1805,"Dec 20, 2017",2017,"A polymer produced from tetrafluoroethylene (CAS Reg. No. 116-14-3) and 1,1,2,2-tetrafluoro-2-((1,2,2-trifluoroethenyl)oxy)ethanesulfonyl fluoride (CAS Reg. No. 29514-94-1). The polymer is hydrolyzed and may optionally be further neutralized to its ammonium salt.","Syensqo Specialty Polymers USA, LLC"
1804,"Dec 6, 2017",2017,Chlorine dioxide (CAS Reg. No. 10049-04-4).,Selective Micro Technologies
1803,"Dec 29, 2017",2017,"Maleic anhydride, polymer with ethene and 1-hexene (CAS Reg. No. 86286-09-1).",The Dow Chemical Company
1801,"Sep 19, 2017",2017,Acrylonitrile-methacrylonitrile-methyl acrylate-trimethylolpropane trimethacrylate copolymer (CAS Reg. No. 945921-84-6).,Nouryon Pulp and Performance Chemicals AB
1800,,,REPLACED BY FCN 1927,
1799,"Sep 13, 2017",2017,"An aqueous mixture of peroxyacetic acid (CAS Reg. No. 79-21-0), hydrogen peroxide (CAS Reg. No. 7722-84-1), acetic acid (CAS Reg. No. 64-19-7), 1-hydroxyethylidine-1,1-diphosphonic acid (CAS Reg. No. 2809-21-4), and optionally sulfuric acid (CAS Reg. No. 7664-93-9).","Biosan, LLC"
1798,"Sep 1, 2017",2017,"2,2'-(1,4-phenylene)bis[4H-3,1-benzoxazin-4-one] (CAS Reg. No. 18600-59-4). REPLACES FCN 1652","Danxia Chemicals Factory Co., Ltd."
1797,"Aug 30, 2017",2017,"Copolymers of acrylamide, diallyldimethylammonium chloride, 2-methylenebutanedioic acid and propenoic acid. REPLACES FCN 1592","Harima Chemicals, Inc. Plasmine Technology, Inc."
1794,,,REPLACED BY FCN 1889,
1790,"Aug 3, 2017",2017,"Phosphoric acid, iron (2+) salt, (2:3:x) (CAS Reg. No. 14940-41-1 (anhydrous); (CAS Reg. No. 10028-23-6) (octahydrate).","Chemische Fabrik Budenheim KG, Germany Budenheim Ibérica S.L.U., Spain Budenheim USA Inc."
1789,"Sep 16, 2017",2017,High-purity furnace black (CAS Reg. No. 1333-86-4).,Cabot Corporation
1787,"Jul 18, 2017",2017,"Hexanedioic acid, polymer with hexahydro-2H-azepin-2-one and 1,6-hexanediamine (CAS Reg. No. 24993-04-2).",BASF SE
1783,"Sep 8, 2017",2017,"An aqueous mixture of peroxyacetic acid, (CAS Reg. No. 79-21-0), hydrogen peroxide (CAS Reg. No. 7722-84-1), glycerol (CAS Reg. No. 56-81-5), and optionally acetic acid (CAS Reg. No. 64-19-7) or sulfuric acid (CAS Reg. No. 7664-93-9).","Eltron Research & Development, LLC BioSafe Systems LLC"
1778,"Jun 14, 2017",2017,"1,4-Bis(2-ethylhexyl) benzenedicarboxylate (CAS Reg. No. 6422-86-2).",BASF Corporation
1777,"Aug 17, 2017",2017,"Poly[(chloro-1,4-phenylene)-1,2-ethanediyl] film (CAS Reg. No. 9052-19-1).",Galentis S.r.l.
1775,"Jun 2, 2017",2017,"2-Propenoic acid, sodium salt, homopolymer (CAS Reg. No. 9003-04-7). REPLACES FCN 946","Coatex SAS Coatex Netherlands BV Coatex, Inc. Changshu Coatex Additive COATEX Latin America Industria e Comérico Ltda"
1771,"May 26, 2017",2017,Tris(2-ethylhexyl) trimellitate (CAS Reg. No. 3319-31-1).,BASF Corporation
1770,"May 26, 2017",2017,"Polyurethane resin produced by reacting a mixture of 2,4-toluene diisocyanate (CAS Reg. No. 584-84-9) and 2,6-toluene diisocyanate (CAS Reg. No. 91-08-7) with polyoxyethylene-polyoxypropylene glyceryl ether (CAS Reg. No. 9082-00-2) and 1,4-butanediol (CAS Reg. No. 110-63-4).",Diam Bouchage SAS
1769,"May 24, 2017",2017,"Phosphorous acid, triphenyl ester, polymer with α-hydro-ω-hydroxypoly[oxy(methyl-1,2-ethanediyl)], C 10-16 alkyl esters (CAS Reg. No. 1227937-46-3)",Dover Chemical Corporation
1768,"May 18, 2017",2017,A solution of silver dihydrogen citrate stabilized with sodium lauryl sulfate and citric acid.,"Pure Bioscience, Inc."
1767,,,REPLACED BY FCN 1957,
1764,"Aug 2, 2017",2017,Chlorine dioxide (CAS Reg. No. 10049-04-4).,"Selective Micro Technologies, LLC"
1763,"May 5, 2017",2017,"2-Methylene-1,3-propanediol (MPDiol) modified ethylene-vinyl alcohol (EVOH) copolymers (CAS Reg. No. 1485481-35-3).","Kuraray Company, Ltd."
1761,"Jul 5, 2017",2017,Polycaprolactone (CAS Reg. No. 24980-41-4).,Ingevity
1756,,,REPLACED BY FCN 2079,
1755,"May 3, 2017",2017,"Benzenesulfonic acid, 2,2'-(1,2-ethenediyl)bis(5-((4-(bis(2-hydroxyethyl)amino)-6-((4-sulfophenyl)amino)-1,3,5-triazin-2-yl)amino)-, tetrasodium salt (CAS Reg. No. 16470-24-9).",Zhejiang Transfar Whyyon Chemical Co. Ltd.
1754,"Jul 22, 2017",2017,"Butanoic acid, 3-hydroxy-, (R)-, homopolymer (CAS Reg. No. 29435-48-1).","Newlight Technologies, Inc."
1753,"Apr 21, 2017",2017,"Phosphorous acid, mixed 2,4-bis(1,1-dimethylpropyl)phenyl and 4-(1,1-dimethylpropyl)phenyl triesters (CAS Reg. No. 939402-02-5).",Addivant
1752,"Jun 24, 2017",2017,"2,5-Furandione, polymer with ethene, ester with ethenol homopolymer (CAS Reg. No. 76930-37-5).",Unitika Ltd.
1751,"Jul 7, 2017",2017,"Carbonic dichloride, polymer with 2,3-dihydro-3,3-bis(4-hydroxyphenyl)-2-phenyl-1-H-isoindol-1-one and 4,4-(1-methylethylidene)bis[phenol], bis[4-(1-methyl-1-phenylethyl)phenyl] ester (CAS Reg. No. 503834-43-3).",SHPP US LLC
1749,"Apr 18, 2017",2017,"2,2,4,4-Tetramethylcyclobutane-1,3-diol (CAS Reg. No. 3010-96-6).",Eastman Chemical Company
1746,"Apr 15, 2017",2017,"Polyester-polyurethane adhesive formulated from the following: Polyurethane component prepared from allophanate-modified methane diphenyl diisocyanate, 4,4'-diphenylmethane diisocyanate (CAS Reg. No. 101-68-8), propylene oxide, ethylene oxide, 1,2-propanediol, hexamethylene diisocyanate homopolymer (CAS Reg. No. 28182-81-2), and hexamethylene diisocyanate (CAS Reg. No. 822-06-0) and Polyester/polyether/polyol component prepared from adipic acid (CAS Reg. No. 124-04-0), 1,3-benzenedicarboxylic acid (CAS Reg. No. 121-91-5), diethylene glycol (CAS Reg. No. 111-46-6), 1,2-propanediol (CAS Reg. No. 57-55-6), polypropylene glycol (CAS Reg. No. 25322-69-4), and 1,2,3-propanetriol (CAS Reg. No. 56-81-5).","Henkel, Inc."
1745,,,REPLACED BY FCN 2046,
1743,,,REPLACED BY FCN 1850,
1742,"Jun 14, 2017",2017,"2-Propenoic acid, homopolymer, sodium salt (CAS Reg. No. 9003-04-7).","Bulk Chemical Services, LLC"
1740,"Mar 31, 2017",2017,"Decanedioic acid, polymer with 11-aminoundecanoic acid and 4,4'-methylenebis[2-methylcyclohexanamine] (CAS Reg. No. 1107603-83-7).",Arkema
1739,"Jul 11, 2017",2017,"Benzene, diethenyl-, polymer with ethenylbenzene and ethenylethylbenzene, chloromethylated (CAS Reg. No. 69011-14-9).","DDP Specialty Electronic Materials US, LLC"
1738,"Mar 28, 2017",2017,"An aqueous mixture of peroxyacetic acid (CAS Reg. No. 79-21-0), hydrogen peroxide (CAS Reg. No. 7722-84-1), acetic acid (CAS Reg. No. 64-19-7), 1-hydroxyethylidine-1,1-diphosphonic acid (HEDP; CAS Reg. No. 2809-21-4), and optionally sulfuric acid (CAS Reg. No. 7664-93-9). REPLACES FCN 447","Enviro Tech Chemical Services, Inc."
1733,"Jul 7, 2017",2017,2-methyl-4-isothiazolin-3-one (CAS Reg. No. 2682-20-4).,LANXESS Corporation
1731,,,REPLACED BY FCN 1951,
1727,"Mar 18, 2017",2017,"An aqueous mixture of peroxyacetic acid (CAS Reg. No. 79-21-0), hydrogen peroxide (CAS Reg. No. 7722-84-1), acetic acid (CAS Reg. No. 64-19-7), 1-hydroxyethylidine-1,1-diphosphonic acid (HEDP) (CAS Reg. No. 2809-21-4), and optionally sulfuric acid (CAS Reg. No. 7664-93-9).","CraftChem, Inc."
1726,"Jan 26, 2017",2017,"An aqueous mixture of peroxyacetic acid (PAA)(CAS Reg. No. 79-21-0), hydrogen peroxide (HP)(CAS Reg. No. 7722-84-l), acetic acid (CAS Reg. No. 64-19-7), l-hydroxyethylidene-1,1-diphosphonic acid (HEDP) (CAS Reg. No. 2809-21-4), and, optionally, sulfuric acid (CAS Reg. No. 7664-93-9).","Evonik Active Oxygens, LLC"
1725,"Mar 28, 2017",2017,"SiO x C y H z polymeric coatings formed by plasma enhanced chemical vapor deposition, utilizing tetramethylsilane (CAS Reg. No. 75-76-3) and oxygen as the starting materials.",Party IP Holdings LLC
1724,"Jan 24, 2017",2017,"Phosphorous acid, triphenyl ester, polymer with α-hydro-ω-hydroxypoly[oxy(methyl-1,2-ethanediyl)], C 10-16 alkyl esters (CAS Reg. No. 1227937-46-3).",Dover Chemical Corporation
1723,"Jan 13, 2017",2017,"1-hexene, 3,3,4,4,5,5,6,6,6-nonafluoro-, polymer with 1,1,2,2-tetrafluoroethene (CAS Reg. No. 82606-24-4). REPLACES FCN 1065","Asahi Glass Co., Ltd. AGC Chemicals Europe AGC Chemicals Americas, Inc."
1720,"Jan 5, 2017",2017,"A mixture of 5-chloro-2-methyl-4-isothiazolin-3-one (CIT; CAS Reg. No. 26172-55-4) and 2-methyl-4-isothiazolin-3-one (MIT; CAS Reg. No. 2682-20-4) at a ratio of 3 parts to 1 part by weight, optionally stabilized with magnesium nitrate or sodium nitrate and optionally further stabilized with 0.15 percent copper (II) nitrate.","Arxada, LLC"
1718,"Feb 22, 2017",2017,"Polyurethane adhesive formulated from: Polyester resins prepared by the reaction of a mixture of acids and alcohols listed in 21 CFR 175.300 (b)(3)(vii); Isocyanate hardeners consisting of one or more of the following m-xylylene diisocyanate (CAS Reg. No. 3634-83-1), m-xylylene diisocyanate-trimethylol propane prepolymer (CAS Reg. No. 51852-81-4), 2-ethyl-1-hexanol reaction products with 1,6-diisocyanatohexane, 1,6-diisocyanatohexane (CAS Reg. No. 822-06-0), and prepolymers of them. Optional use, in either the urethane hardener or polyester resin portions of the resin, of trimethoxysilane coupling agents containing amino, epoxy, ether, or mercapto groups comprising not more than 3 percent by weight of the cured adhesive and/or the triethoxysilane coupling agent described in the notification. An inorganic filler must be included in the adhesive as described in the notification.",DIC Corporation
1717,"Apr 13, 2017",2017,"Ethene, polymer with 1-hexene and 1-propene (CAS Reg. No. 25895-46-9).",Japan Polyethylene Corporation
1716,,,REPLACED BY FCN 2097,
1715,"Feb 4, 2017",2017,"An aqueous mixture of peroxyacetic acid (PAA) (CAS Reg. No. 79-21-0), hydrogen peroxide (HP) (CAS Reg. No. 7722-84-1), acetic acid (CAS Reg. No. 64-19-7) and 1-hydroxyethylidine-1,1-diphosphonic acid (HEDP) (CAS Reg. No. 2809-21-4).","Seeler Industries, Inc."
1713,"Dec 13, 2016",2016,"An aqueous mixture of peroxyacetic acid (CAS Reg. No. 79-21-0), hydrogen peroxide (CAS Reg. No. 7722-84-1), acetic acid (CAS Reg. No. 64-19-7), and 1-hydroxyethylidene-1,1-diphosphonic acid (CAS Reg. No. 2809-21-4).","Brainerd Chemical Company, Inc."
1712,"Dec 13, 2016",2016,"1,3-Benzenedicarboxylic acid, polymer with azacyclotridecan-2-one, 1,4-benzenedicarboxylic acid and 4,4'-methylenebis[2-methylcyclohexanamine] (CAS Reg. No. 62694-40-0).",Arkema
1707,"Mar 22, 2017",2017,"1,4-Benzenedicarboxylic acid, polymer with 5-amino-1,3,3-trimethylcyclohexanemethanamine and hexahydro-2H-azepin-2-one (CAS Reg. No. 1105025-82-8).",DSM Engineering Plastics B.V.
1705,"Nov 25, 2016",2016,"Siloxanes and silicones, di-Me, hydroxyl-terminated, reaction products with silica (CAS Reg. No. 102782-80-9).",Fuji Silysia Chemical Ltd.
1704,"Jan 17, 2017",2017,Dimethyl ether (CAS Reg. No. 115-10-6).,Nobian Industrial Chemicals B.V.
1701,"Jan 10, 2017",2017,"Chromium metal, chromium (III) oxide, chromium (III) hydroxide and chromium carbide material obtained by electrodeposition onto low carbon mild steel.",Tata Steel IJmuiden B.V.; Tata Steel UK Ltd; thyssenkrupp Rasselstein GmbH
1700,"Nov 15, 2016",2016,Monochloramine (CAS Reg. No. 10599-90-3).,"Buckman Laboratories, Inc."
1699,"Nov 2, 2016",2016,"Styrene-maleic anhydride copolymer, end-capped with cumene (CAS Reg. No. 26762-29-8).","Rock Paint Co., Ltd."
1698,"Jan 10, 2017",2017,Trimethylolpropane (CAS Reg. No. 77-99-6),"Mitsubishi Gas Chemical Company, Inc."
1697,"Oct 21, 2016",2016,Tetrakis(hydroxymethyl)phosphonium sulfate (THPS) (CAS Reg. No. 55566-30-8).,LANXESS Corporation
1696,"Oct 19, 2016",2016,Pyromellitic dianhydride (CAS Reg. No. 89-32-7). REPLACES FCNs 1140 and 1238,Sherwin-Williams Company
1694,"Oct 13, 2016",2016,"An aqueous mixture of peroxyacetic acid (CAS Reg. No. 79-21-0), hydrogen peroxide (CAS Reg. No. 7722-84-1), acetic acid (CAS Reg. No. 64-19-7), 1-hydroxyethylidene-1,1-diphosphonic acid (CAS Reg. No. 2809-21-4) and optionally sulfuric acid (CAS Reg. No. 7664-93-9).","Alex C. Fergusson, LLC (AFCO)"
1693,"Nov 25, 2016",2016,"An aqueous mixture of peroxyacetic acid (PAA) (CAS Reg. No. 79-21-0), hydrogen peroxide (HP) (CAS Reg. No. 7722-84-l), acetic acid (CAS Reg. No. 64-19-7), 1-hydroxyethylidine-1,1-diphosphonic acid (HEDP) (CAS Reg. No. 2809-21-4), and optionally sulfuric acid (CAS Reg. No. 7664-93-9).",Kroff Technologies
1692,"Dec 17, 2016",2016,"Polyester-polyurethane adhesive formulated as follows: polyurethane component prepared from isophthalic acid, diethylene glycol, adipic acid, 4,4'-diphenylmethane diisocyanate (CAS Reg. No. 101-68-8) and hexamethylene diisocyanate homopolymer (CAS Reg. No. 28182-81-2); and Polyester-polyol component prepared from isophthalic acid, diethylene glycol, castor oil, propoxylated glycerol, propoxylated trimethylolpropane and caprolactam.","Henkel, Inc."
1691,"Dec 23, 2016",2016,Trimethylolpropane (CAS Reg. No. 77-99-6).,Henan Billions Chemicals Co. Ltd. Billions Europe Ltd. Billions America Corporation
1688,"Nov 30, 2016",2016,"An aqueous mixture containing peroxyacetic acid (PAA, CAS Reg. No. 79-21-0), hydrogen peroxide (HP, CAS Reg. No. 7722-84-1), acetic acid (CAS Reg. No. 64-19-7), 1-hydroxyethylidene-1,1-diphosphonic acid (HEDP, CAS Reg. No. 2809-21-4), and, optionally, sulfuric acid (CAS Reg. No. 7664-93-9).","Evonik Active Oxygens, LLC"
1686,"Dec 1, 2016",2016,"1,2-Benzisothiazolin-3-one (CAS Reg. No. 2634-33-5).","Shanghai Miken Biotech Co., Ltd."
1685,"Jan 13, 2017",2017,"Copolymer of glycidyl methacrylate and ethylene glycol dimethacrylate with 1,6-diaminohexane or ethylenediamine.",Purolite Corporation Purolite S.R.L.
1684,"Nov 17, 2016",2016,"2-Propenoic acid, 2-methyl-, polymer with ethenylbenzene and methyl 2-methyl-2-propenoate (CAS Reg. No. 25035-81-8).",Asahi Kasei Corporation
1682,"Sep 20, 2016",2016,Polycyclooctene (PCOE; CAS Reg. No. 25267-51-0) used in conjunction with cobalt stearate (CAS Reg. No. 13586-84-0). REPLACES FCN 1432,"Kuraray Company, Ltd."
1681,"Sep 20, 2016",2016,"N,N'''-1,2-Ethanediylbis[N-[3-[[4,6-bis[butyl(1,2,2,6,6-pentamethyl-4-piperidinyl)amino]-1,3,5-triazin-2-yl]amino]propyl]-N',N''-dibutyl-N',N''-bis(1,2,2,6,6-pentamethyl-4-piperidinyl)-1,3,5-triazine-2,4,6-triamine] (CAS Reg. No. 106990-43-6).",BASF Corporation
1679,"Nov 18, 2016",2016,"1,6-Hexanediol (CAS Reg. No. 629-11-8).",Sherwin-Williams Company
1674,"Sep 2, 2016",2016,"2,4,4'-Trifluorobenzophenone (TFBP) (CAS Reg. No. 80512-44-3).",Victrex Plc
1672,"Aug 31, 2016",2016,"Benzenemethanaminium, N,N-dimethyl-N-[2-[(2-methyl-1-oxo-2-propen-1-yl)oxy]ethyl]-, chloride (1:1), polymer with 2-(dimethylamino)ethyl 2-methyl-2-propenoate, N,N-dimethyl-N-[2-[(1-oxo-2-propen-1-yl)oxy]ethyl]benzenemethanaminium chloride (1:1), 2-methylenebutanedioic acid, 2-propenamide and N,N,N-trimethyl-2-[(2-methyl-1-oxo-2-propen-1-yl)oxy]ethanaminium chloride (1:1), cross-linked with dialkylacrylamide and alkylenebisacrylamide, as identified in the notification.",SEIKO PMC Corporation
1671,"Oct 26, 2016",2016,Polypropylene (CAS Reg. No. 9003-07-0).,"Idemitsu Kosan Co., Ltd."
1669,"Aug 19, 2016",2016,Tungsten suboxide (CAS Reg. No. 12037-57-9).,"Own Shining Industrial Co., Ltd."
1666,"Oct 20, 2016",2016,"An aqueous mixture of peroxyacetic acid (PAA) (CAS Reg. No. 79-21-0), hydrogen peroxide (HP) (CAS Reg. No. 7722-84-1), acetic acid (CAS Reg. No. 64-19-7), 1-hydroxyethylidene-1,1-diphosphonic acid (HEDP) (CAS Reg. No. 2809-21-4), water, and, optionally, sulfuric acid (CAS Reg. No. 7664-93-9).",Valley Chemical Solutions
1665,"Nov 2, 2016",2016,Chlorine dioxide (CAS Reg. No. 10049-04-4).,"Clordisys Solutions, Inc."
1664,"Sep 21, 2016",2016,"An aqueous mixture of peroxyacetic acid (CAS Reg. 79-21-0), hydrogen peroxide (CAS Reg. No. 7722-84-1), acetic acid (CAS Reg. 64-19-7), 1-hydroxyethylidene-1,1-diphosphonic acid (CAS Reg. 2809-21-4), and, optionally, sulfuric acid (CAS Reg. No. 7664-93-9).","CraftChem, Inc."
1663,,,REPLACED BY FCN 2338,
1662,"Sep 29, 2016",2016,"An aqueous mixture of peroxyacetic acid (PAA, CAS Reg. No. 79-21-0), hydrogen peroxide (HP, CAS Reg. No. 7722-84-1), acetic acid (CAS Reg. No. 64-19-7), 1-hydroxyethylidine-1,1-diphosphonic acid (HEDP, CAS Reg. No. 2809-21-4), dipicolinic acid (DPA, CAS Reg. No. 499-83-2) and sulfuric acid (CAS Reg. No. 7664-93-9).",Evonik Corporation
1661,"Jul 20, 2016",2016,"D-Glucitol, 1-deoxy-1-(methylamino)-, reaction products with 4-ethenylphenol homopolymer and formaldehyde, 1-hydroxyethylidene-1,1-diphosphonic acid, manganous oxide, phosphate, fluorotitanic and fluorozirconic salts. REPLACES FCN 1472",Henkel Adhesive Technologies
1660,"Oct 19, 2016",2016,"1,3-Benzenedicarboxamide, N,N'-bis(2,2,6,6-tetramethyl-4-piperidinyl) (CAS Reg. No. 42774-15-2).",Clariant Corporation USA Inc.
1659,"Oct 13, 2016",2016,"2-Pyridinethiol-1-oxide, sodium salt (CAS Reg. No. 15922-78-8; 3811-73-2)","Ecolab, Inc."
1658,"Sep 29, 2016",2016,Polyphenylene sulfide (CAS Reg. No. 25212-74-2).,"HDC Polyall Co., Ltd."
1657,"Jul 7, 2016",2016,"Cyclopentene, polymer with 1-butene, (2E)-2-butene, (2Z)-2-butene, 2-methyl-1-propene, and 1,3-pentadiene (CAS Reg. No. 220543-67-9).","ZEON Corporation ZEON Chemicals (Thailand) Co., Ltd."
1654,"Jun 28, 2016",2016,"An aqueous mixture of peroxyacetic acid (CAS Reg. No. 79-21-0), hydrogen peroxide (CAS Reg. No. 7722-84-1), acetic acid (CAS Reg. No. 64-19-7), 1-hydroxyethylidine-1,1-diphosphonic acid (HEDP) (CAS Reg. No. 2809-21-4), and optionally sulfuric acid (CAS Reg. No. 7664-93-9).","Enviro Tech Chemical Services, Inc."
1652,,,REPLACED BY FCN 1798,
1650,"Sep 15, 2016",2016,"An aqueous mixture containing peroxyacetic acid (CAS Reg. No. 79-21-0), hydrogen peroxide (CAS Reg. No. 7722-84-1), acetic acid (CAS Reg. No. 64-19-7), 1-hydroxyethylidene-1,1-diphosphonic acid (CAS Reg. No. 2809-21-4), and, optionally, sulfuric acid (CAS Reg. No. 7664-93-9).","Alex C. Fergusson, LLC (AFCO)"
1649,"Aug 27, 2016",2016,2-methyl-4-isothiazolin-3-one (CAS Reg. No. 2682-20-4).,LANXESS Corporation
1647,"Aug 6, 2016",2016,"Copolymer of 4-hydroxybenzoic acid, 4,4'-dihydroxybiphenyl, terephthalic acid, and isophthalic acid (CAS Reg. No. 60088-52-0), manufactured as described in the notification.","Sumitomo Chemical Co., Ltd."
1646,"Aug 4, 2016",2016,"A mixture of 5-chloro-2-methyl-4-isothiazolin-3-one (CMIT; CAS Reg. No. 26172-55-4) and 2-methyl-4-isothiazolin-3-one (MIT; CAS Reg. No. 2682-20-4) at a ratio of 3 parts to 1 part by weight, stabilized with magnesium nitrate (CAS Reg. No.: 10377-60-3) and/or magnesium chloride (CAS Reg. No. 7786-30-3), and further stabilized with 0.15% copper (II) nitrate (CAS Reg. No.: 19004-19-4).",Troy Corporation
1644,"Jun 18, 2016",2016,High-frequency plasma polymerized hexamethyldisiloxane.,"Nissei ASB Machine Co., Ltd"
1643,,,REPLACED BY FCN 1818,
1641,"Apr 7, 2016",2016,"An aqueous mixture containing peroxyacetic acid (CAS Reg. No. 79-21-0), hydrogen peroxide (CAS Reg. No. 7722-84-1), acetic acid (CAS Reg. No. 64-19-7), 1-hydroxyethylidene-1,1-diphosphonic acid (HEDP) (CAS Reg. No. 2809-21-4), dipicolinic acid (CAS Reg. No. 499-83-2), and sodium hydroxide (CAS Reg. No. 1310-73-2).","Solvay Chemicals, Inc."
1639,,,REPLACED BY FCN 2036,
1638,"Jun 21, 2016",2016,"An aqueous mixture of peroxyacetic acid (CAS Reg. No. 79-21-0), hydrogen peroxide (CAS Reg. No. 7722-84-1), acetic acid (CAS Reg. No. 64-19-7), 1-hydroxyethylidine-1,1-diphosphonic acid (HEDP) (CAS Reg. No. 2809-21-4), and optionally, sulfuric acid (CAS Reg. No. 7664-93-9).","Xgenex, LLC"
1637,"Jun 2, 2016",2016,"Butanoic acid, 3-oxo-, 2-[(2-methyl-1-oxo-2-propen-1-yl)oxy]ethyl ester (CAS Reg. No. 21282-97-3).",Eastman Chemical Company
1636,"Mar 22, 2016",2016,Acrylonitrile-methyl methacrylate-trimethylolpropane trimethacrylate copolymer (CAS Reg. No. 57912-88-6).,Nouryon Pulp and Performance Chemicals AB
1634,"Jun 21, 2016",2016,Chlorine dioxide (CAS Reg. No. 10049-04-4).,"Clordisys Solutions, Inc."
1633,"Mar 18, 2016",2016,"A mixture of 5-chloro-2-methyl-4-isothiazolin-3-one (CIT; CAS Reg. No. 26172-55-4) and 2-methyl-4-isothiazolin-3-one (MIT; CAS Reg. No. 2682-20-4) at a ratio of 3 parts to 1 part by weight, optionally stabilized with magnesium or sodium nitrate and optionally further stabilized with 0.15 percent copper(II) nitrate.",LANXESS Corporation
1632,"Mar 17, 2016",2016,Hydroquinone (CAS Reg. No. 123-31-9).,Sherwin-Williams Company
1630,"May 12, 2016",2016,"Cyclopentene, polymer with 1-butene, (2E)-2-butene, (2Z)-2-butene, 2-methyl-1-propene, and 1,3-pentadiene (CAS Reg. No. 220543-67-9).","ZEON Corporation ZEON Chemicals (Thailand) Co., Ltd."
1629,"Mar 12, 2016",2016,Activated charcoal (CAS Reg. No. 64365-11-3).,Lund Food Holdings
1627,"May 10, 2016",2016,Vinyltrimethoxysilane (CAS Reg. No. 2768-02-7).,"Kuraray Company, Ltd."
1622,"Apr 15, 2016",2016,"An aqueous mixture of peroxyacetic acid (CAS Reg. No. 79-21-0), hydrogen peroxide (CAS Reg. No. 7722-84-1), acetic acid (CAS Reg. No. 64-19-7), and 1-hydroxyethylidine-1,1-diphosphonic acid (CAS Reg. No. 2809-21-4).","Brainerd Chemical Company, Inc."
1618,"Feb 5, 2016",2016,"2,6-naphthalenedicarboxylic acid, polymer with 1,4-benzenedicarboxylic acid, [1,1'-biphenyl]-4,4'-diol and 4-hydroxybenzoic acid (CAS Reg. No. 126710-16-5).","Chang Chun Plastics Co., Ltd."
1617,"Mar 29, 2016",2016,"Reaction product of 4,4-methylenediphenyl diisocyanate (MDI) with octylamine and oleylamine (9-octadecene-1-amine).",Klüber Lubrication München SE & Co. KG
1615,"Feb 3, 2016",2016,"Hexanoic acid, 3,5,5-trimethyl-, 1,1-[oxybis[2,2-bis[[(3,5,5-trimethyl-1-oxohexyl)oxy]methyl]-3,1-propanediyl]] ester (CAS Reg. No. 65870-97-5).",NYCO
1609,"Jan 26, 2016",2016,"Agarose, polymer with 2-(chloromethyl)oxirane, 2-hydroxy-3-(2-propen-1-yloxy)propyl ether, polymer with 1-ethenyl-2-pyrrolidinone, graft (CAS Reg. No. 1613113-98-6).",GE Healthcare Bio-Sciences AB
1606,"Mar 24, 2016",2016,Hypochlorous acid (CAS Reg. No. 7790-92-3) diluted from concentrated solution.,"KAY Chemical Company, a Division of Ecolab, Inc."
1605,"Jan 9, 2016",2016,"Octadecyl 3,5-di-tert-butyl-4-hydroxyhydrocinnamate (CAS Reg. No. 2082-79-3).",BASF Corporation
1604,"Jan 9, 2016",2016,"Isotridecanol phosphite condensation product with butylidenebis(2-(1,1-dimethylethyl)-5-methyl-4,1-phenylene).",ADEKA Corporation
1601,"Mar 5, 2016",2016,"2,3,3,4,4,5,5-Heptafluoro-1-pentene polymer with ethene and tetrafluoroethene (CAS Reg. No.. 94228-79-2) .","Daikin Industries, LTD"
1600,"Jan 7, 2016",2016,A solution of silver dihydrogen citrate stabilized with sodium lauryl sulfate and citric acid.,"Pure Bioscience, Inc."
1599,"Jan 6, 2016",2016,"1-Propanaminium, N,N,N-trimethyl-3-[(1-oxo-2-propen-1-yl)amino]-, chloride (1:1), polymer with ethenamine and 2-propenamide, hydrochloride (CAS Reg. No. 1659307-53-5).",Solenis LLC
1597,"Feb 18, 2016",2016,"Polyester-polyurethane adhesive formulated from the following: Polyurethane component prepared from polypropylene glycol, toluene diisocyanate, allophanate-modified methane diphenyl diisocyanate and 4,4'-diphenylmethane diisocyanate (CAS Reg. No. 101-68-8). Polyester component (CAS Reg. No. 1429057-80-6) prepared by the reaction of 1,3-benzenedicarboxylic acid and diethylene glycol, trans-esterified with castor oil.","Henkel, Inc."
1596,"Feb 18, 2016",2016,"Polyester-polyurethane adhesive formulated from the following: Polyurethane component prepared from allophanate-modified methane diphenyl diisocyanate, 4,4'-diphenylmethane diisocyanate (CAS Reg. No. 101-68-8), propylene oxide, ethylene oxide, 1,2-propanediol, hexamethylene diisocyanate homopolymer (CAS Reg. No. 28182-81-2) and hexamethylene diisocyanate (CAS Reg. No. 822-06-0). Polyester component (CAS Reg. No. 1429057-80-6) prepared by the reaction of 1,3-benzenedicarboxylic acid and diethylene glycol, trans-esterified with castor oil.","Henkel, Inc."
1595,,,REPLACED BY FCN 1950,
1594,"Jan 26, 2016",2016,"An aqueous mixture of peroxyacetic acid (CAS Reg. No. 79-21-0), hydrogen peroxide (CAS Reg. No. 7722-84-1), acetic acid (CAS Reg. No. 64-19-7), 1-hydroxyethylidene-1,1-diphosphonic acid (HEDP) (CAS Reg. No. 2809-21-4), and, optionally, sulfuric acid (CAS Reg. No. 7664-93-9).",Valley Chemical Solutions
1592,,,REPLACED BY FCN 1797,
1590,"Nov 25, 2015",2015,Chromium Nitride (CAS Reg. No. 24094-93-7),Euclid Refinishing Inc. DBA Surftech Inc.
1589,"Nov 24, 2015",2015,"2,5-Furandione, dihydro-, mono-C 15 - 20 -alkenyl derivs. (CAS Reg. No. 68784-12-3)",Omya International AG and its affiliates
1588,"Nov 19, 2015",2015,"Diphosphoric acid, copper (2+) salt, hydrate (1:2:x) (CAS Reg. No. 16570-28-8) (Note: where x is unspecified, therefore this submission can cover both the anhydrous and hydrated versions of copper pyrophosphate.)",Chemische Fabrik Budenheim KG
1587,"Jan 27, 2016",2016,Tris(2-ethylhexyl) trimellitate (CAS Reg. No. 3319-31-1).,BASF Corporation
1584,"Jan 15, 2016",2016,"Polyester-polyurethane adhesive formulated from the following: Polyurethane component prepared from polypropylene glycol, toluene diisocyanate, allophanate-modified methane diphenyl diisocyanate and 4,4'-diphenylmethane diisocyanate (CAS Reg. No. 101-68-8), and Polyester/polyol component, prepared from adipic acid, diethylene glycol, methyloxirane polymer, and 1,1,1-tris(hydroxymethyl)propane.","Henkel, Inc."
1583,"Jan 15, 2016",2016,"Polyester-polyurethane adhesive formulated from the following: Polyurethane component prepared from allophanate-modified methane diphenyl diisocyanate, 4,4'-diphenylmethane diisocyanate (CAS Reg. No. 101-68-8), propylene oxide, ethylene oxide, 1,2-propanediol, hexamethylene diisocyanate homopolymer (CAS Reg. No. 28182-81-2) and hexamethylene diisocyanate (CAS Reg. No. 822-06-0) and Polyester/polyol component, prepared from adipic acid, diethylene glycol, methyloxirane polymer, and 1,1,1-tris(hydroxymethyl)propane.","Henkel, Inc."
1582,"Nov 6, 2015",2015,Microfibrillated cellulose pulp,"Americarb, Inc."
1580,"Jan 26, 2016",2016,"An aqueous mixture of peroxyacetic acid (CAS Reg. No. 79-21-0), hydrogen peroxide (CAS Reg. No. 7722-84-1), acetic acid (CAS Reg. No. 64-19-7), and 1-hydroxyethylidine-1,1-diphosphonic acid (HEDP) (CAS Reg. No. 2809-21-4).","Brainerd Chemical Company, Inc."
1579,"Nov 3, 2015",2015,"Benzoic acid, 4-[(4-chlorobenzoyl)amino]-, sodium salt (1:1) (CAS Reg. No. 1489170-67-3)",Milliken & Company
1578,"Jan 26, 2016",2016,Chlorine dioxide (CAS Reg. No. 10049-04-4).,"Selective Micro Technologies, LLC"
1576,"Oct 30, 2015",2015,Pentaerythritol tetra(3-dodecylthiopropionate) (CAS Reg. No. 29598-76-3).,Addivant
1574,,,REPLACED BY FCN 1817,
1573,"Dec 11, 2015",2015,"Poly[imino-1,4-butanediylimino(1,10-dioxo-1,10-decanediyl)] (CAS Reg. No. 26247-06-3)",DSM Engineering Plastics B.V.
1570,"Oct 16, 2015",2015,Amorphous hydrogenated carbon coating produced from acetylene as the carbon source in a radio-frequency plasma as described in the notification.,Mitsubishi Corporation Plastics Ltd.
1569,"Dec 18, 2015",2015,A solution of silver dihydrogen citrate stabilized with sodium lauryl sulfate and citric acid,"Pure Bioscience, Inc."
1562,,,REPLACED BY FCN 1847,
1560,"Sep 18, 2015",2015,Vinylidene fluoride-hexafluoropropene copolymer (CAS Reg. No. 9011-17-0).,"Arkema, Inc."
1558,"Aug 26, 2015",2015,"An aqueous mixture of hydrogen peroxide (HP; CAS Reg. No. 7722-84-1), percitric acid (CAS Reg. No. 127542-88-5), perlactic acid (CAS Reg. No. 75033-25-9), citric acid (CAS Reg. No. 77-92-9), and lactic acid (CAS Reg. No. 79-33-4), manufactured and characterized as further described in the notification.","Mantrose-Haeuser Co., Inc."
1557,"Aug 26, 2015",2015,"Octadecyl 3,5-di-tert-butyl-4-hydroxyhydrocinnamate (CAS Reg. No. 2082-79-3). REPLACES FCN 1206",BASF Schweiz AG
1556,,,REPLACED BY FCN 2089,
1554,"Oct 27, 2015",2015,"An aqueous mixture of peroxyacetic acid (CAS Reg. No. 79-21-0), hydrogen peroxide (CAS Reg. No. 7722-84-1), acetic acid (CAS Reg. No. 64-19-7), and 1-hydroxyethylidine-1,1-diphosphonic acid (CAS Reg. No. 02809-21-4), and, optionally, sulfuric acid (CAS Reg. No. 7664-93-9).","BioSafe Systems, LLC"
1553,"Oct 9, 2015",2015,"2-Propen-1-aminium, N,N-dimethyl-N-2-propen-1-yl-, chloride (1:1), polymer with ethanedial and 2-propenamide (CAS Reg. No. 32555-39-8).",BASF Corporation
1548,"Sep 2, 2015",2015,"2-Propenoic acid, polymer with sodium 2-hydroxy-3-(2-propen-1-yloxy)-1-propanesulfonate (1:1) and α-sulfo-ω-(2-propen-1-yloxy)poly(oxy-1,2-ethanediyl) ammonium salt (1:1), sodium salt (CAS Reg. No. 903573-39-7).","Veolia WTS USA, Inc."
1545,"Jul 7, 2015",2015,"Phosphorous acid, triphenyl ester, polymer with α-hydro-ω-hydroxypoly[oxy(methyl-1,2- ethanediyl)], C 10-16 alkyl esters (CAS Reg. No. 1227937-46-3). REPLACES FCN 1429",Dover Chemical Corporation
1544,"Jul 1, 2015",2015,"Phosphorous acid, mixed 2,4-bis(1,1-dimethylpropyl)phenyl and 4-(1,1-dimethylpropyl)phenyl triesters (CAS Reg. No. 939402-02-5) REPLACES FCN 1422, FCN 1466, FCN 1251 and FCN 1183",Addivant
1539,"Jun 19, 2015",2015,Ethylene/hexene copolymers containing up to 50 weight percent polymer units derived from hexene (CAS Reg. No. 25213-02-9).,The Dow Chemical Company
1538,"Jun 9, 2015",2015,Ethylene-propylene copolymers (CAS Reg. No. 9010-79-1),Pinnacle Polymers
1535,"Jun 4, 2015",2015,"Benzenesulfonic acid, 2,2'-(1,2-ethenediyl)bis[5-[[4-[bis(2-hydroxyethyl)amino]-6-[(4-sulfophenyl)amino]-1,3,5-triazin-2-yl]amino]-, tetrasodium salt (CAS Reg. No. 16470-24-9).",Paramount Minerals and Chemicals Limited
1534,"May 26, 2015",2015,"1,3-Benzenedicarboxylic acid, polymer with azacyclotridecan-2-one, 1,4-benzenedicarboxylic acid and 4,4'-methylenebis[2-methylcyclohexanamine] (CAS Reg. No. 62694-40-0)",EMS-Chemie AG
1533,"May 23, 2015",2015,"Cross-linked 2-propenoic acid, homopolymer, sodium salt (CAS Reg. No. 9003-04-7) REPLACES FCN 1388",McAirlaid's Inc.
1532,"May 15, 2015",2015,"Acetic acid ethenyl ester, polymer with 1-ethenyl-2-pyrrolidinone (CAS Reg. No. 25086-89-9)",Nestlé Infant Nutrition and Sartorius Stedim Biotech GmbH
1531,"Jul 2, 2015",2015,"Polyester-urethane adhesive formulated from: Polyester resin prepared by the reaction of a mixture of polybasic acids and polyhydric alcohols listed in 21 CFR 175.300(b)(3)(vii) and 2,2-dimethyl-1,3-propanediol (CAS Reg. No. 126-30-7), and glycerol polyoxypropylene triol (CAS Reg. No. 25791-96-2). Urethane cross-linking agent comprising not more than 40 percent by weight of the cured adhesive and formulated from 1,6-hexanediisocyanate (CAS Reg. No. 822-06-0) adducted with isobutanol (CAS Reg. No. 78-83-1) and the reaction with the polyester resin and 1,3-bis(isocyanatomethyl) benzene (CAS Reg. No. 3634-83-1) and/or 3-isocyanatomethyl-3,5.5-trimethylcyclohexyl isocyanate cyanurate (CAS Reg. No. 53880-05-0). Optional trimethoxysilane coupling agents containing amino, epoxy, ether, and/or mercapto groups not to exceed 3 percent by weight of the cured adhesive.","Mitsui Chemicals, Inc."
1529,"May 5, 2015",2015,"Silanediol, 1,1-dimethyl-, polymer with ethene, triblock (CAS Reg. No. 837387-70-9)","Mitsui Fine Chemicals, Inc."
1528,"Jun 27, 2015",2015,"Polymers composed of a 50-60 weight-percent ethyl acrylate (CAS Reg. No. 140-88-5), 36-40 weight-percent methacrylic acid (CAS Reg. No. 79-41-4), and up to 10 weight-percent mixture of poly(oxy-1,3-ethanediyl), α-(2-methyl-1-oxo-2-propen-1-yl)-ω-hydoxy-, C 16-18 -alkyl ethers (CAS Reg. No. 70879-51-5) and/or poly(oxy-1,3-ethanediyl), α-(2-methyl-1-oxo-2-propen-1-yl)-ω-hydoxy-, C 12-14 -alkyl ethers (CAS Reg. No. 72275-82-2).",The Dow Chemical Company
1525,"Apr 18, 2015",2015,"2-Propenoic acid, butyl ester, polymer with 1,3-butadiene, ethenylbenzene and 2-propenenitrile (CAS Reg. No. 26657-42-1).",Trinseo LLC
1522,"May 28, 2015",2015,"An aqueous mixture of peroxyacetic acid (CAS Reg. No. 79-21-0), hydrogen peroxide (CAS Reg. No. 7722-84-1), acetic acid (CAS Reg. No. 64-19-7), 1-hydroxyethylidine-1,1-diphosphonic acid (HEDP, CAS Reg. No. 2809-21-4), dipicolinic acid (DPA, CAS Reg. No. 499-83-2) and sulfuric acid (CAS Reg. No. 7664-93-9)",Evonik Corporation
1515,"Mar 6, 2015",2015,"A mixture of 5-chloro-2-methyl-4-isothiazolin-3-one (CAS Reg. No. 26172-55-4) and 2-methyl-4-isothiazolin-3-one (CAS Reg. No. 2682-20-4) at a ratio of 3 parts to 1 part by weight, optionally stabilized with magnesium or sodium nitrate and further stabilized with 0.15% copper (II) nitrate.",Thor GmbH
1514,"May 21, 2015",2015,"An aqueous mixture of peroxyacetic acid (CAS Reg. No. 79-21-0), hydrogen peroxide (CAS Reg. No. 7722-84-1), acetic acid (CAS Reg. No. 64-19-7), sulfuric acid (CAS Reg. No. 7664-93-9), and 1-hydroxyethylidene-1,1-diphosphonic acid (HEDP) (CAS Reg. No. 2809-21-4)",Valley Chemical Solutions
1513,"Apr 28, 2015",2015,"Polyacrylic acid, partially neutralized sodium salt, polymer (CAS Reg. No. 68479-09-4).",Ecolab Inc.
1512,"May 8, 2015",2015,"Polyacrylic acid, neutralized sodium salt, polymer (CAS Reg. No. 292842-03-6)",Ecolab Inc.
1511,"Apr 29, 2015",2015,"Polymaleic acid, homopolymer (CAS Reg. No. 26099-09-2).",Ecolab Inc.
1510,"Feb 26, 2015",2015,"Polyethylene terephthalate copolyesters (diethylene glycol-isophthalate modified) prepared by the condensation of dimethyl terephthalate or terephthalic acid and ethylene glycol with one or more of the following: dimethyl isophthalate, isophthalic acid, and diethylene glycol.","Nan Ya Plastics Corporation, America"
1509,"Feb 19, 2015",2015,"Copolymer of polyethylene glycol dimethacrylate, trimethylolpropane trimethacrylate and 2-hydroxyethyl methacrylate.",Pall Corporation
1508,,,REPLACED BY FCN 2014,
1507,"Feb 18, 2015",2015,"Styrene block polymer with 1,3-butadiene, hydrogenated (CAS Reg. No. 66070-58-4).","Kuraray Co., Ltd. Kuraray America, Inc. Kuraray Europe GmbH"
1505,"Feb 5, 2015",2015,"Polyester-polyurethane adhesive formulated from the following: Polyurethane component prepared by the reaction of allophonate modified methane diphenyl diisocyanate (CAS Reg. No. 201615-11-4), 4,4'-diphenylmethane diisocyanate (CAS Reg. No. 101-68-8), polypropylene glycol, toluene diisocyanate (CAS Reg. No. 26471-62-5), hexamethylene diisocyanate homopolymer (CAS Reg. No. 28182-81-2) and Polyester/polyol component, a mixture of polyesters and polyether polyols prepared by the reaction of adipic acid, 1,3-benzenedicarboxylic acid, gallic acid, diethylene glycol, 1,2-propanediol, methyloxirane polymer, 1,1,1-tris(hydroxymethyl)propane, and 1,2,3-propanetriol.","Henkel, Inc."
1503,"Feb 3, 2015",2015,1-hydroxy-4-(p-toluidino)anthraquinone (CAS Reg. No. 81-48-1).,"Americas Styrenics, LLC"
1502,,,REPLACED BY FCN 1794,
1501,"Mar 21, 2015",2015,"An aqueous mixture of peroxyacetic acid (CAS Reg. No. 79-21-0), hydrogen peroxide (CAS Reg. No. 7722-84-1), acetic acid (CAS Reg. No. 64-19-7), 1-hydroxyethylidine-1,1-diphosphonic acid (CAS Reg. No. 2809-21-4), and, optionally, sulfuric acid (CAS Reg. No. 7664-93-9).",Arkema Inc. and Biosafe Systems
1500,"May 5, 2015",2015,"2-Propenoic acid, polymer with butyl 2-propenoate, ethenylbenzene, N-(hydroxymethyl)-2-methyl-2-propenamide and 2-methyl-2-propenamide (CAS Reg. No. 71477-85-5)",BASF SE
1499,"Apr 2, 2015",2015,"2-Propenoic acid, 2-methyl-, methyl ester, polymer with 1,3-butadiene, diethenylbenzene, ethenylbenzene and ethyl 2-propenoate (CAS Reg. No. 59858-50-3).",The Dow Chemical Company
1498,"Jan 20, 2015",2015,"Copolymer of ethylene glycol dimethacrylate, butyl methacrylate, and glycidyl methacrylate (CAS Reg. No. 133396-60-8).",Alcresta Inc.
1497,"Apr 4, 2015",2015,"2-oxiranone, 3-methylene, homopolymer (CAS Reg. No. 56385-15-0).",Kemira Oyj
1496,"Mar 6, 2015",2015,Pyrophyllite (CAS Reg. No. 12269-78-2),Trinity Resources Ltd.
1495,,,REPLACED BY FCN 2046,
1494,"Jan 6, 2015",2015,"1-Naphthalenamine, N-phenyl- ar -(1,1,3,3-tetramethylbutyl)- (CAS Reg. No. 68259-36-9) (paraisomer).","Vanderbilt Chemicals, LLC"
1492,"Dec 26, 2014",2014,Sodium alkyl (C10-16) ethoxylated sulfate,Solvay USA LLC; Specialty Operations France; Solvay (Zhenjiang) Chemicals
1491,"Dec 25, 2014",2014,Isophorone diisocyanate (CAS Reg. 4098-71-9),Sherwin-Williams Company
1490,"Feb 20, 2015",2015,"An aqueous mixture of peroxyacetic acid (CAS Reg. No. 79-21-0), hydrogen peroxide (CAS Reg. No. 7722-84-1), acetic acid (CAS Reg. No. 64-19-7), sulfuric acid (CAS Reg. No. 7664-93-9), and 1-hydroxyethylidene-1,1-diphosphonic acid (HEDP) (CAS Reg. No. 2809-21-4).",Valley Chemical Solutions
1488,"Dec 12, 2014",2014,N-ethyl- p -toluenesulfonamide (CAS Reg. 80-39-7),Berry Plastics Corporation
1487,"Dec 12, 2014",2014,N-ethyl- o -toluenesulfonamide (CAS Reg. 1077-56-1),Berry Plastics Corporation
1486,"Dec 6, 2014",2014,"2-Propenoic acid, polymer with ethanedial and 2-propenamide (CAS Reg. 65505-03-5) containing acrylamide and acrylic acid which is then reacted with not more than 30 weight percent glyoxal.","Nalco, Ecolab Company"
1483,"Dec 3, 2014",2014,"2-Propenoic acid, 2-methylpropyl ester, polymer with 1,1-dimethylethyl propionate (CAS Reg. 186454-07-9)",The Sherwin-Williams Company
1481,"Jan 30, 2015",2015,"Styrene/butadiene/acrylonitrile (SBA) copolymers (CAS Reg. No., exclusive of minor monomers: 9003-56-9) containing no more than 30 weight percent acrylonitrile and no more than 10 weight percent of total polymer units from one or more of the following monomers: acrylic acid and itaconic acid.",BASF Corporation
1479,"Jan 16, 2015",2015,"1-Pentene, 4-methyl-, polymer with 1-propene (CAS Reg. No. 25119-95-3).","Mitsui Chemicals, Inc."
1478,"Nov 18, 2014",2014,"Phosphorous acid, cyclic neopentanetetrayl bis(2,4-di-tert-butylphenyl) ester (CAS Reg. No. 26741-53-7)",Addivant
1477,"Jan 6, 2015",2015,"An aqueous mixture of peroxyacetic acid (CAS Reg. No. 79-21-0), hydrogen peroxide (CAS Reg. No. 7722-84-1), acetic acid (CAS Reg. No. 64-19-7), 1-hydroxyethylidine-1,1-diphosphonic acid (HEDP, CAS Reg. No. 2809-21-4), dipicolinic acid (CAS Reg. No. 499-83-2) and sulfuric acid (CAS Reg. No. 7664-93-9).",Evonik Corporation
1476,"Nov 14, 2014",2014,"2,6-Naphthalenedicarboxylic acid, polymer with 1,4-benzenedicarboxylic acid, [1,1'-biphenyl]-4,4'-diol and 4-hydroxybenzoic acid (CAS Reg. No. 126710-16-5)",Chang Chun Plastics
1475,"Nov 7, 2014",2014,Polyoxypropylene-polyoxyethylene condensate (CAS Reg. No. 9003-11-6),The Dow Chemical Company
1473,"Nov 4, 2014",2014,"1,4-bis(2-ethylhexyl) benzenedicarboxylate (CAS Reg. No. 6422-86-2).",BASF Corporation
1472,,,REPLACED BY FCN 1661,
1471,"Oct 30, 2014",2014,"An aqueous solution of hydrogen peroxide (CAS Reg. No. 7722-84-1) containing hydrogen peroxide at levels of up to 50 percent, manufactured and characterized as further described in the notification.","Evonik Active Oxygens, LLC"
1470,"Jan 1, 2015",2015,Hypochlorous acid (CAS Reg. No. 7790-92-3) electrolytically generated in dilute solution. REPLACES FCN 692,"KAY Chemical Company, a Division of Ecolab, Inc."
1469,"Oct 29, 2014",2014,"A mixture of 5-chloro-2-methyl-4-isothiazolin-3-one (CIT; CAS Reg. No. 26172-55-4) and 2-methyl-4-isothiazolin-3-one (MIT; CAS Reg. No. 2682-20-4) at a ratio of 3 parts to 1 part by weight, optionally stabilized with magnesium or sodium nitrate at a 1 to 1 ratio (weight/weight) with the sum of isothiazolones and further stabilized with 0.15 percent copper (II) nitrate.",Thor GmbH
1466,,,REPLACED BY FCN 1544,
1465,"Oct 22, 2014",2014,"An aqueous mixture of peroxyacetic acid (CAS Reg. 79-21-0), hydrogen peroxide (CAS Reg. No. 7722-84-1), acetic acid (CAS Reg. 64-19-7), and 1-hydroxyethylidine-1,1-diphosphonic acid (CAS Reg. 02809-21-4).","CraftChem, Inc."
1463,"Oct 21, 2014",2014,"Tris(2,4-di- tert -butylphenyl)phosphite (CAS Reg. No. 31570-04-4).","Everspring Chemical Co., Ltd."
1462,"Oct 21, 2014",2014,"Copolymer of 1,2,4-benzenetricarboxylic anhydride, 4,4'-diphenylmethane diisocyanate, and 3,3'-dimethyl-4,4'-biphenylene diisocyanate (CAS Reg. No. 133078-67-8).","Showa Denko Materials Co., Ltd."
1461,"Oct 14, 2014",2014,Tricyclodecanedimethanol (CAS Reg. No. 26160-83-8).,OQ Chemicals GmbH
1460,,,REPLACED BY FCN 2107,
1458,"Oct 1, 2014",2014,"Benzenesulfonic acid, 2,2'-(1,2-ethenediyl)bis(5-((4-(bis(2-hydroxyethyl)amino)-6-((4-sulfophenyl)amino)-1, 3, 5-triazin-2-yl)amino)-, tetrasodium salt (CAS Reg. No. 16470-24-9).",Verso Corporation
1457,"Nov 28, 2014",2014,Trimethylolpropane tricaprylate/tricaprate (CAS Reg. No. 11138-60-6),Hubergroup Canada Ltd.
1456,"Nov 11, 2014",2014,"2-Propenoic acid, polymer with 1,1'-(1,4-butanediyl) di-2-propenoate, isooctyl 2-propenoate, α-(2-methyl-1-oxo-2-propen-1-yl)-ω-methoxypoly(oxy-1,2-ethanediyl) and sodium 4-ethenylbenzenesulfonate (1:1) (CAS Reg. No. 1613467-46-1)",3M Industrial Adhesives & Tapes
1455,"Dec 10, 2014",2014,"(3S,6S)-3,6-dimethy1-1,4-dioxane-2,5-dione, (3R,6R)-3,6-dimethyl-1,4-dioxane-2,5-dione, 1,6-diisocyanatohexane and 1,3-propanediol copolymer","SK Chemical Co., Ltd."
1454,"Sep 18, 2014",2014,"2-((1-(((2,3-Dihydro-2-oxo-1H-benzimidazol-5-yl)amino)carbonyl)-2-oxopropyl)azo)benzoic acid (CAS Reg. No. 31837-42-0).",Clariant International AG
1453,"Sep 5, 2014",2014,"1,2-Benzisothiazolin-3-one (BIT) (CAS Reg. No. 2634-33-5).",Thor GmbH
1452,"Sep 4, 2014",2014,Hydroquinone (CAS Reg. No. 123-31-9).,Sherwin-Williams Company
1450,"Oct 21, 2014",2014,"2-Propen-1-aminium,N,N-dimethyl-N-2-propenyl-,chloride, polymer with 2-propenamide and 2-propenoic acid (CAS Reg. No. 25136-75-8).",BASF Corporation
1449,"Aug 29, 2014",2014,"Polyphosphoric acids, polymers with hydroxyl-terminated epoxidized polybutadiene (CAS Reg. No. 1429907-37-8).","Akzo Nobel Coatings Inc. Akzo Nobel Coatings (Tianjin) Co., Ltd. Akzo Nobel Coatings (Jiaxing) Co. Ltd. LLC Petrokom Lipetsk Server Boya Matbaa Mürekkeplen ve Vernik Sanayi ve Ticaret A.S. Akzo Nobel Performance Coatings (Shanghai) Co., Ltd. Akzo Nobel Industrial Finishes AB Akzo Nobel Industrial Coatings Sdn Bhd Akzo Nobel Packaging Coatings Limited Akzo Nobel Packaging Coatings S.A.S. Akzo Nobel Packaging Coatings GmbH Akzo Nobel Packaging Coatings S.A."
1448,"Aug 28, 2014",2014,Vinylidene fluoride-hexafluoropropene copolymer (CAS Reg. No. 9011-17-0).,"Arkema, Inc."
1447,"Aug 28, 2014",2014,Propylene/1-butene/ethylene copolymer (CAS Reg. No. 25895-47-0).,"Mitsui Chemicals, Inc."
1446,"Aug 21, 2014",2014,"1,2-Benzisothiazolin-3-one (CAS Reg. No. 2634-33-5).",Thor GmbH
1445,"Sep 26, 2014",2014,"Diethylenetriamine penta(methylene phosphonic acid), sodium salt (DTPMP) (CAS Reg. No. 22042-96-2).",Kemira Oyj
1444,,,REPLACED BY FCN 2089,
1443,"Aug 5, 2014",2014,"Copper, [C,C,C,C-tetrachloro-29H,31H-phthalocyaninato(2-)-N29,N30,N31,N32] (CAS Reg. No. 27614-71-7).",Colors and Effects USA LLC
1442,"Oct 8, 2014",2014,"2-Propenonic acid, polymer with 2,5-furandione, sodium salt (CAS Reg. No. 52255-49-9).",Kemira Oyj
1441,"Aug 1, 2014",2014,Tungsten Oxide (CAS Reg. No. 39318-18-8).,"ColorMatrix Group, Polyone"
1440,"Oct 25, 2014",2014,Dimethyl ether (CAS Reg. No. 115-10-6).,Nouryon Performance Formulations B.V.
1439,"Sep 24, 2014",2014,"Decanedioic acid, polymer with 1,10-decanediamine (CAS Reg. No. 27815-37-8).",Evonik Industries AG
1437,"Jul 26, 2014",2014,"Tin antimony oxide (CAS Reg. No. 12673-86-8), also known as tin antimony gray cassiterite.","Nyacol Nano Technologies, Inc."
1436,"Oct 16, 2014",2014,Butene/ethylene copolymers (CAS Reg. No. 25087-34-7).,LyondellBasell Industries
1435,"Jul 24, 2014",2014,Calcium aluminum hydroxyl carbonate (CAS Reg. No. 65997-16-2).,Nabaltec AG
1434,"Jul 16, 2014",2014,Reaction product of hexamethylene diisocyanate trimer (CAS Reg. No. 3779-63-3) with poly[di(ethylene glycol)adipate] (CAS Reg. No. 9010-89-3).,Bostik
1433,,,REPLACED BY FCN 2406,
1432,,,REPLACED BY FCN 1682,
1430,"Jun 27, 2014",2014,"An aqueous solution of hydrogen peroxide (CAS Reg. No. 7722-84-1) containing hydrogen peroxide at levels of up to 50%, manufactured and characterized as further described in the notification.","Evonik Active Oxygens, LLC"
1429,,,REPLACED BY FCN 1545,
1426,,,REPLACED BY FCN 2033,
1423,"Jun 3, 2014",2014,Copolymers of ethylene glycol and isophthalic acid with dimethyl terephthalate (CAS Reg. No. 26006-30-4) or terephthalic acid (CAS Reg. No. 24938-04-3).,Indorama Ventures USA LLC and its Steward Affiliates Around the World
1422,,,REPLACED BY FCN 1544,
1421,"Jul 1, 2014",2014,Chlorine dioxide (CAS Reg. No. 10049-04-4).,"Clordisys Solutions, Inc."
1420,"Jul 14, 2014",2014,"2,6-Pyridinedicarboxylic Acid (CAS Reg. No. 499-83-2).","Ecolab, Inc."
1419,,,REPLACED BY FCN 1806,
1418,"Jul 8, 2014",2014,"2-Propenoic acid, 2-methyl-, butyl ester, polymer with diethenylbenzene, ethenylbenzene, ethenylethylbenzene and methyl 2-methyl-2-propenoate (CAS Reg. No. 1204391-75-2).",LANXESS Corporation
1417,"May 6, 2014",2014,"Fatty acids, soya, epoxidized, 2-ethylhexyl esters (CAS Reg. No. 68082-34-8).",Galata Chemicals
1415,"Jul 12, 2014",2014,N-ethyl-o-toluenesulfonamide (CAS Reg. No. 1077-56-1).,Berry Plastics Corporation
1413,"Sep 30, 2014",2014,1-(2-butoxy-1-methylethoxy)-2-propanol (CAS Reg. No. 29911-28-2).,Berry Plastics Corporation
1412,"Sep 30, 2014",2014,Dipropylene glycol monomethyl ether (CAS Reg. No. 34590-94-8).,Berry Plastics Corporation
1411,"Jul 12, 2014",2014,N-ethyl-p-toluenesulfonamide (CAS Reg. No. 80-39-7).,Berry Plastics Corporation
1410,"Apr 30, 2014",2014,Hexadecyltrimethylammonium bromide modified montmorillonite organoclay.,"Packaging, Transport and Logistic Center (ITENE) BYK-Chemie GmbH"
1409,"Apr 22, 2014",2014,"Ethylene/propylene copolymers (CAS Reg. No. 9010-79-1) polymerized in the presence of propylene homopolymer (CAS Reg. No. 9003-07-0) complying with 21 CFR 177.1520(c) Item 1.1, to produce an inseparable blend of the two polymers.",Esenttia S.A.
1408,"Apr 17, 2014",2014,"Copolymer of polyethylene glycol dimethacrylate, trimethylolpropane trimethacrylate and 2-hydroxyethyl methacrylate.",Pall Corporation
1406,"Apr 15, 2014",2014,Silicon nitride ceramic.,CERATIZIT S.A.
1405,"Apr 15, 2014",2014,Heat-treatable steel alloy (FCN 1404) and low melting silver based brazing alloys (FCN 1405).,CERATIZIT S.A.
1404,"Apr 15, 2014",2014,Heat-treatable steel alloy (FCN 1404) and low melting silver based brazing alloys (FCN 1405).,CERATIZIT S.A.
1403,"Apr 11, 2014",2014,"Copolymer of polyethylene glycol dimethacrylate, trimethylolpropane trimethacrylate and 2-hydroxyethyl methacrylate.",Pall Corporation
1401,"Jun 26, 2014",2014,Polyethylene glycol (400) monooleate (CAS Reg. No. 9004-96-0).,"Eastern Technologies, Inc."
1400,"Apr 1, 2014",2014,Chlorine dioxide (CAS Reg. No. 10049-04-4).,"Clordisys Solutions, Inc."
1399,"Mar 29, 2014",2014,"Ethylene-vinyl acetate-vinyl alcohol (EVOH) copolymers modified with up to 8 mol% 1,2-epoxypropane (CAS Reg. No. 482589-30-0).","Kuraray Co., Ltd."
1398,"Mar 27, 2014",2014,"Polymer of 3-hydroxybutyric acid with up to 25% 3-hydroxyvaleric acid, 3-hydroxyhexanoic acid, 3-hydroxyoctanoic acid, and/or 3-hydroxydecanoic acid.",Danimer Holding LLC
1397,"Mar 25, 2014",2014,"Copolymer of polyethylene glycol dimethacrylate, trimethylolpropane trimethacrylate and 2-hydroxyethyl methacrylate.",Pall Corporation
1396,"Mar 25, 2014",2014,"Mixture of 5-chloro-2-methyl-4-isothiazolin-3-one (CIT; CAS Reg. No. 26172-55-4) and 2-methyl-4-isothiazolin-3-one (MIT; CAS Reg. No. 2682-20-4), at a ratio of 3 parts to 1 part by weight, optionally stabilized with magnesium or sodium nitrate and copper (II) nitrate.",Thor GmbH
1395,"Mar 21, 2014",2014,"1,3-Benzenedicarboxamide, N,N-bis(2,2,6,6-tetramethyl-4-piperidinyl) (CAS Reg. No. 42774-15-2).",Clariant International AG
1394,"Mar 20, 2014",2014,"An aqueous mixture containing peroxyacetic acid (CAS Reg. No. 79-21-0); hydrogen peroxide (CAS Reg. No. 7722-84-1); acetic acid (CAS Reg. No. 64-19-7); 1-hydroxyethylidene-1,1-diphosphonic acid (HEDP) (CAS Reg. No. 2809-21-4), and optionally sulfuric acid (CAS Reg. No. 7664-93-9).","Evonik Active Oxygens, LLC"
1393,"Mar 19, 2014",2014,"Amines, C 10 -C 18 -alkyldimethyl, N-oxides.","Goulston Technologies, Inc."
1391,"Mar 19, 2014",2014,"Octadecanoic acid, 9( or 10)-hydroxyphenyl- (CAS Reg. No. 26102-12-5).","Akzo Nobel Coatings Inc. Akzo Nobel Coatings (Tianjin) Co., Ltd. Akzo Nobel Coatings (Jiaxing) Co., Ltd. LLC Petrokom Lipetsk Server Boya Matbaa Mürekkeplen ve Vernik Sanayi ve Ticaret A.S. Akzo Nobel Performance Coatings (Shanghai) Co., Ltd. Akzo Nobel Industrial Finishes AB Akzo Nobel Industrial Coatings Sdn Bhd Akzo Nobel Packaging Coatings Limited Akzo Nobel Packaging Coatings S.A.S. Akzo Nobel Packaging Coatings GmbH Akzo Nobel Packaging Coatings S.A."
1390,"Mar 14, 2014",2014,"Styrene block polymer with 1,3-butadiene, hydrogenated (CAS Reg. No. 66070-58-4)","Kuraray Co., Ltd. Kuraray America, Inc. Kuraray Europe GmbH"
1389,"Mar 14, 2014",2014,"A aqueous mixture containing peroxyacetic acid (CAS Reg. No. 79-21-0), hydrogen peroxide (CAS Reg. No. 7722-84-1), acetic acid (CAS Reg. No. 64-19-7), 1-hydroxyethylidene-1,1-diphosphonic acid (CAS Reg. No. 2809-21-4), and, optionally, sulfuric acid (CAS Reg. No. 7664-93-9).","Alex C. Fergusson, LLC (AFCO)"
1388,,,REPLACED BY FCN 1533,
1387,"Jul 8, 2014",2014,"A mixture of 2-ethylhexyl acrylate (CAS Reg. No. 103-11-7), acrylic acid (CAS Reg. No. 79-10-7), methacrylic acid (CAS Reg. No. 79-41-4), methyl methacrylate (CAS Reg. No. 80-62-6) and styrene (CAS Reg. No. 100-42-5).",Sherwin-Williams Company
1384,"Mar 6, 2014",2014,"An aqueous mixture of peroxyacetic acid (CAS Reg. No. 79-21-0), hydrogen peroxide (CAS Reg. No. 7722-84-1), sodium hydroxide (CAS Reg. No. 1310-73-2), and glycerine (CAS Reg. No. 56-81-5).","Enviro Tech Chemical Services, Inc."
1382,"May 16, 2014",2014,"Oxirane, 2-ethyl, polymer with 2-methyloxirane, monododecyl ether (CAS Reg. No. 139873-90-8).",The Dow Chemical Company
1381,"Mar 4, 2014",2014,"Carbon black (amorphous, lamp black) (CAS Reg. No. 1333-86-4).","Orion Engineered Carbons GmbH, Germany"
1380,"May 15, 2014",2014,The reaction products of paraformaldehyde (CAS Reg. No. 30525-89-4) and ethylene glycol (CAS Reg No. 107-21-1).,Troy Corporation
1379,"Mar 1, 2014",2014,"An aqueous solution of peroxyacetic acid (CAS Reg. No. 79-21-0), hydrogen peroxide (CAS Reg. No. 7722-84-1), acetic acid (CAS Reg. No. 64-19-7), and 1-hydroxyethylidine-1,1-diphosphonic acid (HEDP, CAS Reg. No. 2809-21-4).","Brainerd Chemical Company, Inc."
1378,"Mar 1, 2014",2014,"1,4-Butanediol dimethacrylate (CAS Reg. No. 2082-81-7).",GEO Specialty Chemicals UK Ltd.
1377,"Feb 28, 2014",2014,Glass-based pearlescent pigments.,Eckart GmbH Altana AG
1376,"Feb 28, 2014",2014,Fluorphlogopite-based pearlescent pigments.,Eckart GmbH Altana AG
1375,"Feb 28, 2014",2014,"Petroleum distillates (C 3-6 , piperylene-rich (CAS Reg. No. 68477-35-0) polymers and copolymers with one or more of the following: isobutylene (CAS Reg. No. 115-11-7), styrene (CAS Reg. No. 100-42-5), and α-methylstyrene (CAS Reg. No. 98-83-5).",Synthomer Middleburg B.V. Synthomer Jefferson Hills LLC
1374,"Feb 26, 2014",2014,"Phosphonic acid, [[3,5-bis(1,1-dimethylethyl)-4-hydroxyphenyl]methyl]-,diethyl ester (CAS Reg. No. 976-56-7).",Toyobo MC Corporation
1371,"Feb 25, 2014",2014,"1,3-butadiene, 2-methyl-, homopolymer, of cis-1,4-configuration, cyclized (CAS Reg. No. 68441-13-4).",Zeon Corporation
1370,"Feb 25, 2014",2014,Chlorine dioxide (CAS Reg. No. 10049-04-4).,"CDG Environmental, LLC"
1368,"Feb 25, 2014",2014,"2-propenoic acid, homopolymer, sodium salt (with a weight average molecular weight of 3000 to 7000 Daltons and a weight average molecular weight to number average molecular weight ratio of not more than 3.0) (CAS Reg. No. 9003-04-7).",Kemira Oyj and its stewarded affiliates and/or subsidiaries around the world
1367,"Mar 21, 2014",2014,"Siloxanes and silicones, di-Me, 3-hydroxypropyl Me, ethers with polyethylene-polypropylene glycol mono-Me ether (CAS Reg. No. 67762-85-0).",Siltech Corporation
1366,"Mar 21, 2014",2014,"Polysiloxanes, di-Me, 3-hydroxypropyl Me, ethoxylated (CAS Reg. No. 68937-54-2).",Siltech Corporation
1365,"Mar 21, 2014",2014,"Siloxanes and silicones, di-Me, Me hydrogen, reaction products with polyethylene-polypropylene glycol monoacetate allyl ether (CAS Reg. No. 68037-64-9).",Siltech Corporation
1363,"Feb 25, 2014",2014,"An aqueous mixture of peroxyacetic acid (CAS Reg. No. 79-21-0), hydrogen peroxide (CAS Reg. No. 7722-84-1), acetic acid (CAS Reg. No. 64-19-7), and 1-hydroxyethylidine-1,1-diphosphonic acid (HEDP, CAS Reg. No. 2809-21-4).","CraftChem, Inc."
1362,"Feb 25, 2014",2014,"An aqueous mixture of peroxyacetic acid (CAS Reg. No. 79-21-0), hydrogen peroxide (CAS Reg. No. 7722-84-1), glycerol (CAS Reg. No. 56-81-5), and optionally acetic acid (CAS Reg. No. 64-19-7) or sulfuric acid (CAS Reg. No. 7664-93-9).","Eltron Research & Development, LLC BioSafe Systems LLC"
1361,"Feb 21, 2014",2014,Sodium carboxymethylcellulose (CAS Reg. No. 9004-32-4).,Nouryon Pulp and Performance Chemicals AB
1359,"Feb 21, 2014",2014,"Ethanedioic acid, 1,2-diethyl ester, polymer with α-(2-aminomethylethyl)-ω-(2-aminomethylethoxy)poly[oxy(methyl-1,2-ethanediyl], 5-amino-1,3,3-trimethylcyclohexanemethanamine and 1,5-dichloro-9,10-anthracenedione, reaction products with succinic anhydride (CAS No. 1427038-10-5).",DayGlo Color Corporation
1358,"Feb 21, 2014",2014,Polyoxypropylene-polyoxyethylene condensate (CAS Reg. No. 9003-11-6).,The Dow Chemical Company
1357,"Feb 21, 2014",2014,Maleic anhydride-grafted polyethylene (CAS Reg. No. 9006-26-2).,The Dow Chemical Company
1356,"Feb 21, 2014",2014,"Maleic anhydride, polymer with ethene and 1-hexene (CAS Reg. No. 86286-09-1).",The Dow Chemical Company
1355,"Feb 19, 2014",2014,"1-butene, polymer with 1-propene (CAS Reg. No. 29160-13-2) containing 75 - 99.5 weight-percent of polymer units derived from 1-butene. REPLACES FCN 913","Mitsui Chemicals, Inc."
1354,"Feb 19, 2014",2014,"Hexanedioic acid, polymer with hexahydro-2H-azepin-2-one and 1,6-hexanediamine [Nylon 6/66] (CAS Reg. No. 24993-04-2).","UBE Engineering Plastics S.A. UBE Industries, Ltd."
1353,,,REPLACED BY FCN 1794,
1352,"Feb 18, 2014",2014,Vinyl acetate polymers modified by glycidyl methacrylate and/or ethylene.,"Celanese, Ltd."
1351,"Apr 15, 2014",2014,"Oxirane, 2-methyl-, polymer with oxirane, ether with 2,2',2'',2'''-[sulfonylbis[4,1-phenylene-2,1-diazenediyl(3-methyl-4,1-phenylene)nitrilo]]tetrakis[ethanol] (4:1) (CAS Reg. No. 927432-39-1).",Milliken & Company
1350,"Feb 18, 2014",2014,Ethylene/propylene copolymers (CAS Reg. No. 9010-79-1).,LyondellBasell Industries
1349,"Apr 8, 2014",2014,Polyvinyl alcohol (CAS Reg. No. 25213-24-5).,"Sekisui Specialty Chemicals America, LLC"
1348,"Feb 18, 2014",2014,"Oxirane, methyl-, polymer with oxirane, ether with 5-[[4-[bis(2-hydroxyethyl)amino]-2-methylphenyl]azo]-3-methyl-2,4-thiophenedicarbonitrile (2:1) (CAS Reg. No. 515857-23-5).",Milliken & Company
1347,"Feb 14, 2014",2014,"Starch, reaction products with glycerol and glyoxal (CAS Reg. No. 338797-73-2).","EcoSynthetix, Inc."
1318,"Oct 24, 2013",2013,"1,4-Benzendicarboxylic acid, 1,4-dimethyl ester, polymer with 1,4-butanediol and α-hydro-ω-hydroxypoly(oxy-1,4-butanediyl) (aka PBT/PTMG copolymer) (CAS Reg. No. 9078-71-1).","Unitika, Ltd."
1315,"Oct 23, 2013",2013,Ethylene-acrylic acid copolymer (CAS Reg. No. 9010-77-9).,The Dow Chemical Company
1313,"Oct 17, 2013",2013,"Ethoxylated alcohols, C12-C13 (CAS Reg. No. 66455-14-9).","Riken Vitamin Co., Ltd."
1312,"Oct 12, 2013",2013,"Fatty acids, C 14-18 and C 16-18 -unsatd., polymers with adipic acid and triethanolamine, di-methyl sulfate-quaternized (CAS Reg. No. 1211825-32-9).",BASF SE
1311,"Oct 8, 2013",2013,"Quino[2,3-b]acridine-7,14-dione, 5,12-dihydro-2,9-dimethyl-, also known as dimethylquinacridone and C.I. Pigment Red 122 (CAS Reg. No. 980-26-7).","DCL Corporation (BP), LLC"
1310,"Oct 8, 2013",2013,"Oxirane, 2-methyl-, polymer with oxirane, ether with 2,2'-[[3-methyl-4-[(4-methyl-2-benzothiazolyl)azo]phenyl]imino]bis[ethanol] (2:1) (CAS Reg. No. 229306-55-2).",Milliken & Company
1309,"Oct 8, 2013",2013,"Ethanaminium, N,N,N-trimethyl-2-[(1-oxo-2-propen-1-yl)oxy]-, chloride (1:1), polymer with 2-propenamide (CAS Reg. No. 69418-26-4).","Nalco, An Ecolab Company"
1308,"Oct 2, 2013",2013,2-Methyl-4-isothiazolin-3-one (CAS Reg. No. 2682-20-4).,Thor GmbH
1306,,,REPLACED BY FCN 1834,
1305,,,REPLACED BY FCN 1833,
1304,"Sep 28, 2013",2013,"Benzenesulfonic acid, 2,2'-(1,2-ethenediyl)bis(5-(4-(bis(2-hydroxyethyl)amino)-6-((4-sulfophenyl)amino)-1,3,5-triazin-2-yl)amino)-, tetrasodium salt (CAS Reg. No. 16470-24-9).",Deepak Nitrite Ltd.
1303,"Sep 20, 2013",2013,"A reaction product of 9-octadecenoic acid (9Z)- with diethylenetriamine, cyclized, diethyl sulfate quaternized (CAS Reg. No. 68511-92-2). The reaction product contains a mixture of (1) 1-H-imidazolium, 1-ethyl-2-(8Z)-8-heptadecen-1-yl-4,5-dihydro-1-[2-[[(9Z)-1-oxo-9-octadecen-1-yl]amino]ethyl]-, ethyl sulfate (1:1) (CAS Reg. No. 67846-14-4); and (2) 9-octadecenamide, N-[2-[2-(8Z)-8-heptadecen-1-yl-4,5-dihydro-1H-imidazol-1-yl]ethyl]-, (9Z)- (CAS Reg. No. 63441-26-9).","ChemStone, Inc."
1302,"Sep 13, 2013",2013,"1,3-Benzenedicarboxylic acid, polymer with 1,4-benzenedicarboxylic acid and 1,6-hexanediamine (CAS Reg. No. 25750-23-6) (monomer composition specified in the notification).","Syensqo Specialty Polymers USA, LLC"
1301,"Sep 10, 2013",2013,"Ethylene/propylene copolymers (CAS Reg. No. 9010-79-1), polymerized in the presence of propylene homopolymer (CAS Reg. No. 9003-07-0) complying with 21 CFR § 177.1520(c), item 1.1, to produce an inseparable blend of the two polymers. REPLACES FCN 1051",LyondellBasell Industries
1293,"Aug 22, 2013",2013,"Oxirane, methyl-, polymer with oxirane (CAS Reg. No. 9003-11-6).","BASF Corporation Equistar Chemicals, LP"
1292,"Oct 19, 2013",2013,"Benzenepropanamide, 3,5-bis(1,1-dimethylethyl)-4-hydroxy-, N-C 16-18 alkyl derivatives (CAS Reg. No. 1235487-96-3).",ADEKA Corporation
1291,"Aug 17, 2013",2013,"Hydrogenated, metathesized soybean oil, in a mixture with hydrogenated soybean oil and saturated hydrocarbons (C 12 -C 33 ) (CAS Reg. No. 912810-05-0).",Elevance Renewable Sciences
1286,"Oct 19, 2013",2013,"An aqueous solution of peroxyacetic acid (CAS Reg. No. 79-21-0), hydrogen peroxide (CAS Reg. No. 7722-84-1), acetic acid (CAS Reg. No. 64-19-7), and 1-hydroxyethylidine-1,1-diphosphonic acid (HEDP, CAS Reg. No. 2809-21-4).",Mason Chemical Company
1285,"Sep 7, 2013",2013,"2-propen-1-aminium, N, N-dimethyl-N-2-propen-1-yl-, chloride (1:1), polymer with the ethanedial and 2-propenamide (CAS Reg. No. 32555-39-8).",BASF Corporation
1284,"Sep 10, 2013",2013,"An aqueous mixture of peroxyacetic acid (CAS Reg. No. 79-21-0), hydrogen peroxide (CAS Reg. No. 7722-84-1), acetic acid (CAS Reg. No. 64-19-7), 1-hydroxyethylidine-1,1-diphosphonic acid (HEDP) (CAS Reg. No. 2809-21-4), water, and optionally, sulfuric acid (CAS Reg. No. 7664-93-9).","Diversey, Inc. and Cryovac, Inc."
1283,"Jul 20, 2013",2013,"Copolymers of acrylamide, alkylenedicarboxylic acid, aryl(acrylatoalkyl)dialkylammonium chloride, aryl(methacrylatoalkyl)dialkylammonium chloride and N,N-dimethylaminoethyl methacrylate.","Plasmine Technology, Inc."
1282,"Jul 9, 2013",2013,"Tridecanol phosphite condensation product with butylidenebis(2-(1,1-dimethylethyl)-5-methyl-4,1-phenylene) (CAS Reg. No. 13003-12-8).","Chang Chun Petrochemical Co., Ltd."
1281,"Jul 9, 2013",2013,"Titanium, (aceto-κO)[[2,2',2''-(nitrilo-κN)tris[ethanolato-κO]](3-)]-, (TB-5-13)- (9CI) (CAS Reg. No. 90894-12-5).",Equipolymers GmbH
1280,"Jul 9, 2013",2013,"Quino[2,3-b]acridine-7,14-dione, 5,12-dihydro-2,9-dimethyl, also known as 2,9-dimethylquinacridone and C.I. Pigment Red 122 (CAS Reg. No. 980-26-7).",Sudarshan Chemical Industries Limited
1279,"Jul 5, 2013",2013,"2,4-bis[(dodecylthio)methyl]-6-methylphenol (CAS Reg. No. 110675-26-8).","Kuo Ching Chemical Co., Ltd."
1278,"Jul 3, 2013",2013,"An aqueous mixture of catalase (CAS Reg. No. 9001-05-2), glycerol (CAS Reg. No. 56-81-5), sodium citrate dihydrate (CAS Reg. No. 6132-04-3), sodium formate (CAS Reg. No.114-53-7), and 1,2-benzisothiazolin-3-one (CAS Reg. No. 2634-33-5).",Ecolab
1277,"Aug 7, 2013",2013,"2-propen-1-aminium, N,N-dimethyl-N-2-propen-1-yl-, chloride (1:1), polymer with the ethanedial and 2-propenamide (CAS Reg. No. 32555-39-8).","Nalco, An Ecolab Company"
1276,"Sep 6, 2013",2013,"L-aspartic acid, homopolymer, sodium salt (CAS Reg. No. 34345-47-6).",NanoChem Solutions Inc.
1274,"Jun 21, 2013",2013,Co-poly alpha olefin (C 18 - C 30 ).,"Idemitsu Kosan Co., Ltd."
1272,"Jun 19, 2013",2013,"Diallyldimethylammonium chloride polymer with acrylamide, reaction product with glyoxal, produced by copolymerizing from 20 to 90 weight percent of acrylamide and 10 to 80 weight percent of diallyldimethylammonium chloride, which is then cross-linked with not more than 30 weight percent of glyoxal.",Kemira Oyj and its stewarded affiliates and/or subsidiaries around the world
1270,"Jun 4, 2013",2013,Pentaerythritol tetrakis-(3-dodecylthiopropionate) (CAS Reg. No. 29598-76-3).,"Shipro Kasei Kaisha, Ltd."
1268,"Aug 1, 2013",2013,"1H-Azepine-1-carboxamide, N,N',N''-[(2,4,6-trioxo-1,3,5-triazine-1,3,5(2H,4H,6H)-triyl)tris[methylene(3,5,5-trimethyl-3,1-cyclohexanediyl)]]tris[hexahydro-2-oxo- (CAS Reg. No. 68975-83-7).",Evonik Industries AG
1267,"May 29, 2013",2013,"2-Propenoic acid, 2-methyl-, polymer with butyl 2-propenoate (CAS Reg. No 25035-82-9).",The Dow Chemical Company
1266,"May 29, 2013",2013,"Quaternary ammonium compounds, coco alkylbis(hydroxyethyl)methyl, ethoxylated, salts with [29H,31H-phthalocyanine-C,C-disulfonato(4-)-N29,N30,N31,N32] cuprate (2-) (2:1) (CAS Reg. No. 1140527-05-4).",Milliken & Company
1265,"May 29, 2013",2013,"Polymer of dimethyl terephthalate, 1,4-cyclohexanedimethanol, and 2,2,4,4-tetramethyl-1,3-cyclobutanediol (CAS Reg. No. 261716-94-3) containing repeat units consisting of terephthalate esters of 2,2,4,4-tetramethyl-1,3-cyclobutanediol at up to 40 mole percent (expressed as mole percent of the glycol component of the finished copolyesters) and 1,4- cyclohexanedimethanol at no less than 60 mole percent, and, optionally, ≤0.5 percent (by weight of the finished resin) trimellitic anhydride (CAS Reg. No. 552-30-7) as a branching agent.",Eastman Chemical Company
1263,"May 15, 2013",2013,"N,N'-bis(phenylmethyl)hexanediamide (CAS Reg. No. 25344-24-5 ) in conjunction with cobalt neodecanoate (CAS Reg. No. 27253-31-2), cobalt acetate (CAS Reg. No. 71-48-7), or cobalt stearate (CAS Reg. No. 13586-84-0).","Graham Packaging Company, L.P."
1262,"May 14, 2013",2013,"Polyethylene terephthalate copolyesters (including isophthalic acid and/or diethylene glycol modified) that otherwise comply with 21 CFR 177.1630 or an applicable effective Food Contact Notification, containing up to 0.85 weight percent sodium dimethyl 5-sulfoisophthalate units.",Indorama Ventures USA LLC and its Steward Affiliates Around the World
1261,"May 7, 2013",2013,"Tannins, ammonium salt (CAS Reg. No. 71631-09-9).","Buckman Laboratories, Inc."
1260,"Jul 2, 2013",2013,"Ethene, polymer with 1,2,3,4,4a,5,8,8a-octahydro-1,4:5,8-dimethanonaphthalene (CAS Reg. No. 26007-55-6).","Mitsui Chemicals, Inc."
1259,"Apr 30, 2013",2013,"Benzenesulfonic acid, 2,2'-(1,2-ethenediyl)bis[5-[[4-bis(2-hydroxyethyl)amino]-6-[(4-sulfophenyl)amino]-1,3,5-triazin-2-yl]amino]-, tetrasodium salt (CAS Reg. No. 16470-24-9).",Dynatech Industrias Quimicas Ltd.
1258,"Apr 26, 2013",2013,"Acrylamide-diallylamine copolymer, sulfate salt, ammonium persulfate initiated (CAS Reg. No. 1355214-14-0).","Nalco, An Ecolab Company"
1257,"Apr 18, 2013",2013,"Octadecanamide, N,N'-1,2-ethanediylbis[12-hydroxy- (CAS Reg. No. 123-26-2).","Dai-Ichi Kogyo Seiyaku Co., Ltd."
1256,"Apr 16, 2013",2013,"1,2-Benzisothiazolin-3-one (CAS Reg. No. 2634-33-5).",THOR GmbH
1255,"Apr 12, 2013",2013,Copolymer of vinylidene fluoride and hexafluoropropene (CAS Reg. No. 9011-17-0).,3M
1254,,,REPLACED BY FCN 2406,
1253,"Jun 8, 2013",2013,Zirconium Oxide (CAS. Reg. No. 1314-23-4) and Tin(II) Phosphate (CAS. Reg. No. 15578-32-2) and Tin(II) Fluoride (CAS Reg. No. 7783-47-3).,Nippon Steel Corporation
1252,"Apr 3, 2013",2013,"Rutile Tin Zinc - doped with either potassium, sodium, or calcium (CAS Reg. No.: 207691-99-4, 389623-07-8, 389623-01-2, respectively).","Rockwood Pigments NA, Inc."
1251,,,REPLACED BY FCN 1544,
1247,"May 31, 2013",2013,"An aqueous mixture of peroxyacetic acid (CAS Reg. No. 79-21-0), hydrogen peroxide (CAS Reg. No. 7722-84-1), acetic acid (CAS Reg. No. 64-19-7) and l-hydroxyethylidine-1,1-diphosphonic acid (CAS Reg. No. 2809-21-4).",Valley Chemical Solutions
1246,,,REPLACED BY FCN 1834,
1245,,,REPLACED BY FCN 1502,
1242,"Mar 5, 2013",2013,"Hexanedioic acid, polymer with 1,3-benzenedimethanamine (CAS Reg. No.25718-70-1).","Syensqo Specialty Polymers USA, LLC"
1240,"Feb 20, 2013",2013,Titanium nitride (CAS Reg. No. 25583-20-4).,BryCoat Inc.
1239,"Feb 20, 2013",2013,Chromium nitride (CAS Reg. No. 24094-93-7).,BryCoat Inc.
1238,"Feb 19, 2013",2013,Pyromellitic dianhydride (CAS Reg. No. 89-32-7).,Sherwin-Williams Company
1237,"Feb 19, 2013",2013,"Tris(2,4-di- tert -butylphenyl)phosphite (CAS Reg. No. 31570-04-4). REPLACES FCN 767","Songwon Industrial Company, Ltd."
1236,,,REPLACED BY FCN 2046,
1235,"Mar 29, 2013",2013,Silver-silica.,Nanox Intelligent Materials
1234,"Jan 23, 2013",2013,"Copolymers and polymers made from the reaction of dimethyl terephthalate or terephthalic acid with a mixture containing 0 to 99 mole percent of ethylene glycol and 100 to 1 mole percent of 1,4-cyclohexanedimethanol (70 percent trans isomer, 30 percent cis isomer). The copolymers may be branched with trimellitic anhydride (CAS Reg. No. 552-30-7) at levels up to 0.5 percent (by weight of the finished resin).",Eastman Chemical Company
1233,"Jan 22, 2013",2013,Poly(ethylene oxide-co-propylene oxide) ethyl 4-(bis(2-hydroxyethyl)amino)-α-cyano-2-methylcinnamate ether (2:1) (CAS Reg. No. 908119-61-9).,Milliken and Company
1231,"Mar 2, 2013",2013,"5,12-Dihydro-2,9-dimethylquino[2,3-b]acridine-7,14-dione (C.I. Pigment Red 122, CAS Reg. No. 980-26-7) also known as 2,9-Dimethylquinacridone.",Heubach Colour Pvt. Ltd.
1230,"Jan 11, 2013",2013,"Tris(2,4-di- t -butylphenyl)phosphite (CAS Reg. No. 31570-04-4).",Adeka Corporation
1229,"Jan 3, 2013",2013,"1H-Azepine-1-carboxamide, hexahydro-2-oxo-N-[3,3,5-trimethyl-5-[[tetrahydro-3,5-bis[(5-isocyanato-1,3,3-trimethylcyclohexyl)methyl]-2,4,6-trioxo-1,3,5-triazin-1(2H)-yl]methyl]cyclohexyl]- (CAS Reg. No. 1262431-48-0). REPLACES FCN 1167",Sherwin-Williams Company
1228,"Jan 3, 2013",2013,"Styrene block polymer with 2-methyl-1,3-butadiene, hydrogenated (CAS No. 68648-89-5).",Aerospace Lubricants
1227,"Dec 29, 2012",2012,"Industrial starch modified by treatment with greater than 5 percent and not more than 21 percent 2,3-epoxypropyltrimethylammonium chloride (CAS Reg. No. 56780-58-6).","Siam Quality Starch Co., Ltd."
1226,"Dec 26, 2012",2012,"3a,4,7,7a-tetrahydro-4,7-methanoisobenzofuran-1,3-dione (CAS Reg. No. 826-62-0).",Sherwin-Williams Company
1225,"Dec 19, 2012",2012,"1,6-Hexanediol (CAS Reg. No. 629-11-8).",Metlac S.p.A.
1224,"Dec 13, 2012",2012,Sodium borohydride (CAS Reg. No. 16940-66-2) used in conjunction with palladium acetate (CAS Reg. No. 3375-31-3) REPLACES FCN 1114 and FCN 1160,ColorMatrix Group
1223,"Dec 12, 2012",2012,"Hexanedioic acid, polymer with hexahydro-2H-azepin-2-one and 1,6-hexanediamine (Nylon6/66) (CAS Reg. No. 24993-04-2).",BASF Corporation
1222,"Feb 16, 2013",2013,Co-poly alpha olefin (C 18 -C 30 .),"Idemitsu Kosan Co., Ltd."
1217,"Nov 30, 2012",2012,Glycidyl methacrylate polymer with styrene and methyl methacrylate (CAS Reg. No 29564-58-7).,Sherwin-Williams Company
1216,"Nov 20, 2012",2012,Copper(II) hydroxide phosphate (CAS Reg. No. 12158-74-6). REPLACES FCN 926,Chemishe Fabrik Budenheim KG and branches
1215,"Nov 15, 2012",2012,"Poly(oxy(1,1'-biphenyl)-4,4'-diyloxy-1,4-phenylenesulfonyl-1,4-phenylene) (CAS Reg. No. 25839-81-0 and 25608-64-4).","Syensqo Specialty Polymers USA, LLC"
1214,"Nov 14, 2012",2012,Sorbic acid (CAS Reg. No. 110-44-1).,Sherwin-Williams Company
1213,,,REPLACED BY FCN 2226,
1212,,,REPLACED BY FCN 2175,
1211,"Nov 6, 2012",2012,A mixture of linear saturated aliphatic esters produced from C 16 -C 18 alcohols and C 14 -C 20 fatty acids.,"Riken Vitamin Co., Ltd. Tianjin Rikevita Food Co., Ltd."
1210,"Oct 31, 2012",2012,"2-Propenoic acid, 2-methyl-, polymer with ethyl 2-propenoate, and poly(oxy-1,2-ethanediyl), α-(2-methyl-1-oxo-2-propenyl)-ω-hydroxy-, C 16 - 18 -alkyl ether.",BASF SE
1209,"Oct 30, 2012",2012,"Propenoic acid, polymer with silicic acid (H 4 SiO 4 ) tetramethyl ester, zinc salt (CAS Reg. No. 1338452-06-4).","Kuraray Company, Ltd."
1208,"Oct 24, 2012",2012,"1,2-Benzisothiazolin-3-one (CAS Reg. No. 2634-33-5).",Prom Chemie AG
1206,,,REPLACED BY FCN 1557,
1205,"Oct 16, 2012",2012,"Poly(oxy-1,2-ethanediyl), α-(3-carboxy-1-oxosulfopropyl)-ω-(isotridecyloxy)-, sodium salt (1:2) (CAS Reg. No. 1013906-64-3).",Cytec Industries Inc.
1201,"Oct 9, 2012",2012,"Dodecylbenzenesulfonic acid, calcium salt (CAS Reg. No. 26264-06-2).",TOTAL Lubrifiants
1198,"Oct 25, 2012",2012,Ethylene-vinyl acetate-vinyl alcohol (EVOH) copolymers complying with 21 CFR 177.1360(a)(3) (CAS Reg. No. 26221-27-2).,"Kuraray Company, Ltd."
1197,"Nov 6, 2012",2012,"Hypobromous acid (CAS Reg. No. 13517-11-8) generated on-site from an aqueous mixture of sodium bromide (CAS Reg. No. 7647-15-6) and sodium, potassium or calcium hypochlorite (CAS Reg. Nos. 7681-52-9, 7778-66-7 or 7778-54-3).",Albemarle Corporation
1195,"Sep 14, 2012",2012,"Poly(oxy-1,2-ethanediyl), α-[3,5-dimethyl-1-(2-methylpropyl)hexyl]-ω-hydroxy- (CAS Reg. No. 60828-78-6).",The Dow Chemical Company
1194,"Nov 8, 2012",2012,Methyl formate (CAS Reg. No. 107-31-3).,Pactiv LLC
1193,"Nov 13, 2012",2012,"Formaldehyde, reaction products with diphenylamine, 6(or 7)-methyl-1H-benzotriazole and 2,4,4-trimethylpentene (CAS Reg. No. 676348-65-5).","Vanderbilt Chemicals, LLC"
1192,"Sep 7, 2012",2012,Tricyclodecanedimethanol (CAS Reg. Nos. 26896-48-0 and 26160-83-8).,Sherwin-Williams Company
1191,"Sep 7, 2012",2012,Isophorone diisocyanate (CAS Reg. No. 4098-71-9).,Sherwin-Williams Company
1190,"Sep 4, 2012",2012,"1,3-dibromo-5,5-dimethylhydantoin (DBDMH) (CAS Reg. No. 77-48-5).",Albemarle Corporation
1189,"Oct 27, 2012",2012,Calcium borate (CAS Reg. No. 12040-58-3).,TOTAL Lubrifiants
1188,"Aug 31, 2012",2012,Ethyl acrylate-glycidyl methacrylate-methacrylic acid-styrene copolymer (CAS Reg. No. 56990-26-2).,"Akzo Nobel Coatings Inc. Akzo Nobel Coatings (Tianjin) Co., Ltd. Akzo Nobel Coatings (Jiaxing) Co. Ltd. LLC Petrokom Lipetsk Server Boya A.S. Akzo Nobel Performance Coatings (Shanghai) Co. Ltd. Akzo Nobel Industrial Finishes AB Akzo N"
1184,"Oct 6, 2012",2012,"Styrene block polymers with 2-methyl-1,3-butadiene and 1,3-butadiene, hydrogenated (CAS Reg. No.132778-07-5).","Kuraray Co., Ltd. Kuraray America, Inc. Kuraray Europe GmbH"
1183,,,REPLACED BY FCN 1544,
1182,"Jul 31, 2012",2012,"Polyethylene glycol alkyl (C12-C14) ether sulfosuccinate, disodium salt (CAS Reg. No.1024612-24-5) in a mixture with authorized sulfosuccinate disodium salts.",Cytec Industries Inc.
1181,"Jul 31, 2012",2012,"1-propanaminium, N,N,N,-trimethyl-3-[(1-oxo-2-propen-1-yl)amino]-, chloride (1:1), polymer with ethenamine, hydrochloride (CAS Reg. No. 1353435-58-1).",Solenis LLC
1180,,,REPLACED BY FCN 2427,
1179,"Jul 11, 2012",2012,"Acetic acid ethenyl ester, polymer with ethene and ethenol (CAS Reg. No. 26221-27-2).","Kuraray Co., Ltd. Kuraray America, Inc. Kuraray Europe GmbH Kuraray Asia Pacific Pte. Ltd."
1177,"Jul 6, 2012",2012,"Co-polymer of methacrylic acid, ethyl acrylate, styrene, butyl methacrylate, and glycidyl methacrylate.","PPG Industries, Inc."
1176,"Aug 15, 2012",2012,Hypochlorous acid (CAS Reg. No. 7790-92-3).,"HSP USA, LLC"
1175,"Jul 3, 2012",2012,"5-Sulfo-1,3-benzenedicarboxylic acid, monosodium salt (CAS Registry No. 6362-79-4).",FutureFuel Chemical Company
1174,"Jun 29, 2012",2012,"2-Propenoic acid, 2-methyl-, polymer with butyl 2-propenoate, 1,1'-(1,1-dimethyl-3-methylene-1, 3-propanediyl)bis[benzene], ethenylbenzene,(1-methylethenyl)benzene, methyl 2-methyl-2-propenoate and 2-propenoic acid, sodium salt, manufactured as described in the notification.","Plasmine Technology, Inc."
1173,"Jun 27, 2012",2012,"Butanedioic acid, 2-methylene-, polymer with ethenyl acetate, hydrolyzed, sodium salts (CAS Reg. No. 122625-12-1).","Kuraray Co., Ltd. Kuraray America, Inc. Kuraray Europe GmbH Kuraray Asia Pacific Pte. Ltd."
1171,"Jun 22, 2012",2012,Bis(4- tert -butylbenzoate-O)hydroxyl aluminum (CAS Reg. No. 13170-05-3).,Japan Chemtech Ltd.
1170,"Jun 22, 2012",2012,"1,4-Benzenedicarboxylic acid, polymer with 1,10-decanediamine and 1,6-hexanediamine (CAS Reg. No. 657408-39-4).",EMS-Chemie AG
1169,"Jun 21, 2012",2012,Zinc pyrithione (CAS Reg. No. 13463-41-7).,"Arch Chemicals, Inc."
1167,,,REPLACED BY FCN 1229,
1165,"Jun 7, 2012",2012,"Starch, carboxymethyl ether, sodium salt (CAS Reg. No. 9063-38-1).",Paper Pak Industries
1164,"Jul 24, 2012",2012,"2-Propenoic acid, 2-methyl-, ethyl ester, polymer with 2-oxiranylmethyl 2-methyl-2-propenoate (CAS Reg. No. 40081-37-6).",Sherwin-Williams Company
1163,"May 29, 2012",2012,"Montmorillonite (CAS Reg. No.1318-93-0) surface treated with quaternary ammonium compounds bis(hydrogenated tallow alkyl)dimethyl, chlorides (CAS Reg. No. 61789-80-8).",PolyOne Corporation Nanocor® Inc.
1162,"May 29, 2012",2012,"Trimethylhexanoic acid, mixed esters with dipentaerythritol and heptanoic acid.","Patech Fine Chemicals Co., Ltd."
1160,,,REPLACED BY FCN 1224,
1159,"May 23, 2012",2012,Silicon dioxide (CAS Reg. No. 7631-86-9).,KHS Plasmax GmbH
1158,"May 18, 2012",2012,An aqueous solution of chlorine dioxide (CAS Reg. No. 10049-04-4).,"CDG Environmental, LLC"
1157,"May 16, 2012",2012,"Poly(N-vinylformamide), 10-90 percent hydrolyzed hydrochloride salts. The FCS is specifically known as one of the following: a) formamide, N-ethenyl-, polymer with ethanamine, hydrochloride (CAS Reg. No. 111616-55-8) or b) formamide, ethenyl-, homopolymer, hydrolyzed, hydrochlorides (CAS Reg. No. 183815-54-5).",Mitsubishi Chemical Corporation
1156,"May 4, 2012",2012,"2-Propenoic acid, butyl ester, polymer with ethene (CAS Reg. No. 25750-84-9).",LyondellBasell Industries
1152,"Apr 20, 2012",2012,"Phosphorous acid, triphenyl ester, polymer with α-hydro-ω-hydroxypoly[oxy(methyl-1,2-ethanediyl)], C 10-16 alkyl esters (CAS Reg. No. 1227937-46-3).",Dover Chemical Corporation
1150,"Jun 12, 2012",2012,"2-Propenoic acid, homopolymer, sodium salt (CAS Reg. No. 9003-04-7).",BASF SE
1149,"Jun 5, 2012",2012,"2,2-dimethyl-1,3-dioxolane-4-methanol (CAS Reg. No. 100-79-8).","Essential Chemicals USA, LLC"
1148,"May 25, 2012",2012,"1,2-Benzisothiazol-3(2H)-one 1,1-dioxide, sodium salt (CAS Reg. No. 128-44-9).",ADEKA Corporation
1147,"Apr 11, 2012",2012,"Nylon MXD-6 (CAS Reg. No. 25718-70-1) (also known as hexanedioic acid, polymer with 1,3-benzenedimethanamine) meeting the analytical specifications in 21 CFR 177.1500(b) item 10.1 and used in conjunction with either cobalt stearate (CAS Reg. No. 13586-84-0) or cobalt acetate (CAS Reg. No. 71-48-7).",Indorama Ventures USA LLC and its Steward Affiliates Around the World
1146,"Apr 7, 2012",2012,"Nylon MXD-6 (also known as hexanedioic acid, polymer with 1,3- benzenedimethanamine) (CAS Reg. No.25718-70-1) meeting the analytical specifications in 21 CFR 177.1500(b), item 10.2.",Indorama Ventures USA LLC and its Steward Affiliates Around the World
1145,"Apr 7, 2012",2012,"Copolymer of 2-ethylhexyl methacrylate (EHMA, CAS Reg. No. 688-84-6), ethyl acrylate (EA, CAS Reg. No. 140-88-5), styrene (CAS Reg. No. 100-42-5), hydroxypropyl methacrylate (HPMA, CAS Reg. No. 27813-02-1), methacrylic acid (MAA, CAS Reg. No. 79-41-4), and glycerol dimethacrylate (GDMA, CAS Reg. No. 1830-78-0).",Akzo Nobel Coatings Inc. Akzo Nobel Coatings (Tianjin) Co. Ltd. Akzo Nobel Coatings (Jiaxing) Co. Ltd. LLC Petrokom Lipetsk Server Boya A.S. Akzo Nobel Performance Coatings (Shanghai) Co. Ltd. Akzo Nobel Industrial Finishes AB Akzo No
1144,"Mar 20, 2012",2012,"A mixture of peroxyacetic acid (CAS Reg. No. 79-21-0), hydrogen peroxide (CAS Reg. No. 7722-84-1), acetic acid, (CAS Reg. No. 64-19-7), and 1-hydroxyethylidine-1,1-diphosphonic acid (CAS Reg. No. 2809-21-4), and water. REPLACES FCN 1081 and FCN 1082","Evonik Active Oxygens, LLC"
1142,"Mar 13, 2012",2012,"1H-imidazolium, 3-ethyl-1-methyl, ethyl sulfate (1:1) (CAS Reg. No. 342573-75-5).",BASF
1140,"Mar 8, 2012",2012,Pyromellitic dianhydride (PMDA) (CAS Reg. No. 89-32-7).,Sherwin-Williams Company
1139,"Mar 6, 2012",2012,"1-Propanaminium, N,N,N-trimethyl-3-[(1-oxo-2-propenyl)amino]-, chloride, homopolymer (CAS Reg. No. 26427-01-0).",Solenis LLC
1138,"Mar 6, 2012",2012,"3a,4,7,7a-tetrahydro-4,7-methanoisobenzofuran-1,3-dione (CAS Reg. No. 826-62-0).",Sherwin-Williams Company
1137,"Mar 2, 2012",2012,Chlorine dioxide (CAS Reg. No. 10049-04-4).,"Dripping Wet Water, Inc."
1135,"Apr 20, 2012",2012,"1,4-benzenedicarboxylic acid, polymer with 1,2-ethanediol and β,β,β',β'-tetramethyl-2,4,8,10-tetraoxaspiro[5.5]undecane-3,9-diethanol (CAS Reg. No. 102070-64-4).","Mitsubishi Gas Chemical Company, Inc."
1134,"Feb 17, 2012",2012,"Copolymer of caprolactam, isophthalic acid, and isophoronediamine (CAS Reg. No. 29009-00-5).",LANXESS Corporation
1132,"Feb 10, 2012",2012,"An aqueous mixture of peroxyacetic acid (CAS Reg. No. 79-21-0), hydrogen peroxide (CAS Reg. No. 7722-84-1), acetic acid (CAS Reg. No. 64-19-7), sulfuric acid (CAS Reg. No. 7664-93-9, optional ingredient), and 1-hydroxyethylidine-1,1-diphosphonic acid (HEDP, CAS Reg. No. 2809-21-4).","Enviro Tech Chemical Services, Inc."
1131,"Feb 9, 2012",2012,"2-Propenoic acid, 2-methyl-, ethyl ester, polymer with 2-oxiranylmethyl 2-methyl-2-propenoate (CAS Reg. No. 40081-37-6).",Sherwin-Williams Company
1130,"Feb 8, 2012",2012,"Acrylic resins derived from butyl acrylate, styrene, methacrylic acid, ethyl acrylate, glycidyl methacrylate, and hydroxypropyl methacrylate, cross-linked with phenolic resins listed under 21 CFR 175.300(b)(3)(vi).",Sherwin-Williams Company
1128,"Apr 3, 2012",2012,"2-Propenoic acid, telomer with 2-hydroxypropyl 2-propenoate and sodium hydrogen sulfite, ammonium salt (CAS Reg. No. 100486-98-4).",Dow Chemical Company
1127,"Jan 26, 2012",2012,A mixture of linear saturated aliphatic esters produced from C 16 -C 18 alcohols and C 14 -C 20 fatty acids.,NOF Corporation
1126,"Jan 26, 2012",2012,"Octadecanoic acid, 1-(12-acetyloxy)-, 2,3-bis(acetyloxy)propyl ester; 1-(12-acetoxystearoyl)-2,3-diacetylglycerol (CAS Reg. No. 736150-63-3).",Danisco A/S
1125,"Jan 19, 2012",2012,"Starch, carboxymethyl ether, sodium salt (CAS Reg. No.: 9063-38-1).",Paper Pak Industries
1123,"Feb 23, 2012",2012,Chlorine dioxide (CAS Reg. No. 10049-04-4).,Nalco Company
1122,"Jan 17, 2012",2012,"Hypobromous acid (CAS Reg. No. 13517-11-8) generated on-site from an aqueous mixture of sodium bromide (CAS Reg. No. 7647-15-6) and sodium, potassium or calcium hypochlorite (CAS Reg. Nos. 7681-52-9, 7778-66-7 or 7778-54-3).",Albemarle Corporation
1121,"Jan 17, 2012",2012,Tetrafluoroethylene-hexafluoropropylene-vinylidene fluoride copolymers (CAS Reg. No 25190-89-0).,3M
1120,"Dec 31, 2011",2011,Ethylene/1-butene copolymer (CAS Reg. No. 25087-34-7).,"Mitsui Chemicals, Inc."
1119,"Jan 21, 2012",2012,"Butanoic acid, 3-hydroxy-, (3R)-, polymer with 4-hydroxybutanoic acid (CAS Reg. No. 125495-90-1) and butanoic acid, 3-hydroxy-, (3R)-, homopolymer (CAS Reg. No. 29435-48-1). REPLACES FCN 943.",CJ Cheiljedang Corporation
1118,"Dec 1, 2011",2011,"1,3-dibromo-5,5-dimethylhydantoin (DBDMH; CAS Reg. No. 77-48-5).",Albemarle Corporation
1117,"Dec 1, 2011",2011,"2-Propenoic acid, 2-methyl-, ethyl ester, polymer with 2-oxiranylmethyl 2-methyl-2-propenoate (CAS Reg. No. 40081-37-6).",Sherwin-Williams Company
1116,"Nov 24, 2011",2011,"A copolymer of tetrafluoroethylene (CAS Reg. No. 116-14-3) and trifluoromethyl trifluorovinyl ether (CAS Reg. No. 1187-93-5), and optionally employing a halogenated alkene.","Dupont Specialty Products USA, LLC"
1115,"Nov 12, 2011",2011,"Carbonic dichloride, polymer with 4,4'-(1-methylethylidene)bis[phenol], 4-(1-methyl-1-phenylethyl)phenyl ester (polycarbonate resins) (CAS Reg. No. 11211-39-3). The resins are produced by the condensation of 4,4'-(isopropylidenediphenol) and carbonyl chloride. The manufacturing process may include optional adjuvant substances authorized in the production of the resins.",SABIC Innovative Plastics
1114,,,REPLACED BY FCN 1224,
1113,"Nov 8, 2011",2011,Sodium nitrite (CAS Reg. No. 7632-00-0).,"Nye Lubricants, Inc."
1111,"Dec 28, 2011",2011,"1,2-Benzisothiazolin-3-one (CAS Reg. No. 2634-33-5).",Thor GmbH of Speyer Germany
1110,"Jan 19, 2012",2012,"2-propenoic acid, polymer with sodium phosphinate, sodium salt (CAS Reg. No. 129898-01-7).","SNF, Inc."
1109,,,REPLACED BY FCN 2142,
1108,"Dec 14, 2011",2011,"1,2-Benzisothiazolin-3-one (CAS Reg. No. 2634-33-5).",LANXESS Corporation
1106,"Oct 4, 2011",2011,"An aqueous solution of hypobromous acid (CAS Reg. No. 13517-11-8) generated on-site from an aqueous mixture of 40 percent sodium bromide, (CAS Reg. No. 7647-15-6) and 12.5 percent sodium hypochlorite (CAS Reg. No. 7681-52-9).","Veolia WTS USA, Inc."
1105,"Sep 28, 2011",2011,"A reaction product of 9-octadecenoic acid (9Z)- with diethylenetriamine, cyclized, diethyl sulfate quaternized (CAS Reg. No. 68511-92-2). The reaction product contains a mixture of (1) 1-H-imidazolium, 1-ethyl-2-(8Z)-8-heptadecen-1-yl-4,5-dihydro-1-[2-[[(9Z)-1-oxo-9-octadecen-1-yl]amino]ethyl]-, ethyl sulfate (1:1) (CAS Reg. No. 67846-14-4); and (2) 9-octadecenamide, N-[2-[2-(8Z)-8 heptadecen-1-yl-4,5-dihydro-1H-imidazol-1-yl]ethyl]-, (9Z)-(CAS Reg. No. 63441-26-9).",Kemira Oyj and its stewarded affiliates and/or subsidiaries around the world
1104,"Sep 21, 2011",2011,"Bicyclo[2.2.1]hept-2-ene, polymer with ethene (CAS Reg. No. 26007-43-2).","TOPAS Advanced Polymers, GmbH Daicel HPP USA, Inc., and Daicel Corporation"
1103,"Sep 7, 2011",2011,Butyl acrylate-styrene-methacrylic acid-hydroxypropyl methacrylate-glycidyl methacrylate copolymer (CAS Reg. No. 1130609-14-1).,"Akzo Nobel Coatings, Inc. Akzo Nobel Coatings (Tianjin) Co., Ltd. Akzo Nobel Coatings (Jiaxing) Co., Ltd. LLC Petrokom Lipetsk Server Boya A.S. Akzo Nobel Performance Coatings (Shanghai) Co., Ltd. Akzo Nobel Industrial Finishes AB Akz"
1102,"Oct 20, 2011",2011,"1,3-dibromo-5,5-dimethylhydantoin (DBDMH) (CAS Reg. No. 77-48-5).",Albemarle Corporation
1101,"Aug 30, 2011",2011,"Hexanedioic acid, polymer with 1,3-benzenedimethanamine (CAS Reg. No. 25718-70-1).",Far Eastern New Century Corporation APG Polytech LLC
1100,"Sep 2, 2011",2011,Titanium dioxide treated with fluoride modified alumina.,"The Chemours Company FC, LLC"
1099,"Aug 30, 2011",2011,"2-Propenoic acid, 2-methyl-, polymer with ethyl 2-propenoate, and poly(oxy-1,2-ethanediyl), α-(2-methyl-1-oxo-2-propenyl)-ω-hydroxy-, C 16-18 -alkyl ether.",BASF SE
1098,"Oct 4, 2011",2011,"Hypobromous acid (CAS Reg. No. 13517-11-8) generated on-site from an aqueous mixture of hydrogen bromide (CAS Reg. No. 10035-10-6) and sodium, potassium or calcium hypochlorite (CAS Reg. No. 7681-52-9, 7778-66-7 or 7778-54-3).","Enviro Tech Chemical Services, Inc."
1096,,,REPLACED BY FCN 2046,
1095,"Aug 19, 2011",2011,Maleic anhydride grafted polypropylene (CAS Reg. No. 25722-45-6).,The Dow Chemical Company
1094,"Aug 11, 2011",2011,"An aqueous mixture of peroxyacetic acid (CAS Reg. No. 79-21-0), hydrogen peroxide (CAS Reg. No. 7722-84-1), acetic acid (CAS Reg. No. 64-19-7), 1-hydroxyethylidine-1,1-diphosphonic acid (HEDP, CAS Reg. No. 2809-21-4), dipicolinic acid (DPA, CAS Reg. No. 499-83-2) and sulfuric acid (CAS Reg. No. 7664-93-9).",Evonik Degussa Corporation
1093,"Aug 11, 2011",2011,"An aqueous mixture of peroxyacetic acid, hydrogen peroxide 1-hydroxyethylidine-1,1-diphosphonic acid (HEDP), and optionally, sulfuric acid.","Arkema, Inc. BioSafe Systems LLC"
1092,"Aug 10, 2011",2011,"1,3-benzenedicarbonyl dichloride, polymer with 1,4-benzenedicarbonyl dichloride, carbonic dichloride and 4,4'-(1-methylethylidene)bis[phenol] (polyester carbonate resins) (CAS Reg. No. 71519-80-7). The resins are produced by the condensation of 4,4'- isopropylidenediphenol, carbonyl chloride, terephthaloyl chloride, and isophthaloyl chloride such that the finished resins are composed of 45 to 85 mole percent ester, of which up to 55 mole percent is the terephthaloyl isomer. The resins are manufactured using a phthaloyl chloride/carbonyl chloride mole ratio of (0.81 to 5.7)/1 and isophthaloyl chloride/terephthaloyl chloride mole ratio of 0.81/1 or greater. The manufacturing process may include optional adjuvant substances authorized for the resins.",SABIC Innovative Plastics
1091,"Aug 10, 2011",2011,"D-Glucitol, bis-O-[(4-methylphenyl)methylene)- (CAS Reg. No. 54686-97-4).",New Japan Chemical Company Ltd.
1090,"Aug 2, 2011",2011,Methyl methacrylate polymer with butyl acrylate and glycidyl methacrylate.,Sherwin-Williams Company
1089,"Jul 29, 2011",2011,"A mixture containing peroxyacetic acid (CAS Reg. No. 79-21-0), hydrogen peroxide (CAS Reg. No. 7722-84-1), acetic acid (CAS Reg. No. 64-19-7), 1-hydroxyethylidene-1,1-diphosphonic acid (CAS Reg. No. 2809-21-4), and water (CAS Reg. No. 7732-18-5).","Alex C. Fergusson, LLC (AFCO)"
1088,"Jul 27, 2011",2011,Carbon black (CAS Reg. No. 1333-86-4).,Evonik Degussa Corporation
1087,"Aug 19, 2011",2011,Ethylene-acrylic acid copolymer (CAS Reg. No. 9010-77-9).,The Dow Chemical Company
1086,"Jul 8, 2011",2011,Ethylene-propylene copolymers (CAS Reg. No. 9010-79-1).,LyondellBasell Industries
1085,"Jul 7, 2011",2011,"Hexanedioic acid, polymer with 12-aminododecanoic acid, hexahydro-2H-azepin-2-one, and 1,6-hexanediamine (CAS Reg. No. 40959-29-3).","UBE Industries, Ltd."
1083,"Jun 29, 2011",2011,Polyphenylene sulfide (CAS Reg. No. 25212-74-2 or 26125-40-6).,"Syensqo Specialty Polymers USA, LLC"
1082,,,REPLACED BY FCN 1144,
1081,,,REPLACED BY FCN 1144,
1078,"Jun 24, 2011",2011,"4-Chloro-3-methylphenol, sodium salt (CAS Reg. No. 15733-22-9).",LANXESS Corporation
1077,"Aug 9, 2011",2011,"2,5-Furandione, polymer with 1,3-butadiene (CAS Reg. No. 25655-35-0).",Far Eastern New Century Corporation APG Polytech LLC
1076,"Jun 23, 2011",2011,"Ethylene-vinyl acetate-vinyl alcohol (EVOH) copolymers modified with up to 8 mol% 1,2-epoxypropane (CAS Reg. No. 482589-30-0).","Kuraray Company, Ltd."
1075,,,REPLACED BY FCN 2089,
1074,"Jun 10, 2011",2011,"Butyl acrylate polymer with styrene, methacrylic acid, ethyl acrylate and glycidyl methacrylate.",Sherwin-Williams Company
1073,"Jun 3, 2011",2011,Silicone Dioxide (CAS Reg. No. 7631-86-9).,KHS Plasmax GmbH
1072,"Jun 2, 2011",2011,Fluorphlogopite (CAS Reg. No. 12003-38-2).,Colors and Effects USA LLC
1071,"May 19, 2011",2011,Tripropylene glycol (CAS Reg. No. 24800-44-0).,Sherwin-Williams Company
1070,"May 19, 2011",2011,"Silane, dichlorodimethyl-, reaction products with silica (CAS Reg. No. 68611-44-9).",Evonik Degussa Corporation
1068,"May 11, 2011",2011,"Fatty acids, coco, sesquiesters with polyethylene glycol (CAS Reg. No. 61791-04-6).","Unitika, LTD"
1067,"May 5, 2011",2011,"2,4,8,10-tetraoxa-3,9-diphosphaspiro[5.5]undecane, 3,9-bis(isodecyloxy)- (CAS Reg. No. 26544-27-4).","Mitsui Chemicals, Inc. and Johoku Chemical Co., Ltd."
1066,"May 4, 2011",2011,"Rapeseed oil, methyl ester (CAS Reg. No. 73891-99-3).",Milligan Bio-Tech Inc.
1065,,,REPLACED BY FCN 1723,
1064,"Apr 28, 2011",2011,"Polyethylene terephthalate copolyesters (diethylene glycol-isophthalate modified) prepared by the condensation of dimethyl terephthalate or terephthalic acid with ethylene glycol and with one or more of the following: dimethyl isophthalate, isophthalic acid, and diethylene glycol.","Selenis Canada, Inc."
1062,"Apr 20, 2011",2011,2-(2-Aminoethylamino)ethanol (CAS Reg. No. 111-41-1).,Sherwin-Williams Company
1061,"Apr 20, 2011",2011,"2,2-Dimethylolpropionic acid (CAS Reg. No. 4767-03-7).",Sherwin-Williams Company
1060,"Apr 20, 2011",2011,Isophorone diisocyanate (CAS Reg. No. 4098-71-9).,Sherwin-Williams Company
1059,"Apr 19, 2011",2011,"The reaction products of mixed fatty acids (predominantly oleic acid) and ethylenediamine, of which the major component is N,N'-dioleoylethylenediamine (CAS Reg. No. 110-31-6).","Mitsubishi Chemical Corp. Sumitomo Chemical Co., Ltd. Prime Polymer Co., Ltd. Japan Polyethylene Corp."
1057,"Apr 14, 2011",2011,"2-Propenoic acid, 2-[1-[3,5-bis(1,1-dimethylpropyl)-2-hydroxyphenyl]ethyl]-4,6-bis(1,1-dimethylpropyl)phenyl ester (CAS Reg. No. 123968-25-2).",Ziko Ltd.
1056,"Apr 13, 2011",2011,"1,4-bis(2-ethylhexyl) benzenedicarboxylate (CAS Reg. No. 6422-86-2).",Eastman Chemical Company
1054,"Apr 9, 2011",2011,"Phenol, 4,4'-sulfonylbis-, polymer with 1,1'-sulfonylbis(4-chlorobenzene) (CAS Reg. No. 25667-42-9 and 25608-63-3).","Syensqo Specialty Polymers USA, LLC"
1053,"Mar 29, 2011",2011,"Poly(butyl acrylate-co-methyl methacrylate-co-styrene), cross-linked with glycidyl methacrylate, 2-ethylhexyl 2-mercaptoacetate terminated.",Kaneka Corporation
1052,"Mar 23, 2011",2011,An aqueous solution of chlorine dioxide (CAS Reg. No. 10049-04-4).,"CDG Environmental, LLC"
1050,"Mar 18, 2011",2011,Propylene/1-butene/ethylene copolymer (CAS Reg. No. 25895-47-0).,"Mitsui Chemicals, Inc."
1046,"Feb 23, 2011",2011,"2-propenoic acid, sodium salt, homopolymer (CAS Reg. No. 9003-04-7).",Coatex S.A.S. Coatex Netherlands B.V. Coatex Inc. Changshu Coatex Additives
1045,"Feb 18, 2011",2011,"Copolymer of dimethyl terephthalate or terephthalic acid, with ethylene glycol and poly(tetramethylene glycol) (CAS Reg. No. 9084-36-0 or 900151-37-3), in conjunction with either cobalt stearate (CAS Reg. No. 13586-84-0) or cobalt acetate (CAS Reg. No. 71-48-7).",Indorama Ventures USA Inc. and its stewarded affiliates around the world.
1043,"Feb 15, 2011",2011,Reaction products of vinyl-containing polydimethylsiloxanes with methylhydrogen cyclosiloxanes and allylglycidyl ether.,Dow Silicones Corporation
1042,"Feb 9, 2011",2011,"Benzoic acid, 4-chloro-2-[2-(2-hydroxy-6-sulfo-1-naphthalenyl)diazenyl]-, strontium salt (1:1) (CAS Reg. No. 474814-88-5).",Colorants Solutions USA LLC
1041,"Apr 9, 2011",2011,"Polymer of dimethyl terephthalate, 1,4-cyclohexanedimethanol, and 2,2,4,4-tetramethyl-1,3-cyclobutanediol (CAS Reg. No. 261716-94-3) containing repeat units consisting of terephthalate esters of 2,2,4,4-tetramethyl-1,3-cyclobutanediol at up to 40 mole percent (expressed as mole percent of the glycol component of the finished copolyesters) and 1,4- cyclohexanedimethanol at no less than 60 mole percent, and, optionally, ≤0.5 percent (by weight of the finished resin) trimellitic anhydride (CAS Reg. No. 552-30-7) as a branching agent. REPLACES FCN 729",Eastman Chemical Company
1040,"Feb 1, 2011",2011,Pentaerythritol tetra(3-dodecylthiopropionate) (CAS Reg. No. 29598-76-3).,"Double Bond Chemical Ind., Co., LTD."
1039,,,REPLACED BY FCN 2026,
1036,"Feb 27, 2011",2011,"Hypobromous acid (CAS Reg. No. 13517-11-8) generated on-site from an aqueous mixture of hydrogen bromide (CAS Reg. No. 10035-10-6) and sodium, potassium or calcium hypochlorite (CAS Reg. No. 7681-52-9, 7778-66-7 or 7778-54-3).","Enviro Tech Chemical Services, Inc."
1035,"Feb 18, 2011",2011,"Mixture of peroxyacetic acid (PAA; CAS Reg. No. 79-21-0), hydrogen peroxide (HP; CAS Reg. No. 7722-84-1), hydroxylethylidene-1,1-diphosphonic acid (HEDP; CAS Reg. No. 2809-21-4), dipicolinic acid (DPA; CAS Reg. No. 499-83-2), and acetic acid (AA).",Solvay Chemicals Inc.
1034,"Jan 15, 2011",2011,Butylated reaction product of p-cresol and dicyclopentadiene (CAS Reg. No. 68610-51-5).,Synthomer Specialty Chemicals SAS
1033,"Jan 14, 2011",2011,Polypropylene homopolymer (CAS Reg. No. 9003-07-0).,Clariant Corporation USA Inc.
1032,"Mar 19, 2011",2011,Polyoxyethylated tallow amine (CAS Reg. No. 61791-26-2).,Nouryon Surface Chemistry AB
1031,"Mar 19, 2011",2011,Odorless light petroleum hydrocarbons (CAS Reg. No. 64742-47-8).,Nouryon Surface Chemistry AB
1030,"Mar 19, 2011",2011,Dicocodimethylammonium chloride (CAS Reg. No. 61789-77-3).,Nouryon Surface Chemistry AB
1029,"Mar 19, 2011",2011,2-ethylhexanol (CAS Reg. No. 104-76-7).,Nouryon Surface Chemistry AB
1028,"Mar 19, 2011",2011,Isopropanol (CAS Reg. No. 67-63-0).,Nouryon Surface Chemistry AB
1026,"Jan 6, 2011",2011,Aluminum magnesium carbonate hydroxide (synthetic hydrotalcite) (CAS Reg. No. 11097-59-9).,"GCH Technology Co., Ltd."
1025,"Dec 28, 2010",2010,"An equilibrium mixture of peroxyacetic acid, hydrogen peroxide and acetic acid stabilized with dipicolinic acid.",Evonik Degussa Corporation
1024,"Dec 23, 2010",2010,Triisopropanolamine (CAS Reg. No. 122-20-3).,Adeka Corporation
1023,"Feb 25, 2011",2011,Calcium hypochlorite (CAS Reg. No. 7778-54-3).,Westlake Corporation/Westlake Chlor-Vinyls Corporation
1022,"Jan 21, 2011",2011,"Fatty acids, C 14 - 18 and C 16 - 18 -unsatd., polymers with adipic acid and triethanolamine, di-Me sulfate-quaternized (CAS Reg. No. 1211825-32-9).",BASF Corporation
1021,"Dec 7, 2010",2010,Polyoxyethylene (20) sorbitan monooleate.,"Ecolab, Inc."
1020,"Dec 7, 2010",2010,Ethylene glycol-propylene glycol polymer (CAS Reg. No. 9003-11-6).,"Ecolab, Inc."
1018,"Feb 5, 2011",2011,"A mixture of equal proportions of lytic-type phages, ECML-4 (157,308 bp), ECML-117 (66,854 bp), and ECML-134 (166,783 bp), isolated from fresh and salt water environments in phosphate-buffered saline.","Intralytix, Inc."
1017,"Dec 1, 2010",2010,"Ethylenesulfonic acid, sodium salt (CAS Reg. No. 3039-83-6).",Proviron Functional Chemicals
1015,"Nov 23, 2010",2010,"1,6-Hexanediol (CAS Reg. No. 629-11-8). REPLACES FCN 968.",The Sherwin-Williams Company
1013,"Nov 11, 2010",2010,Boron nitride (CAS Reg. No. 10043-11-5).,ESK Ceramics GmbH & Co. KG
1012,"Jan 13, 2011",2011,"Dodecanoic acid, 12-amino-, polymer with ethene, 2,5-furandione, α-hydro-ω-hydroxypoly(oxy-1,2-ethanediyl) and 1-propene (CAS Reg. No. 287916-86-3).","Sanyo Chemical Industries, Ltd. Toyotsu Chemiplas Corporation"
1011,"Oct 28, 2010",2010,An aqueous solution of chlorine dioxide (CAS Reg. No. 10049-04-4).,"CDG Environmental, LLC"
1009,"Oct 13, 2010",2010,"2-Propenoic acid, 2-methyl-, polymer with ethene (CAS Reg. No. 25053-53-6).",BASF SE
1008,"Oct 8, 2010",2010,Cyclohexylamine (CAS Reg. No. 108-91-8).,"Toyobo Company, Ltd."
1006,"Oct 8, 2010",2010,"Dimethyl, methylvinyl siloxane, hydroxyl-terminated reaction with beta-(3,4-epoxycyclohexyl)-ethyltrimethoxysilane (CAS Reg. No. 917773-10-5).",Dow Silicones Corporation
999,"Nov 18, 2010",2010,Mixture of 5-chloro-2-methyl-4-isothiazolin-3-one (CIT; CAS Reg. No. 26172-55-4) and 2-methyl-4-isothiazolin-3-one (MIT; CAS Reg. No. 2682-20-4) at a ratio of 9 parts to 1 by weight.,Thor GmbH
993,"Sep 2, 2010",2010,"A mixture of peroxyacetic acid (CAS Reg. No. 79-21-0), hydrogen peroxide (CAS Reg. No. 7722-84-1), acetic acid (CAS Reg. No. 64-19-7), and 1-hydroxyethylidine-1,1-diphosphonic acid (HEDP, CAS Reg. No. 2809-21-4).","Brainerd Chemical Company, Inc."
992,"Aug 27, 2010",2010,"Ethanedioic acid, diethyl ester, polymer with 2,3-dihydro-9,10-dihydroxy-1,4-anthracenedione, 1,4-dihydroxy-9,10-anthracenedione and 1,3-pentanediamine (CAS Reg. No. 725685-53-0).",DayGlo Color Corporation
989,"Aug 19, 2010",2010,"1,4-Cyclohexanedicarboxylic acid, polymer with 1,5-bis[[1-(hydroxymethyl)propyl]amino]-9,10-anthracenedione, 1,4-cyclohexanedimethanol, hexanedioic acid and 2-methyl-1,5-pentanediamine, reaction products with phenylglycidyl ether.",DayGlo Color Corporation
988,"Oct 8, 2010",2010,Bis(4-tert-butylbenzoate-0)hydroxyl aluminum (CAS Reg. No. 13170-05-3).,"GCH Technology Co., Ltd."
986,"Aug 11, 2010",2010,"1,6-Hexanediamine, N,N'-bis(2,2,6,6-tetramethyl-4-piperidinyl)-, polymer with 2,4,6-tricholoro-1,3,5-triazine, reaction products with N-butyl-1-butanamine and N-butyl-2,2,6,6-tetramethyl-4-piperidinamine (CAS Reg. No. 192268-64-7).",BASF Corporation
984,"Aug 3, 2010",2010,"1,4-Cyclohexanedicarboxylic acid, polymer with 1,4-cyclohexanedirnethanol, 2-(3-hydroxypropyl)-6-[(3-hydroxylpropyl)aniino]-1H-benz[de]isoquinoline-1,3-(2H)-dione and 1,3-pentanediamine, 2-hydroxy-3-phenoxypropyl ester (CAS Reg. No. 519050-54-5).",DayGlo Color Corporation
983,"Oct 22, 2010",2010,2-methyl-4-isothiazolin-3-one (CAS Reg. No. 2682-20-4).,Thor GmbH of Speyer Germany
982,"Jul 27, 2010",2010,"A mixture of saturated, linear, aliphatic esters produced from C 12 - C 18 alcohols and C 12 - C 18 fatty acids.",Cargill Velocity Holdings Limited
980,"Jul 21, 2010",2010,"2,5-dimethyl-2,5-di(t-butylperoxy)hexane (CAS Reg. No. 78-63-7).","Nisseki Plasto Company, Ltd"
979,"Sep 1, 2010",2010,Glyoxalated Cationic Polyacrylamide Resin (CAS Reg. No. 32555-39-8).,Solenis LLC
978,"Jul 20, 2010",2010,"Oxirane, 2-methyl, polymer with oxirane (CAS Reg. No. 9003-11-6)","Mitsui Chemicals, Inc. and Prime Polymer Co., Ltd."
977,"Jul 13, 2010",2010,"Naphthalenesulfonic acid, lauryl derivatives, calcium salts (CAS Reg. No. 1059544-80-7).",King Industries
976,"Jul 7, 2010",2010,"Naphthalene, hexadecyl- (CAS Reg. No. 56388-47-7) 50-70 weight percent with Naphthalene, octadecyl- (CAS Reg. No. 56388-48-8) 30-50 weight percent.",King Industries
975,"Jul 6, 2010",2010,"1,4-Butanediol-polytetramethylene glycol-terephthalic acid block copolymer (CAS Reg. No. 106159-00-6), reaction products with maleic anhydride.",Mitsubishi Chemical Corporation
974,"Jun 29, 2010",2010,"Adipic acid, polymer with 2-methyl-1,3-propanediol, bis(2-ethylhexyl) ester.",The HallStar Company
973,"Jun 29, 2010",2010,"A mixture of imidazolium and imidazoline compounds, 9-octadecenoic acid (9Z)-, reaction products with diethylenetriamine, cyclized, diethyl sulfate quaternized (CAS Reg. No. 68511-92-2) and amides, C 18 and C 18 unsaturated, N-(2-(2-(C 17 and C 17 unsaturated alkyl)-4,5-dihydro-1H-imidazol-l-yl)ethyl) (CAS Reg. No. 71808-32-7).","Georgia-Pacific Chemicals, LLC"
972,"Jun 23, 2010",2010,Tungsten carbide containing up to 15 percent nickel with up to 1.5 percent chromium.,Hartmetall ESTECH AG
971,,,REPLACED BY FCN 1866,
970,"May 11, 2010",2010,Boron nitride (CAS Reg. No. 10043-11-5).,CJ CheilJedang Corporation
968,,,REPLACED BY FCN 1015,
967,"Jun 3, 2010",2010,"1,4-Benzenedicarboxylic acid, 1,4-dimethyl ester, polymer with 1,2-ethanediol and α-hydro-ω-hydroxypoly(oxy-1,4-butanediyl) (CAS Reg. No. 9084-36-0) and used in conjunction with either cobalt stearate (CAS Reg. No. 13586-84-0) or cobalt acetate (CAS Reg. No. 71-48-7).",Indorama Ventures USA Inc. and its stewarded affiliates around the world.
966,"Jun 1, 2010",2010,Phthalimidomethyl copper phthalocyanine (CAS Reg. No. 68411-06-3).,"Toyo Ink Manufacturing Company, Ltd"
965,"May 21, 2010",2010,"Methyl oxirane polymer with oxirane, ether with 1,2,3-propanetriol (CAS Reg. No. 9082-00-2).",The Dow Chemical Company
964,"May 11, 2010",2010,"Industrial starch modified (CAS Reg. No. 56780-58-6) by treatment with greater than 5 percent and not more than 21 percent by weight 2,3-epoxypropyltrimethylammonium chloride (CAS Reg. No. 3033-77-0).",Western Polymer Corporation
963,"May 11, 2010",2010,"(3R,6R)-3,6-dimethyl-1,4-dioxane-2,5-dione, polymer with rel-(3R,6S)-3,6-dimethyl-1,4-dioxane-2,5-dione and (3S,6S)-3,6-dimethyl-1,4-dioxane-2,5-dione (CAS Reg. No. 9051-89-2) (aka polylactide polymers), manufactured and characterized as described in the notification.",Zhejiang Hisun Biomaterials Co. Ltd.
961,"May 11, 2010",2010,Glycerol ethoxylate (CAS Reg. No. 31694-55-0).,The Dow Chemical Company
960,"May 4, 2010",2010,"Phosphorous acid, cyclic neopentanetetrayl bis(2,6-di-tert-butyl-4-methylphenyl) ester (CAS Reg. No. 80693-00-1).",Adeka Corporation
959,"Apr 29, 2010",2010,35 percent ammonium bromide solution (CAS Reg. No. 12124-97-9).,ICL-IP America Inc. (formerly AmeriBrom Inc.)
958,"Jun 2, 2010",2010,Polyglycolic acid (CAS Reg. No. 26124-68-5).,Kureha Corporation
957,"Apr 8, 2010",2010,"Crosslinked 2-propenoic acid, homopolymer, sodium salt (CAS Reg. No. 9003-04-7).",BASF SE
956,"Jun 19, 2010",2010,"Copolymers of caprolactone prepared by the polymerization of caprolactone with up to 2.25 percent 1,4-butanediol (CAS Reg. No. 31831-53-5 or CAS Reg. No. 24980-41-4).",Sealed Air Corporation
955,"Jun 17, 2010",2010,Tetrakis (hydroxymethyl) phosphonium sulfate (THPS) (CAS Reg. No. 55566-30-8).,Energy Solutions (US) LLC
953,"Mar 18, 2010",2010,"2, 4-Imidazolidinedione, 5,5-dimethyl (CAS Reg. No. 77-71-4).","Arxada, LLC"
951,"Mar 16, 2010",2010,"An aqueous mixture of peroxyacetic acid (CAS Reg. No. 79-21-0), hydrogen peroxide (CAS Reg. No. 7722-84-1), acetic acid (CAS Reg. No. 64-19-7), 1-hydroxyethylidine-1,1-diphosphonic acid (HEDP, CAS Reg. No. 2809-21-4), and sulfuric acid (CAS Reg. No. 7664-93-9).",Evonik Degussa Corp.
949,"Mar 2, 2010",2010,Chlorine Dioxide (CAS Reg. No. 10049-04-4).,"ICA TriNova, LLC"
948,"Apr 6, 2010",2010,"Ethene, 1,1,2,2-tetrafluoro-, polymer with 1,1,2-trifluoro-2-(1,1,2,2,2-pentafluoroethoxy)ethene (CAS Reg. No. 31784-04-0).","The Chemours Company FC, LLC"
947,"Apr 30, 2010",2010,"Copolymer of hexafluoropropylene (CAS Reg. No. 116-15-4), tetrafluoroethene (CAS Reg. No. 116-14-3), and perfluoroethyl vinyl ether (CAS Reg. No. 10493-43-3).","The Chemours Company FC, LLC"
946,,,REPLACED BY FCN 1775,
945,"Feb 17, 2010",2010,"Fatty acids, C16-18 and C18-unsaturated, methyl esters, hydroformylation products, hydrogenated.",The Dow Chemical Company
944,"Feb 17, 2010",2010,"Hypobromous acid (CAS Reg. No. 13517-11-8) generated on-site from an aqueous mixture of hydrogen bromide (CAS Reg. No. 10035-10-6) and sodium, potassium or calcium hypochlorite (CAS Reg. No. 7681-52-9, 7778-66-7 or 7778-54-3).","Enviro Tech Chemical Services, Inc."
943,,,REPLACED BY FCN 1119,
939,"Apr 2, 2010",2010,"(cis.trans)-(1,3)/(1,4)-cyclohexanedimethanol (1,3-cyclohexanedimethanol, CAS Reg. No. 3971-28-6) and 1,4-cyclohexanedimethanol, CAS Reg. No. 105-08-8).",The Dow Chemical Company
938,"Jan 22, 2010",2010,Cobalt Chromite Blue-Green Spinel (CAS Reg. No. 68187-11-1).,The Shepherd Color Company
937,"Jan 21, 2010",2010,"Copolymers made from the reaction of dimethyl terephthalate or terephthalic acid with a mixture containing 15 to 85 mole percent of ethylene glycol and 85 to 15 mole percent of 1,4-cyclohexanedimethanol (70 percent trans isomer, 30 percent cis isomer), and optionally < 0.5 percent (by weight of the finished resin) trimellitic anhydride as a branching agent. The FCS is further identified as follows: Ethylene-1,4-cyclohexylenedimethylene terephthalate copolymers (CAS Reg. No. 25640-14-6), manufactured from dimethyl terephthalate (DMT), ethylene glycol (EG), and 1,4-cyclohexanedimethanol (CHDM). Ethylene-1,4-cyclohexylenedimethylene terephthalate copolymers (CAS Reg. No. 25038-91-9), manufactured from terephthalic acid (TPA), EG, and CHDM.",Eastman Chemical Company
936,"Jan 12, 2010",2010,Propylene-ethylene copolymers (CAS Reg. No. 9010-79-1).,ExxonMobil Product Solutions Company
935,"Jan 8, 2010",2010,"2,2'-(1,4-phenylene)bis[4H-3,1-benzoxazin-4-one] (CAS Reg. No. 18600-59-4).",Chitec Technology Co. LTD and The Hanson Group LLC
934,"Dec 31, 2009",2009,"Dimethyl, methylvinyl siloxane, hydroxyl-terminated reaction with beta-(3,4-epoxycyclohexyl)-ethyltrimethoxysilane (CAS Reg. No. 917773-10-5).",Dow Silicones Corporation
932,"Dec 30, 2009",2009,"Montmorillonite (CAS Registry Number 1318-93-0) surface treated with either quaternary ammonium compounds, (hydrogenated tallow alkyl)bis(hydroxyethyl)methyl, chlorides (CAS Reg. No. 68607-27-2) or 1-octadecanaminium, N,N-bis(2-hydroxyethyl)-N-methyl-, chloride (CAS Reg. No. 3010-24-0).",Toyo Seikan Kaisha Limited and Nanocor Incorporated
927,"Mar 6, 2010",2010,Urea-melamine-formaldehyde resins (CAS Reg. No. 25036-13-9).,CHEP USA
926,,,REPLACED BY FCN 1216,
925,"Feb 2, 2010",2010,"1,3-Benzenedicarboxylic acid, polymer with 1,3-benzenedimethanamine and hexanedioic acid (CAS Reg. No. 28628-75-3).","Mitsubishi Gas Chemical Co., Inc."
924,"Nov 25, 2009",2009,1-Ethynyl-1-cyclohexanol (CAS Reg. No. 78-27-3).,Wacker Chemical Corporation
923,"Nov 20, 2009",2009,"Nylon MXD-6 (CAS Reg. No. 25718-70-1) (also known as hexanedioic acid, polymer with 1,3-benzenedimethanamine) meeting the analytical specifications in 21 CFR 177.1500(b) item 10.1 and used in conjunction with cobalt neodecanoate (CAS Reg. No. 27253-31-2).","Plastipak Packaging, Inc."
921,,,REPLACED BY FCN 2046,
920,"Nov 10, 2009",2009,"Copolymer of lauryl methacrylate (CAS Reg. No. 142-90-5) and Behenyl Methacrylate (CAS Reg. No. 16669-27-5) in ratios of 70-95% and 5-30%, respectively.",BASF Corporation
919,"Dec 16, 2009",2009,Ethylene-propylene-ethylidene norbornene-dicyclopentadiene elastomer,"Lion Copolymer, LLC"
918,"Oct 28, 2009",2009,Tricyclodecanedimethanol (CAS Reg. No. 26160-83-8).,Evonik Degussa GmbH
917,"Oct 22, 2009",2009,"Butene, polymer with ethene (CAS Reg. No. 9019-29-8).","Mitsui Chemicals, Inc."
916,,,REPLACED BY FCN 2032,
915,"Aug 18, 2009",2009,"Naphthalene, reaction products with 1-hexadecene (CAS Reg. No. 94247-63-9).",ExxonMobil Product Solutions Company
914,"Oct 21, 2009",2009,"9,10-anthracenedione, 1,4-bis[(2,4,6-trimethylphenyl)amino]- (CAS Reg. No. 116-75-6).",Modern Chemical Corporation Limited
913,,,REPLACED BY FCN 1355,
912,"Oct 9, 2009",2009,"Benzenesulfonic acid, 4-[[1-[[(2-methylphenyl)amino]carbonyl]-2-oxopropyl]azo]-3-nitro-, calcium salt (2:1) (CAS Reg. No. 12286-66-7).",Colors and Effects USA LLC
911,"Oct 7, 2009",2009,"A mixture of peroxyacetic acid, hydrogen peroxide, and 1-hydroxyethylidine-1,1-diphosphonic acid, with or without an optional adjuvant system composed of a mixture dimethyl sebacate (up to 20 percent by weight), dimethyl succinate (up to 0.8 percent by weight), dimethyl adipate (68-76 percent by weight) and dimethyl glutarate (4-12 percent by weight).","Ecolab, Inc."
909,"Oct 6, 2009",2009,Propylene/ethylene copolymers (CAS Reg. No. 9010-79-1).,"The Dow Chemical Company Braskem S.A., Braskem America, Inc., and Braskem Europe"
908,"Sep 24, 2009",2009,"An aqueous mixture of peroxyacetic acid (CAS Reg. No. 79-21-0), hydrogen peroxide (CAS Reg. No. 7722-84-1), acetic acid (CAS Reg. No 64-19-7), sulfuric acid (CAS Reg. No. 7664-93-9), and 1-hydroxyethylidine-1,1-diphosphonic acid (HEDP) (CAS Reg. No. 2809-21-4).",Enviro Tech Chemical Services
907,,,REPLACED BY FCN 2032,
906,"Sep 18, 2009",2009,"3,9-Bis[2-[3-(3-tert-butyl-4-hydroxy-5-methylphenyl)propionyloxy]-1,1-dimethylethyl]-2,4,8,10-tetraoxaspiro[5.5]undecane (CAS Reg. No. 90498-90-1).","Sumitomo Chemical Company, Ltd."
904,"Sep 16, 2009",2009,"Silicon Dioxide (CAS Reg. No. 7631-86-9), with a topcoat of a polymer of hexamethyldisiloxane (CAS Reg. No. 26298-61-3).",KHS Plasmax GmbH
903,"Sep 15, 2009",2009,"Hexanedioic acid, polymer with 12-aminododecanoic acid, hexahydro-2H-azepin-2-one and 1,6-hexanediamine (CAS Reg. No. 40959-29-3).","UBE Industries, Ltd."
902,"Sep 9, 2009",2009,"Nylon MXD-6 (CAS Reg. No. 25718-70-1) (also known as hexanedioic acid, polymer with 1,3-benzenedimethanamine) meeting the analytical specifications in 21 CFR 177.1500(b) item 10.1 and used in conjunction with either cobalt stearate (CAS Reg. No. 13586-84-0) or cobalt acetate (CAS Reg. No. 71-48-7).","Indorama Ventures USA Inc. and its stewarded affiliates around the world Mitsubishi Gas Chemical Company, Inc."
900,"Aug 21, 2009",2009,Sodium Chlorite (CAS Reg. No. 7758-19-2).,"Bio-Cide International, Inc."
899,"Aug 18, 2009",2009,"Naphthalene, reaction products with 1-tetradecene (CAS Reg. No. 132983-41-6).",ExxonMobil Product Solutions Company
898,"Aug 14, 2009",2009,"Alcohols, C 13 - C 15 branched and linear, butoxylated ethoxylated (CAS Reg. No. 111905-53-4).",Ecolab Incorporated
897,"Aug 14, 2009",2009,"Alcohols, C 12 - C 15 , ethoxylated propoxylated (CAS Reg. No. 68551-13-3).",Ecolab Inc.
896,"Aug 13, 2009",2009,"12H-Dibenzo[d,g] [1,3,2]dioxaphosphocin, 2,4,8,10-tetrakis(1,1-dimethylethyl)-6-[(2-ethylhexyl)oxy]- (CAS Reg. No. 126050-54-2).",ZEON Corporation
895,"Aug 13, 2009",2009,"Phosphorous acid, cyclic neopentanetetrayl bis(2,6-di-tert-butyl-4-methylphenyl) ester (CAS Reg. No. 80693-00-1).",Adeka Corporation
893,"Sep 18, 2009",2009,"Alkyl acrylate copolymers with styrene or alkyl methacrylate copolymers with styrene produced from long-chain (C 16 - C 22 ) linear alkyl acrylate or methyacrylate esters with up to 10 weight-percent of styrene in a matrix of neutral carrier oil (CAS Reg. Numbers include, but are not limited to, 851188-39-1 and 816417-47-7).","Evonik RohMax USA, Inc. and all international branches of Evonik RohMax"
892,"Jul 23, 2009",2009,"3,6-bis([1,1'-biphenyl]-4-yl)-2,5-dihydropyrrolo[3,4-c]pyrrole-1,4-dione (CAS Reg. No. 88949-33-1)(95 - 98 weight percent); 3-[4-(octadecylthio)phenyl]-6-([1,1'-biphenyl]-4-yl)-2,5 dihydropyrrolo[3,4-c]pyrrole-1,4-dione (CAS Reg. No. 960522-89-8)(2 - 5 weight percent); and 3,6-bis[4-(octadecylthio)phenyl]-2,5 dihydropyrrolo[3,4-c]pyrrole-1,4-dione (CAS Reg. No. 247089-62-9)(<0.1 weight percent).",Colors and Effects USA LLC
891,"Jul 23, 2009",2009,"Fluorocarbon cured elastomer produced by copolymerizing tetrafluoroethylene (CAS Reg. No. 116-14-3) and propylene (CAS Reg. No. 115-07-01) and subsequent curing of the copolymer with triallylisocyanurate (CAS Reg. No. 1025-15-6) and 2,2'-bis(tert-butylperoxy)diisopropylbenzene (CAS Reg. No 25155-25-3).","Process Technologies, Inc."
890,"Jul 21, 2009",2009,"Hydrocarbons, C6-20, polymer, hydrogenated (CASRN 69430-35-9)","Idemitsu Kosan Co., Ltd"
889,"Jul 3, 2009",2009,"Benzenesulfonic acid, 2,2'-(1,2-ethenediyl)bis(5-(4-(bis(2-hydroxyethyl)amino)-6-((4-sulfophenyl)amino)-1,3,5-triazin-2-yl)amino)-, tetrasodium salt (CAS Reg. No. 16470-24-9).",PT. Sinar Syno Kimia
887,"Jun 18, 2009",2009,"An aqueous mixture of peroxyacetic acid (CAS Reg. No. 79-21-0), hydrogen peroxide (CAS Reg. No. 7722-84-1), acetic acid (CAS Reg. No. 64-19-7), 1-hydroxyethylidine-1,1-diphosphonic acid (CAS Reg. No. 2809-21-4), and optionally sulfuric acid (CAS Reg. No. 7664-93-9).","Enviro Tech Chemical Services, Inc."
886,"Jul 22, 2009",2009,"2-2'-[1,3-phenylenebis(methylene)]bis[2,3-dihydro-1H-isoindol-1-one] (CAS Reg. No. 935739-41-6) (also known as m-Xylylenediamine-bis(phthalamide), MXBP), used in conjunction with cobalt neodecanoate (CAS Reg. No. 27253-31-2).","Plastipak Packaging, Inc."
884,"Jun 5, 2009",2009,"Acrylic polymers are composed of a minimum of 60 weight percent of the polymer consisting of ethyl acrylate and methacrylic acid. The balance of the polymer consists of one or more of the following monomers: 2-Sulfoethyl methacrylate (monomer) <2%; Macromonomers as follows: Poly(oxy-1,2-ethanediyl) (20-50 moles), α-[[[1-methyl-1-[3-(1-methylethenyl)phenyl]ethyl]amino]carbonyl]-ω-(nonylphenoxy)-; Poly(oxy-1,2-ethanediyl) (20-50 moles), α-[[[1-methyl-1-[3-(1-methylethenyl)phenyl]ethyl]amino]carbonyl]-ω-(dinonylphenoxy)-; Poly(oxy-1,2-ethanediyl) (20-50 moles), α-[[[1-methyl-1-[3-(1-methylethenyl)phenyl]ethyl]amino]carbonyl]-ω-[2-(nonylphenoxy)-1-[(nonylphenoxy)methyl]ethoxy]-; Poly(oxy-1,2-ethanediyl) (20-50 moles), α-[[[1-methyl-1-[3-(1-methylethenyl)phenyl]ethyl]amino]carbonyl]-ω-(alkyloxy (produced from linear alcohols in the range of C 6 -C 30 -.","Arkema, Inc. and its affiliates around the world."
883,"Jun 3, 2009",2009,"Poly[imino(2-methyl-1,4-cyclohexanediyl)methylene(3-methyl-1,4-cyclohexanediyl)imino(1,12-dioxo-1,12-dodecanediyl)] (CAS Reg. No. 163800-67-7).",EMS-Chemie AG
880,"May 21, 2009",2009,"A mixture containing peroxyacetic acid (CAS Reg. No. 79-21-0), hydrogen peroxide (CAS Reg. No. 7722-84-1), acetic acid (CAS Reg. No. 64-19-7), 1-hydroxyethylidene-1,1-diphosphonic acid (HEDP) (CAS Reg. No. 2809-21-4), and water.","Evonik Active Oxygens, LLC"
879,"May 15, 2009",2009,"An aqueous mixture of peroxyacetic acid (CAS Reg. No. 79-21-0), hydrogen peroxide (CAS Reg. No.7722-84-1), acetic acid (CAS Reg. No. 64-19-7), and optionally sulfuric acid (CAS Reg. No. 7664-93-9).","Enviro Tech Chemical Services, Inc."
878,"May 12, 2009",2009,"Siloxanes and silicones, di-Me, hydroxyl-terminated, reaction products with silica (CAS Reg. No. 102782-80-9).",Fuji Silysia Chemical Ltd.
876,"Jul 7, 2009",2009,"Phosphonic acid, (1-methyl-ethenyl)-, homopolymer, sodium salt (PIPPA) (CAS Reg. No. 118632-18-1)","Veolia WTS USA, Inc."
875,"Apr 29, 2009",2009,"1,4-Benzenedicarboxylic acid, polymer with 1,10-decanediamine and 1,6-hexanediamine (CAS Reg. No. 657408-39-4).",EMS-Chemie AG
874,"Apr 29, 2009",2009,"1,3-Benzenedicarboxylic acid, polymer with azacyclotridecan-2-one, 1,4-benzenedicarboxylic acid and 4,4'-methylenebis[2-methylcyclohexanamine] (CAS Reg. No. 62694-40-0).",EMS-Chemie AG
871,"Apr 9, 2009",2009,"Diallyldimethylammonium chloride polymer with acrylamide, reaction product with glyoxal, produced by copolymerizing from 20 to 90 weight percent of acrylamide and 10 to 80 weight percent of diallyldimethylammonium chloride, which is then cross-linked with not more than 30 weight percent of glyoxal.","Buckman Laboratories International, Inc."
870,"Apr 7, 2009",2009,"Hexanedioic acid polymer with 1,3-benzenedimethanamine(CAS Reg. No. 25718-70-1) meeting the specifications in 21 CFR 177.1500 (b), item 10.2, when tested by the methods given in 21 CFR 177.1500 (c).",Mitsubishi Gas Chemical
869,"Mar 24, 2009",2009,Propylene/1-butene/ethylene copolymer (CAS Reg. No. 25895-47-0).,"Mitsui Chemicals, Inc."
868,"Mar 24, 2009",2009,Manganese Ferrite Black Spinel aka C.I. Pigment Black 26 (CAS Reg. No. 68186-94-7).,The Shepherd Color Company
865,"Mar 19, 2009",2009,"Acrylate copolymers, containing 2-propenoic acid (CAS Reg. No. 79-10-7), 2-propenoic acid, n-butyl ester (CAS Reg. No. 141-32-2), 2-propenoic acid, tert-butyl ester (CAS Reg. No. 1663-39-4), 2-propenoic acid, 2-ethylhexyl ester (CAS Reg. No. 103-11-7), 2-propenoic acid, hydroxypropyl ester (CAS Reg. No. 25584-83-2), 2-propenoic acid, 2-methyl-, methyl ester (CAS Reg. No. 80-62-6), 2-propenamide (CAS reg. No. 79-06-1), benzene, ethenyl- (CAS Reg. No. 100-42-5), and/or acetic acid ethenyl ester (CAS Reg. No. 108-05-4).",BASF SE
864,"Jun 9, 2009",2009,"Ethylene/propylene copolymers (CAS Reg. No. 9010-79-1) polymerized in the presence of propylene homopolymer (CAS Reg. No. 9003-07-0) complying with 21 CFR 177.1520(c) Item 1.1, to produce an inseparable blend of the two polymers.",Pinnacle Polymers
863,"Apr 18, 2009",2009,"Alcohols, linear, C 12 - C 16 , ethoxylated propoxylated (CAS Reg. No.68213-24-1).",Ecolab Inc.
862,"Feb 5, 2009",2009,"Styrene/butadiene/acrylonitrile copolymers (CAS Reg. No. 9003-56-9, exclusive of minor co-monomers) containing up to 30% by weight of polymer units derived from acrylonitrile and up to 10% by weight of polymer units derived from one or more of the following monomers: acrylic acid, fumaric acid, 2-hydroxyethyl acrylate, itaconic acid, and methacrylic acid.",Synthomer Deutschland GmbH Synthomer S.r.I.
861,"Jan 30, 2009",2009,"Tridecanol phosphite condensation product with butylidenebis(2-(1,1-dimethylethyl)-5- methyl-4,1-phenylene) (CAS Reg. No. 13003-12-8).",Dover Chemical Corporation
860,"Jan 30, 2009",2009,"N,N',N''-Tris(2-methylcyclohexyl)-1,2,3-propanetricarboxamide (CAS Reg. No. 160535-46-6).","New Japan Chemical Co., Ltd."
856,"Apr 3, 2009",2009,Boron nitride (CAS Reg. No. 10043-11-5).,Saint-Gobain Advanced Ceramics Corporation
853,,,REPLACED BY FCN 2142,
852,"Jan 14, 2009",2009,"A copolymer of hydroquinone, terephthalic acid, 2,6-naphthalenedicarboxylic acid, 4- hydroxybenzoic acid, and optionally 4,4'-biphenol.",Ticona
851,"Jan 8, 2009",2009,"Hexanedioic acid, polymer with 1,3-benzenedimethanamine (CAS Reg. No. 25718-70-1).",Far Eastern New Century Corporation APG Polytech LLC
850,"Dec 31, 2008",2008,"1,3-butadiene, 2-methyl-, homopolymer, of cis-1,4-configuration, cyclized (CAS Reg. No. 68441-13-4).",Zeon Corporation
849,"Feb 27, 2009",2009,"Nylon MXD-6 (CAS Reg. No. 25718-70-1) (also known as hexanedioic acid, polymer with 1,3-benzenedimethanamine) meeting the analytical specifications in 21 CFR 177.1500(b) item 10.1 and used in conjunction with cobalt neodecanoate (CAS Reg. No. 27253-31-2).","Plastipak Packaging, Inc."
847,"Dec 16, 2008",2008,"Nylon MXD-6 (also known as hexanedioic acid, polymer with 1,3-benzenedimethanamine) meeting the analytical specifications in 21 CFR 177.1500(b), item 10.2 and used in conjunction with cobalt stearate (CAS Reg. No. 13586-84-0).","Indorama Ventures USA Inc. and its stewarded affiliates around the world Mitsubishi Gas Chemical Company, Inc."
846,"Jan 10, 2009",2009,"1,2-Benzisothiazolin-3-one (CAS Reg. No. 2634-33-5).",LANXESS Corporation
845,"Dec 10, 2008",2008,"Styrene/butadiene copolymers (CAS Reg. No., exclusive of minor monomers, is 9003-55-8), produced by copolymerizing styrene and butadiene with one or more of the monomers methacrylic acid, 2-hydroxyethyl acrylate, itaconic acid, acrylic acid, fumaric acid, N-methylol methacrylamide, and methacrylamide, such that the total of methacrylic acid, 2-hydroxyethyl acrylate, itaconic acid, acrylic acid, and fumaric acid does not exceed 10 percent by weight, and the methacrylamide and N-methylol methacrylamide do not exceed 2 percent and 3 percent by weight, respectively.",Synthomer Inc.
844,"Dec 3, 2008",2008,"Copolyester of 1,4-benzene dicarboxylic acid polymer with 1,4-butanediol, (E)-2-butenedioic acid, 1,2-ethanediol, and 1,6-hexanedioic acid grafted with styrene-maleate copolymer.","Toyobo Co., Ltd."
843,"Dec 3, 2008",2008,"Propylene/ethylene copolymers (CAS Reg. No. 9010-79-1) polymerized in the presence of propylene homopolymer (CAS Reg. No. 9003-07-0) complying with 21 CFR 177.1520(c) Item 1.1, to produce an inseparable blend of the two polymers.","The Dow Chemical Company Braskem S.A., Braskem America, Inc., and Braskem Europe"
839,"Nov 21, 2008",2008,"Dodecanoic acid, 12-amino-, polymer with ethene, 2,5-furandione, α-hydro-ω-hydroxypoly(oxy-1,2-ethanediyl) and 1-propene (CAS Reg. No. 287916-86-3).","Sanyo Chemical Industries, Ltd. Toyotsu Chemiplas Corporation"
837,"Nov 12, 2008",2008,"Benzenesulfonic acid, 2,2'-(1,2-ethenediyl)bis(5-(4-(bis(2-hydroxyethyl)amino)-6-((4-sulfophenyl)amino)-1,3,5-triazin-2-yl)amino)-, tetrasodium salt (CAS Reg. No. 16470-24-9).","Sun Rise Chemical Ind. Co., Ltd. (Taiwan); Sun Rise Chemical Ind. Co. (China)"
836,"Nov 12, 2008",2008,Polycyclooctene (CAS Reg. No. 25267-51-0).,"Kuraray Company, Ltd."
835,"Dec 26, 2008",2008,"1,2-Benzisothiazolin-3-one (CAS Reg. No. 2634-33-5).",LANXESS Corporation
834,"Oct 29, 2008",2008,"1,4-Butanediol dimethacrylate (CAS Reg. No. 2082-81-7).",FCS: Evonik Röhm GmbH Polymer made with the FCS: SABIC Petrochemical B.V.
832,"Oct 21, 2008",2008,Propylene-ethylene copolymers (CAS Reg. No. 9010-79-1).,ExxonMobil Product Solutions Company
831,"Oct 15, 2008",2008,Poly(tetramethylene terephthalate) (CAS Reg. No. 24968-12-5).,SHPP US LLC
830,"Oct 8, 2008",2008,"Octadecyl 3,5-di-tert-butyl-4-hydroxyhydrocinnamate (CAS Reg. No. 2082-79-3).","SI Group, Inc."
829,"Oct 8, 2008",2008,"Tris(2,4-di-tert-butylphenyl)phosphite (CAS Reg. No. 31570-04-4).","SI Group, Inc."
828,"Sep 27, 2008",2008,"1,3:2,4-di-O-(p-chlorobenzylidene)-D-sorbitol (CAS Reg. No. 82203-23-4).",GCH Technology Company Ltd.
826,"Sep 3, 2008",2008,"Siloxanes and Silicones, di-Me vinyl, hydroxy-terminated, reaction products with trimethoxy[3-(oxiranylmethoxy)propyl]silane (CAS Reg. No. 102782-94-5).","Dow Silicones Corporation DDP Specialty Electronic Materials US 9, LLC"
825,"Aug 28, 2008",2008,"Nonitol, 1,2,3-trideoxy-4,6:5,7-bis-O-[(4-propylphenyl)methylene]- (CAS Reg. No. 882073-43-0).","Milliken Chemical, a Division of Milliken and Company"
824,"Sep 11, 2008",2008,"N-[3,5-Bis(2,2-dimethylpropionylamino)phenyl]-2,2-dimethylpropionamide (CAS Reg. No. 745070-61-5).",Milliken Europe BV
823,"Aug 20, 2008",2008,Chromium Nitride (CAS Reg. No. 24094-93-7).,"Phygen Coatings, Inc."
822,"Aug 14, 2008",2008,1-Tetradecene reaction products with Naphthalene (CAS Reg. No. 132983-41-6).,King Industries
821,"Aug 6, 2008",2008,"Styrene block polymer with 1,3-butadiene, hydrogenated (CAS Reg. No. 66070-58-4).",Asahi Kasei Corporation
818,,,REPLACED BY FCN 2252,
817,"Jul 29, 2008",2008,"Hexanedioic acid, polymer with 1,3-benzenedimethanamine (CAS Reg. No. 25718-70-1) meeting the analytical specifications in 21 CFR 177.1500(b), item 10.2, and used in conjunction with cobalt neodecanoate (CAS Reg. No. 27253-31-2).",Far Eastern New Century Corporation APG Polytech LLC
816,"Jul 29, 2008",2008,"Carbamodithioic acid, dibutyl-, methylene ester (CAS Reg. No. 10254-57-6).","Vanderbilt Chemicals, LLC"
815,"Aug 14, 2008",2008,"beta-Alanine, N-(2-aminoethyl)-, monosodium salt, polymer with 1,4-butanediol, 1,6-diisocyanatohexane, 1,3-diisocyanatomethylbenzene and hexanedioic acid (CAS Reg. No. 141073-56-5).",BASF SE
814,"Jul 2, 2008",2008,"Tris(2,4-di-tert-butylphenyl)phosphite (CAS Reg. No. 31570-04-4).",Rich Yu Chemical
813,"Jun 27, 2008",2008,"Urea, N,N''-1,3-propanediylbis[N'-octadecyl- (CAS Registry No. 35674-65-8).",BYK-Chemie GmbH
812,"Jun 19, 2008",2008,"Octadecanoic acid, 1-(12-acetyloxy)-, 2,3-bis(acetyloxy)propyl ester; 1-(12-acetoxystearoyl)-2,3-diacetylglycerol (CAS Reg. No. 736150-63-3).",Danisco A/S
810,"Jun 11, 2008",2008,"2-Bromo-2-nitro-1,3-propanediol (CAS Reg. No. 52-51-7).","Veolia WTS USA, Inc."
808,"Jul 26, 2008",2008,"D-Glucitol, bis-O-[(4-methylphenyl)methylene)- (CAS Reg. No. 54686-97-4).",New Japan Chemical Company Ltd.
807,"Jun 5, 2008",2008,Mixture of sodium chlorite (CAS Reg. No. 7758-19-2) and sodium chloride (CAS Reg. No. 7647-14-5).,Xyrex Ltd.
806,"Jun 4, 2008",2008,Ethylene/1-butene copolymer (CAS Reg. No. 25087-34-7).,"Mitsui Chemicals, Inc."
805,"Jun 4, 2008",2008,"Carboxylic acids, C5-9, hexaesters with dipentaerythritol (CAS Reg. No. 67762-52-1).",Inolex Chemical Company
804,"May 18, 2008",2008,Trimethylolpropane (CAS Reg. No. 77-99-6).,"The Chemours Company FC, LLC"
802,"May 1, 2008",2008,"Benzoic acid, 2-hydroxy-, monosodium salt (CAS Reg. No. 54-21-7).","Evonik Active Oxygens, LLC"
801,"May 1, 2008",2008,"Peroxyacetic acid (CAS Reg. No. 79-21-0), solution containing 1-hydroxyethylidene-1,1-diphosphonic acid (CAS Reg. No. 2809-21-4).","Evonik Active Oxygens, LLC"
800,"May 1, 2008",2008,"Formamide, N-ethenyl-, homopolymer, hydrolyzed, N-(3-carboxy-1-oxopropyl) N-[2-hydroxy-3-(trimethylammonio)propyl] derivatives, chlorides (CAS Reg. No. 945630-11-5).",Solenis LLC
799,"Apr 25, 2008",2008,"[S,S]-Ethylenediaminedisuccinic acid, trisodium salt (CAS Reg. No. 178949-82-1).",Innospec Limited
798,"Apr 19, 2008",2008,"12H-Phthaloperin-12-one, 8,9,10, 11-tetrachloro- (CAS Reg. No. 20749-68-2).",Modern Chemical Corporation Limited
794,"Apr 10, 2008",2008,"Industrial starch modified by treatment with greater than 5 percent and not more than 21 percent by weight 2,3-epoxypropyltrimethylammonium chloride (CAS Reg. No. 3033-77-0).",Ingredion Incorporated
793,"Apr 1, 2008",2008,"1,5-Pentanedicarboxylic acid, calcium salt (CAS Reg. No. 19455-79-9).",ISOCHEM SA/Borealis Polyolefine GmbH
792,"Mar 26, 2008",2008,"1,3-dibromo-5,5-dimethylhydantoin (DBDMH; CAS Reg. No. 77-48-5).",Albemarle Corporation
790,"Mar 19, 2008",2008,"Sulfonic acids, C 10-18 -alkane, sodium salts (CAS Reg. No. 68037-49-0).","Goulston Technologies, Inc."
788,"Mar 14, 2008",2008,2-n-octyl-4-isothiazolin-3-one (CAS Reg. No. 26530-20-1).,"Thor GmbH, Germany"
787,"Jun 20, 2008",2008,An aqueous solution of sodium chlorite and chlorine dioxide containing no less than 50 parts per million and not more than 200 parts per million of available chlorine dioxide.,"Bio-Cide International, Inc."
785,"Mar 7, 2008",2008,"Nylon MXD-6 (also known as hexanedioic acid, polymer with 1,3-benzenedimethanamine) (CAS Reg. No.25718-70-1) meeting the analytical specifications in 21 CFR 177.1500(b), item 10.2.","Indorama Ventures USA Inc. and its stewarded affiliates around the world Mitsubishi Gas Chemical Company, Inc."
784,"Mar 6, 2008",2008,"Siloxanes and silicones, 3-[3-diethylmethylammonio)-2-hydroxypropoxyl] propyl Me, di-Me, chlorides (CAS Reg. No. 588707-20-4).",Siltech Corporation
780,,,REPLACED BY FCN 907,
778,"Feb 22, 2008",2008,"2-Propenoic acid, 2-methyl, polymer with α-(2-methyl-1-oxo-2-propenyl)-ω-methoxypoly(oxy-1,2-ethanediyl) and 2-propenoic acid, graft, sodium salt (CAS Reg. No. 381686-36-8).","Coatex S.A.S., Coatex Inc., Coatex B.V."
776,"Apr 4, 2008",2008,"Formamide, N-ethenyl-, homopolymer, and formamide, N-ethenyl-, copolymer with ethenamine, hydrochloride or sulfate.",BASF Aktiengesellschaft
775,"Jan 28, 2008",2008,"1,3-dibromo-5,5-dimethylhydantoin (DBDMH; CAS Reg. No. 77-48-5).",Albemarle Corporation
774,"Jan 25, 2008",2008,"A copolymer of 1,2-bis(triethoxysilyl)ethane (CAS Reg. No. 16068-37-4) and 3-aminopropyltriethoxysilane (CAS Reg. No. 919-30-2).",Chemetall GmbH
773,"Jan 22, 2008",2008,Zeolite A (CAS Reg. No. 68989-22-0) in which silver and ammonium ions have been exchanged for sodium ions.,"Sinanen Zeomic Company, Ltd."
772,"Mar 8, 2008",2008,"A mixture of one or more of tripropylene glycol diacrylate (CAS Reg. No. 42978-66-5), trimethylolpropane triacrylate (CAS Reg. No. 15625-89-5), trimethylolpropane ethoxylate triacrylate (CAS Reg. No. 28961-43-5), and bisphenol A diglycidyl ether diacrylate (CAS Reg. No. 4687-94-9, 53814-24-7, 55127-80-5, 55818-57-0 or 37625-93-7), and optionally the difunctional α-hydroxy ketone described in the notification as a photoinitiator. The mixture will be cured by either ultraviolet (UV) or electron beam (EB) irradiation.","Amcor Flexibles North America, Alcoa, Inc., Allnex, Amgraph Packaging, Inc., Ashland Specialty Chemical Company, Bayer Polymers LLC, Bostik-Findley, Bryce Corporation, Coating and Adhesives Corporation, Crown Cork & Seal, Dart Container, Dixie Packaging, Energy Sciences Inc., Fujihunt, Fusion UV Systems, Inc., Gidue SpA, Graphic Packaging Inc., H.B Fuller Company, IGM Resins, INX International Ink Co., Lamberti, s.p.a., Liofol, MeadWestvaco, Nordson Corporation, Petroferm Inc., Pliant Corp., PPG Industries, Inc., Printpack Inc., Rahn USA Corporation, Rock-Tenn Company, Rohm and Haas Company, Sartomer Company, Sealed Air, Siegwerk Group, Sherwin-Williams Company"
771,"Mar 6, 2008",2008,"The FCS is a mixture of 3,6-di-p-tolyl-2,5-dihydro-pyrrolo[3,4-c]pyrrole-1,4-dione (88.6 percent), 3-p-octadecyloxyphenyl-6-p-tolyl-2,5-dihydro-pyrrolo[3,4-c]pyrrole-1,4-dione (11.1 percent), and 3,6-di-p-octadecyloxyphenyl-2,5-dihydro-pyrrolo[3,4-c]pyrrole-1,4-dione (0.3 percent).",Colors and Effects USA LLC
770,"Jan 12, 2008",2008,"1,4-bis(2-ethylhexyl) benzenedicarboxylate (CAS Reg. No. 6422-86-2).",Eastman Chemical Company
769,"Jan 15, 2008",2008,"N,N'-bis(phenylmethyl)hexanediamide (CAS Reg. No. 25344-24-5) used in conjunction with cobalt neodecanoate (CAS Reg. No. 27253-31-2).","Plastipak Packaging, Inc."
768,"Jan 11, 2008",2008,"Octadecyl 3,5-di-tert-butyl-4-hydroxyhydrocinnamate (CAS Reg. No. 2082-79-3).","Songwon International - Americas, Inc."
767,,,REPLACED BY FCN 1237,
766,"Apr 4, 2008",2008,"Polyester-urethane adhesive formulated from: 1) Polyester-urethanediol resins described in 21 CFR 177.1390(c)(2)(iv)(a). In addition, 2,2-bis(hydroxymethyl) butanoic acid (CAS Reg. No. 10097-02-6) may be used as an optional polyhydric alcohol, and 2,2-dimethyl-1,3-propanediol (CAS Reg. No. 126-30-7) may be used as a polyhydric alcohol in structures that are intended to contact alcoholic foods containing up to 8 percent ethyl alcohol. 2) Urethane cross-linking agent consisting of 1,3-butanediol reaction products with 1,6-diisocyanatohexane (CAS Reg. No. 187852-79-5).","Nippon Polyurethane Industry Co., Ltd."
765,"Mar 20, 2008",2008,"Anthra[2'',1'',9'':4,5,6;6'',5'',10'':4',5',6']diisoquino[2,1-a:2',1'-a']diperimidine-12,25-dione (CAS Reg. No. 6859-32-1) and Phenanthro[2'',1'',10'':4,5,6,7'',8'',9'':4',5',6']diisoquino[2,1-a:2',1'-a']diperimidine-8,13-dione (CAS Reg. No. 41635-87-4).",Colors and Effects USA LLC
762,"Dec 25, 2007",2007,Boron nitride (CAS Reg. No. 10043-11-5).,Acheson Industries Inc.
759,"Dec 7, 2007",2007,C 16-18 fatty acid esters of a branched C 20 alcohol as described in the notification.,International Specialty Products
758,"Dec 1, 2007",2007,"1-Dodecene, reaction products with naphthalene (CAS Reg. No. 939823-19-5).",King Industries
757,"Nov 30, 2007",2007,"Hydrogenated polymers prepared from one or more of the following: 1-hexene (CAS Reg. No. 592-41-6), 1-octene (CAS Reg. No. 111-66-0), 1-decene (CAS Reg. No. 872-05-9), 1-dodecene (CAS Reg. No. 112-41-4), and 1-tetradecene (CAS Reg. No. 1120-36-1).",ExxonMobil Product Solutions Company
752,"Nov 13, 2007",2007,"Formaldehyde, polymer with 1-naphthalenol (CAS Reg. No. 25359-91-5).",Nouryon Functional Chemicals LLC
751,"Oct 26, 2007",2007,"2-propenoic acid, homopolymer, sodium salt (with a weight average molecular weight of 2300 to 5700 Daltons and a weight average molecular weight to number average molecular weight ratio of not more than 6.3) (CAS Reg. No. 9003-04-7).",Nouryon Surface Chemistry LLC
750,"Oct 18, 2007",2007,"Octadecanoic acid, 1-(12-acetyloxy)-, 2,3-bis(acetyloxy)propyl ester; 1-(12-acetoxystearoyl)-2,3-diacetylglycerol (CAS Reg. No. 736150-63-3).",Danisco A/S
749,"Oct 16, 2007",2007,"Acetic acid ethenyl ester, polymer with ethene and 1,1'-(1-ethenyl-1,2-ethanediyl) diacetate, hydrolyzed (CAS Reg. No. 917249-65-1).",Mitsubishi Chemical Corporation
748,"Oct 11, 2007",2007,"1H-benz[de]isoquinoline-1,3(2H)-dione, 2-[2,6-bis(1-methylethyl)phenyl]-6-[4-(1,1,3,3-tetramethylbutyl)phenoxy] (CAS Reg. No. 852282-89-4).",BASF Aktiengesellschaft
745,"Sep 29, 2007",2007,"1,4-Benzenedicarboxylic acid, dimethyl ester, polymer with 1,3-propanediol (CAS Reg. No. 36619-23-5) or 1,4-benzenedicarboxylic acid, polymer with 1,3-propanediol (CAS Reg. No. 26590-75-0).",Covation Biomaterials LLC
744,"Oct 12, 2007",2007,"1,4-benzenedicarboxylic acid, 1,4-dibutyl ester (CAS Reg. No. 1962-75-0).",Eastman Chemical Company
743,"Oct 2, 2007",2007,Mixture of saturated linear aliphatic esters produced from C 12 - C 18 alcohols and C 12 - C 18 fatty acids.,Croda Chemicals Europe
742,"Sep 28, 2007",2007,"Copolymers produced by the polymerization of 6-hydroxy-2-naphthoic acid with one or more of the following monomers: 4-hydroxybenzoic acid; 4,4'-biphenol; N-(4-hydroxyphenyl)acetamide; terephthalic acid; resorcinol; and isophthalic acid such that a minimum of 50 percent of the polymer units are derived from 6-hydroxy-2-naphthoic acid alone or in combination with 4-hydroxybenzoic acid, not more than 25 percent of the polymer units are derived individually from 4,4'biphenol, N-(4-hydroxyphenyl)acetamide and terephthalic acid, and not more than 15 percent of the polymer units are derived individually from resorcinol and isophthalic acid.",Ticona
741,"Sep 28, 2007",2007,Ethylene/hexene copolymers containing up to 25 weight percent polymer units derived from hexene (CAS Reg. No. 25213-02-9).,The Dow Chemical Company
740,"Sep 14, 2007",2007,"Acrylate copolymers containing up to 2 percent by weight of 2-propenoic acid, 4-(((4-benzoylphenoxy)carbonyl)oxy)butyl ester (CAS Reg. No. 131513-00-3) along with 2-propenoic acid, n-butyl-2-propenoate, 2-ethylhexyl 2-propenoate, methyl 2-propenoate, and/or 2-methyl-2-propenoic acid methyl ester (CAS Reg. Nos. 25265-15-0; 98060-25-4; 25119-83-9).",BASF Aktiengesellschaft
739,"Oct 26, 2007",2007,An aqueous solution of sodium chlorite and chlorine dioxide containing up to 1200 mg/kg sodium chlorite and up to 30 mg/kg chlorine dioxide.,"Bio-Cide International, Inc."
737,"Sep 5, 2007",2007,"Poly[bis(isoindol-2-yl-1,3-dione)-1,3-phenylene-4,4'-(1-methylethylidene)bisphenol].",SHPP US LLC
736,"Oct 26, 2007",2007,"1-Propene,1,1,2,3,3,3-hexafluoro-, polymer with 1,1-difluoroethene (CAS Reg. No. 9011-17-0) modified with a halogenated ethylene as described in the food contact notification.",Dyneon (a 3M Company)
735,"Aug 24, 2007",2007,"A thermoplastic polyurethane formulated from 1,6-hexanediolpolycarbonate (CAS Reg. No. 101325-00-2), 4,4'-diphenylmethane diisocyanate (CAS Reg. No. 101-68-8) and 2,2'-p-phenylenedioxydiethanol (CAS Reg. No. 104-38-1).",Dichtungs-und Maschinenhandelsges.m.b.H.
734,"Aug 23, 2007",2007,"1-Naphthalenamine, N-phenyl-ar-(1,1,3,3-tetramethylbutyl)- (CAS Reg. No. 68259-36-9) (para isomer)",BASF Corporation
733,"Oct 3, 2007",2007,"Polyester-polyurethane adhesive formulated from the following: Urethane cross-linking agent, comprising not more than 75 percent by weight of the cured adhesive, prepared by the reaction of a mixture of 3-isocyanatomethyl-3,5,5-trimethylcyclohexyl isocyanate, homopolymer (CAS Reg. No. 53880-05-0) and 1,3-bis(isocyanatomethyl)benzene (CAS Reg. No. 25854-16-4), and a polyester prepared by the reaction of a mixture of acids and alcohols listed in 21 CFR 175.300(b)(3)(vii), Polyester resins prepared by the reaction of a mixture of acids and alcohols listed in 21 CFR 175.300(b)(3)(vii). Additionally, 1,6-hexanediol may be used as an alcohol reactant. Optional use, in either the urethane cross-linking agent or polyester resin portions of the resin, of: 1) acid anhydride formulated from 3a,4,5,7a-tetrahydro-7-methyl-5-(tetrahydro-2,5-dioxo-3-furanyl)-1,3-isobenzofurandione (CAS Reg. No. 73003-90-4), comprising not more than 3 percent by weight of the cured adhesive, and/or 2) trimethoxysilane coupling agents containing amino, epoxy, ether, or mercapto groups comprising not more than 3 percent by weight of the cured adhesive.","Dainippon Ink and Chemicals, Inc."
732,"Oct 1, 2007",2007,"Poly(alkyl methacrylates) made from one or more C 12 - C 17 alkyl methacrylates (where the alkyl groups may be branched or linear and may be even- or odd-numbered in chain length), polymerized alone or in combination with one or more of the C 18 - C 22 alkyl methacrylate monomers permitted as reactants for poly(alkyl methacrylate) under 21 CFR 172.886(c)(2).","RohMax U.S.A., LP RohMax Canada Inc. RohMax France S.A.S. RohMax Additives GmbH RohMax Asia Pacific Pte Ltd."
731,"Aug 14, 2007",2007,"Hexanedioic acid, polymer with hexahydro-2H-azepin-2-one and 1,6-hexanediamine [Nylon 6/66] (CAS Reg. No. 24993-04-2)",BASF Aktiengesellschaft
730,"Aug 9, 2007",2007,35 percent ammonium bromide solution (CAS Reg. No. 12124-97-9).,AmeriBrom Inc.
729,,,REPLACED BY FCN 1041,
728,"Sep 12, 2007",2007,"Peroxyacetic acid (CAS Reg. No. 79-21-0), hydrogen peroxide (CAS Reg. No. 7722-84-1), acetic acid (CAS Reg. No. 64-19-7), 1-hydroxyethylidene-1,1-diphosphonic acid (CAS Reg. No. 2809-21-4), and water.","Evonik Active Oxygens, LLC"
727,"Oct 12, 2007",2007,"1,4-Benzenedicarboxylic acid compound with 1,6-hexanediamine (1:1), polymer with hexahydro-2H-azepin-2-one [Nylon 6/6T] (CAS Reg. No. 51025-80-0).",BASF Aktiengesellschaft
726,"Oct 9, 2007",2007,Poly(oxy-p-phenylenesulfonyl-p-phenylene) resin (CAS Reg. No. 25667-42-9).,BASF Aktiengesellschaft
725,"Oct 9, 2007",2007,"Poly(oxy[1,1'-biphenyl]-4,4'-diyloxy-1,4-phenylenesulfonyl-1,4-phenylene)(CAS Reg. No. 25839-81-0).",BASF Aktiengesellschaft
724,"Jul 26, 2007",2007,"An equilibrium mixture of peroxyacetic acid, hydrogen peroxide, acetic acid, and 1-hydroxyethylidene-diphosphonic acid (HEDP)",Degussa Corporation
722,"Aug 28, 2007",2007,Vinylidene chloride/vinyl chloride/methyl acrylate copolymer (CAS Reg. No. 28572-91-0).,BASF Corporation
721,"Aug 30, 2007",2007,"1,3-Benzenedicarboxylic acid, polymer with 1,3-benzenedimethanamine and hexanedioic acid (CAS Reg. No. 28628-75-3)",EMS-CHEMIE AG/EMS-CHEMIE (NORTH AMERICA) INC.
720,"Jul 13, 2007",2007,"Benzene, ethenyl-, polymer with 1,3-butadiene, hydrogenated, 4-methyl-1,3,2- dioxaborinan-2-yl 4-methyl-1,3,2-dioxaborolan-2-yl derivatives (CAS Reg. No. 500224-31-7)",Kuraray Company Ltd.
719,"Jul 6, 2007",2007,Pentaerythritol tetra(3-dodecylthiopropionate) (CAS Reg. No. 29598-76-3),Adeka Corporation
717,"Jun 21, 2007",2007,Formaldehyde polymer with 1-naphthalenol (CAS Reg. No. 25359-91-5),Nouryon Functional Chemicals LLC
716,,,REPLACED BY FCN 818,
715,"Jun 20, 2007",2007,"Amines, tallow alkyl, ethoxylated (CAS Reg. No. 61791-26-2).",Nouryon Surface Chemistry LLC
713,"Jun 12, 2007",2007,"2,6-Naphthalenedicarboxamide, N,N'-dicyclohexyl- (CAS Reg. No. 153250-52-3).","New Japan Chemical Company, Ltd."
712,"Jun 8, 2007",2007,"2-Propionic acid, 2-methyl-, methyl ester, polymer with 1,4-butanediyl di-2-propenoate (CAS Reg. No. 81565-33-5).",BASF Aktiengesellschaft
711,"Jun 8, 2007",2007,"Styrene-1,3-butadiene block copolymer containing 60 - 75 weight-percent of polymer units derived from styrene (CAS Reg. No. 106107-54-4).",Styrolution Europe GmbH
710,"Jun 8, 2007",2007,"Anthra[2,1,9-def:6,5,10-d'e'f']diisoquinoline-1,3,8,10(2H,9H)-tetrone,2,9-bis[2,6-bis(1-methylethyl)phenyl]-5,6,12,13-tetraphenoxy- (CAS Reg. No. 112100-07-9).",Colors and Effects USA LLC
709,"Jun 5, 2007",2007,"2-Propenoic acid, sodium salt, homopolymer (CAS Reg. No. 9003-04-7).",Coatex S.A.S. Coatex Netherlands BV Coatex Incorporated
708,"Jun 5, 2007",2007,Propylene/ethylene copolymers containing up to 28 weight percent polymer units derived from ethylene (CAS Reg. No. 9010-79-1). REPLACES FCNs #381 AND 449,The Dow Chemical Company
707,"Jul 27, 2007",2007,"2-Butenedioic (Z)-, ammonium salt, homopolymer, hydrolyzed, sodium salts (CAS Reg. No. 181828-06-8).",LANXESS Deutschland GmbH
706,"Jul 14, 2007",2007,Potassium lauryl phosphate (CAS Reg. No. 39322-78-6),"Goulston Technologies, Inc.; Takemoto Oil & Fat Co., Ltd."
705,"Jul 14, 2007",2007,"1-Octadecanol, phosphate, potassium salt (CAS Reg. No. 68987-29-1)","Goulston Technologies, Inc.; Takemoto Oil & Fat Co., Ltd."
704,"May 22, 2007",2007,Mixture of 5-chloro-2-methyl-4-isothiazolin-3-one(CAS Reg. No. 26172-55-4) and 2-methyl-4- isothiazolin-3-one (CAS Reg. No. 2682-20-4) at a ratio of 3 parts to 1 part by weight.,"Thor GmbH, Germany"
702,"May 19, 2007",2007,"Carbonic dichloride, polymer with 4,4'-cyclohexylidenebis[2-methylphenol] and 4,4'-(1- methylethylidene)bis[phenol], bis[4-(1-methyl-1-phenylethyl)phenyl] ester (CAS Reg. No. 411234-34-9).",SHPP US LLC
701,"May 10, 2007",2007,1-Ethynyl-1-cyclohexanol (CAS Reg. No. 78-27-3).,Wacker Chemical Corporation
699,"May 8, 2007",2007,"A mixture of peroxyacetic acid, hydrogen peroxide, and 1-hydroxyethylidine-1,1-diphosphonic acid.","Enviro Tech Chemical Services, Incorporated"
698,"Jun 15, 2007",2007,2-n-octyl-4-isothiazolin-3-one(OIT) (CAS Reg. No. 26530-20-1).,"Thor GmbH, Germany"
697,"Apr 27, 2007",2007,Zeolite A in which silver and zinc ions have been exchanged for sodium ions.,"Cosmo Advanced Material Company, Ltd."
695,"Jun 15, 2007",2007,"1H-Azepine-1-carboxamide,N,N',N''-[(2,4,6-trioxo-1,3,5-triazine-1,3,5(2H,4H,6H)- triyl)tris[methylene(3,5,5-trimethyl-3,1-cyclohexanediyl)]]tris[hexahydro-2-oxo- (CAS Reg. No. 68975-83-7).",Bayer MaterialScience AG
694,"Apr 17, 2007",2007,Poly(12-hydroxystearic acid)-polyethyleneimine copolymer (CAS Reg. No. 124578-12-7).,"Lubrizol, Ltd."
692,,,REPLACED BY FCN 1470,
691,"Apr 4, 2007",2007,"A mixture of peroxyacetic acid, hydrogen peroxide, and 1-hydroxyethylidine-1,1-diphosphonic acid, with or without an optional adjuvant system composed of a mixture dimethyl sebacate (up to 20 percent by weight), dimethyl succinate (up to 0.8 percent by weight), dimethyl adipate (68-76 percent by weight) and dimethyl glutarate (4-12 percent by weight).","Ecolab, Incorporated"
689,"Apr 3, 2007",2007,"1,4-benzenedicarhoxylic acid polymer with 1,4-cyclohexanedimethanol and 1,2-ethanediol (CAS Reg. No. 25038-91-9), with 1,4-cyclohexanedimethanol(consisting of 70 percent trans isomer and 30 percent cis isomer) representing 35 to 80 mole percent of the diol units and 1,2-ethanediol representing 65 to 20 mole percent of the diol units.",SK Chemicals
688,"May 30, 2007",2007,N-ethyl-N-hydroxy-ethanamine (CAS Reg. No. 3710-84-7).,Eastman Chemical Company
687,"May 24, 2007",2007,"Decanedioic acid polymer with 2-hydroxypropanoic acid and 1,2-propanediol, block- (CAS Reg. No. 329223-54-3).","Dainippon Ink and Chemicals, Incorporated"
686,"Jun 5, 2007",2007,Di(p-tolylidene)sorbitol (DPTS) (CAS Reg. No. 54686-97-4; 81541-12-0; 197809-37-3).,New Japan Chemical Company Ltd.
685,"Mar 20, 2007",2007,"Benzenesulfonic acid, 2,2'-(1,2-ethenediyl)bis(5-(4-(bis(2-hydroxyethyl)amino)-6-((4- sulfophenyl)amino)-1,3,5-triazin-2-yl)amino)-tetrasodium salt: (CAS Reg. No. 16470-24-9).","Teh Fong Min International Co., Ltd."
684,"Mar 20, 2007",2007,"Poly(butyl)acrylate containing no more than 10 weight percent of total polymer units from one or more of the following monomers: methyl methacrylate, methacrylic acid, ethylene glycol dimethacrylate and N-methylolmethacrylamide.",Synthomer Inc.
681,"Feb 28, 2007",2007,3-Chloro-2-hydroxypropyltrimethylammonium chloride (CAS Reg. No. 3327-22-8).,Grain Processing Corporation
680,"Feb 27, 2007",2007,Styrene-acrylonitrile copolymers (SAN) (CAS Reg. No. 9003-54-7) containing 30-35 percent by weight polymer units derived from acrylonitrile.,SABIC Innovative Plastics
679,"Apr 7, 2007",2007,"Benzene, ethenyl-, polymer with 1,3-butadiene, hydrogenated (CAS Reg. No. 66070-58-4).",Kraton Polymers LLC
678,"Feb 20, 2007",2007,"Sulfonic acids, C10-18-alkane, sodium salts (CAS Reg. No. 68037-49-0).","Goulston Technologies, Incorporated"
677,"Feb 20, 2007",2007,"Nylon MXD-6 (also known as hexanedioic acid, polymer with 1,3-benzenedimethanamine) (CAS Reg. No. 25718-70-1) meeting the analytical specifications in 21 CFR 177.1500(b), item 10.2 and used in conjunction with cobalt stearate (CAS Reg. No. 13586-84-0).","Indorama Ventures USA Inc. and its stewarded affiliates around the world Mitsubishi Gas Chemical Company, Inc."
676,"Feb 8, 2007",2007,Octyltriethoxysilane-modified titanium dioxide where the addition of octyltriethoxysilane does not exceed 1.6 percent by weight of the pigment.,"The Chemours Company FC, LLC"
675,"Feb 8, 2007",2007,Mixture of 5-chloro-2-methyl-4-isothiazolin-3-one (CAS Reg. No. 26172-55-4) and 2-methyl-4-isothiazolin-3-one (CAS Reg. No. 2682-20-4) at a ratio of 3 parts to 1 part by weight.,"Thor GmbH, Germany"
673,"Mar 21, 2007",2007,"D,L-Aspartic acid, N-(1,2-dicarboxyethyl)-, tetrasodium salt (CAS Reg. No. 144538-83-0).",LANXESS Deutschland GmbH
671,"Jan 31, 2007",2007,"Poly(oxy-1,2-ethanediyl), α-hydro-ω-hydroxy- (CAS Reg. No. 25322-68-3).","Meisei Chemical Works, Ltd./Kowa American Corporation"
670,"Jan 30, 2007",2007,"A mixture of peroxyacetic acid, hydrogen peroxide, and 1-hydroxyethylidine-1,1-diphosphonic acid, with or without an optional adjuvant system composed of a mixture dimethyl sebacate (up to 20 percent), dimethyl succinate (up to 0.8 percent), dimethyl adipate (68-76 percent) and dimethyl glutarate (4-12 percent).","Ecolab, Incorporated"
669,"Jan 26, 2007",2007,"1,4-cyclohexanedicarboxylic acid, polymer with 1,5-bis[[1-(hydroxymethyl)propyl]amino]-9,10- anthracenedione, 1,4-cyclohexanedirnethanol, hexanedioic acid and 2-methyl-l,5-pentanediamine, reaction products with phenyl ether (CAS Reg. No. 867303-34-2).",DAY-GLO Color Corporation
668,"Mar 16, 2007",2007,Chlorine dioxide (CAS Reg. No. 10049-04-4),Solenis LLC
666,"Jan 18, 2007",2007,"2-Propenoic acid, polymer with N-ethenylformamide, sodium salt, hydrolyzed, hydrochlorides (CAS Reg. No. 865596-61-8).",BASF Aktiengesellschaft
665,"Jan 10, 2007",2007,"Hexanedioic acid, polymer with 1,3-benzenedimethanamine (CAS Reg No. 25718-70-1), meeting the analytical specifications in 21 CFR 177.1500(b) item 10.2, when tested by the method given in 21 CFR 177.1500(d).",Far Eastern New Century Corporation APG Polytech LLC
664,"Jan 5, 2007",2007,"N,N'-bis(phenylmethyl)hexanediamide (CAS Reg. No. 25344-24-5), used in conjunction with cobalt neodecanoate (CAS Reg. No. 27253-31-2).","Plastipak Packaging, Inc."
663,"Feb 7, 2007",2007,"Sulfonic acids, C 10 -C 18 alkane, phenyl esters (CAS Reg. No. 70775-94-9).",LANXESS Deutschland GmbH
662,"Dec 14, 2006",2006,"Nonitol, 1,2,3-trideoxy-4,6:5,7-bis-O-[(4-propylphenyl)methylene]- (CAS Reg. No. 882073-43-0).",Milliken Chemical
660,"Nov 28, 2006",2006,C 10 -C 12 Ethoxylated Alcohol (CAS Reg. No. 68002-97-1).,Ecolab Incorporated
659,"Nov 22, 2006",2006,"Hexanedioic acid, polymer with hexahydro-2H-azepin-2-one, bis(4-aminocyclohexyl)methane and 1,6-hexanediamine (Nylon 6/66/136) (CAS Reg. No. 25053-13-8).",BASF Aktiengesellschaft
657,"Nov 17, 2006",2006,Sodium Xylene Sulfonate (CAS Reg. No. 1300-72-7).,Ecolab Incorporated
656,"Nov 14, 2006",2006,"Pyrrolo[3,4-c]pyrrole-1,4-dione, 3,6-bis[3-(dodecylsulfonyl)phenyl]-2,5-dihydro- (CAS Reg. No. 884862-07-1).",Colorants Solutions USA LLC
654,"Nov 9, 2006",2006,"2-Propenoic acid, polymer with N-ethenylformamide, sodium salt (CAS Reg. No.865535-22-4).",BASF Aktiengesellschaft
653,"Oct 25, 2006",2006,"Crosslinked 2-propenoic acid, homopolymer, sodium salt (CAS Reg. No. 9003-04-7).",BASF Aktiengesellschaft
652,"Oct 20, 2006",2006,"2,2'-Methylenebis(6-(2H-benzotriazol-2-yl)-4-(1,1,3,3-tetramethylbutyl)phenol) (CAS Reg. No. 103597-45-1).",Adeka Corporation
650,"Oct 5, 2006",2006,"Hydrogenated styrene butadiene (15 percent styrene to 85 percent butadiene, 67 percent styrene to 33 percent butadiene, or both grades in combination) (CAS Reg. No. 66070-58-4) used in conjunction with cobalt stearate (CAS Reg. No. 13586-84-0).","Toyo Seikan Kaisha, Ltd."
649,"Oct 3, 2006",2006,"Polyethylene terephthalate, modified with a derivative of hexamethyldisilazane and tetraethyl orthosilicate.",PTP Plastic Technologies & Products B.V.
647,"Oct 3, 2006",2006,"Formamide, N,N'-1,6-hexanediylbis[N-(2,2,6,6-tetramethyl-4-piperidinyl)- (CAS Reg. No. 124172-53-8).",BASF Aktiengesellschaft
645,"Dec 22, 2006",2006,Chlorine Dioxide,"Selective Micro Technologies, LLC"
644,"Dec 15, 2006",2006,Chlorine Dioxide (CAS Reg. No. 10049-04-4),"Diversey, Inc."
643,"Sep 29, 2006",2006,"Siloxanes and silicones, di-Me (CAS Reg. No. 63148-62-9).","The Chemours Company FC, LLC"
642,"Sep 29, 2006",2006,"Copolymer of monoacryloxyethyl succinate (MAES) (CAS Reg. No. 50940-49-3) and monoacryloxyethyl hexahydrophthalate (MAHP) (CAS Reg. No. 57043-35-3), and lauryl acrylate (LA) (CAS Reg. No. 2156-97-0). The ratio of the MAES: MAHP is in the range of 75:25 percent to 50:50 percent by weight. LA may be used at 0-10 percent by weight of the total monomer units.",Bostik
641,"Nov 4, 2006",2006,"A mixture of peroxyacetic acid, hydrogen peroxide, and 1-hydroxyethylidine-1,1-diphosphonic acid.","Enviro Tech Chemical Services, Incorporated"
639,"Sep 19, 2006",2006,"2,4-bis[(dodecylthio)methyl]-6-methylphenol (CAS Reg. No. 110675-26-8).",BASF Corporation
638,"Oct 21, 2006",2006,"Benzoic acid, 2,2'-[(benzoylimino)bis[2,1-ethanediyl(5-cyano-2-hydroxy-4-methyl-6-oxo-1,3(6H)-pyridinediyl)azo]]bis-, diethyl ester (9CI) (CAS Reg. No. 459856-74-7).",Colors and Effects USA LLC
637,"Sep 8, 2006",2006,"Copolymer of 2,6-xylenol and 2,3,6-trimethylphenol(CAS Reg. No. 58295-79-7).",SHPP US LLC
636,"Sep 6, 2006",2006,"Benzenesulfonic acid,2,2'-(1,2-ethenediyl)bis(5-((4-(bis(2 hydroxyethyl)amino)-6-((4-sulfophenyl)amino)-1,3,5-triazin-2-yl)amino)-, tetrasodium salt (CAS Reg. No. 16470-24-9).",Igcar Productos Quimicos S.L.
635,"Aug 30, 2006",2006,"Polyethylene terephthalate copolyesters (diethylene glycol-isophthalate modified) prepared by the condensation of dimethyl terephthalate or terephthalic acid with ethylene glycol and with one or more of the following: dimethyl isophthalate, isophthalic acid, and diethylene glycol. The finished polymer shall contain a total of not more than 10 mole-percent of diethylene glycol and isophthalate units, with the diethylene glycol content expressed as a mole-percent of the total glycol units and the isophthalate content expressed as a mole-percent of the total isophthalate/terephthalate units.",Alpek S.A.B. de C.V. and its stewarded affiliates around the world
634,"Oct 7, 2006",2006,"Benzoic acid, 2-hydroxy, monosodium salt (CAS Reg. No. 54-21-7).","Evonik Active Oxygens, LLC"
633,"Aug 30, 2006",2006,Aluminum hydroxide magnesium hydroxide carbonate (Hydrotalcite) (CAS Reg. No. 12304-65-3).,Nouryon Pulp and Performance Chemicals AB
632,"Aug 25, 2006",2006,Magnesium(2+) 12-hydroxyoctadecanoate (CAS Reg. No. 91697-37-9).,Katsuta Kako K.K.
631,,,REPLACED BY FCN 2327,
630,"Aug 22, 2006",2006,Methyl formate (CAS Reg. No. 107-31-3).,Pactiv Corporation
629,"Aug 16, 2006",2006,"Silane, dichlorodimethyl-, reaction products with silica (CAS Reg. No. 68611-44-9).",Milliken Chemical
627,"Aug 12, 2006",2006,A copolymer of styrene and butadiene having a styrene monomer unit content of 60 percent - 74 percent.,INEOS Styrolution Group GmbH
626,"Aug 3, 2006",2006,Trilauryl phosphite (CAS Reg No. 3076-63-9).,Dover Chemical Corporation
625,"Sep 24, 2006",2006,"A mixture of peroxyacetic acid, hydrogen peroxide, and 1-hydroxyethylidine-1,1-diphosphonic acid, with or without an optional adjuvant system composed of a mixture dimethyl sebacate (up to 20 percent), dimethyl succinate (up to 0.8 percent), dimethyl adipate (68-76 percent) and dimethyl glutarate (4- 12 percent).","Ecolab, Incorporated"
624,"Sep 16, 2006",2006,"Poly[(bis(isoindol-2-yl-1,3-dione)-1,3-phenylene)-4,4'-(1-methylethylidene)bisphenol].",SHPP US LLC
621,"Jul 7, 2006",2006,"Poly(1,4-phenylenecarbonyl-1,4-phenyleneoxy) (CAS Reg. No. 27380-27-4).",Victrex plc
619,"Sep 12, 2006",2006,"Platinum, [(2,5,6-.eta.)-3-(1-acetyl-2-oxopropyl)bicyclo[2.2.1]hept-5-en-2-yl](2,4-pentanedionato-O,O').",Wacker Chemical Corporation
618,"Aug 26, 2006",2006,"Fatty acids, C14-20, esters with pentaerythritol (CAS Reg. No. 68440-28-8).",BASF Corporation Emery Oleochemicals GmbH Emery Oleochemicals LLC
617,"Jun 28, 2006",2006,"Poly(1,4-benzene dicarboxylic acid dimethyl ester, 1,4-butanediol, ethylene oxide, propylene oxide) (CAS Reg. No. 64811-37-6).",Celanese Corporation
616,"Jun 28, 2006",2006,"Poly(1,4-benzene dicarboxylic acid dimethyl ester, 1,3-benzene dicarboxylic acid dimethyl ester, 1,4-butanediol, ethylene oxide, propylene oxide) (CAS Reg. No. 64811-38-7).",Celanese Corporation
615,"Aug 4, 2006",2006,"N-[3,5-Bis(2,2-dimethyl-propionylamino)phenyl]-2,2-dimethylpropionamide",Milliken Europe BV
614,"Jun 14, 2006",2006,Zeolite Na-P REPLACES FCN 548,Ineos Silicas Group
608,"Jun 6, 2006",2006,"1,2-Cyclohexanedicarboxylic acid, calcium salt (1:1), (1R, 2S)-rel- (CAS Reg. No. 491589-22-1)",Milliken Chemical
607,"May 30, 2006",2006,"Benzenesulfonic acid, 4-[[1-[[(2-methylphenyl)amino)]carbonyl]-2-oxopropyl]azo]-3-nitro-, calcium salt (2:1). (C.I. Pigment Yellow 62).",DCL Corporation
602,"Jul 5, 2006",2006,"3-pyridinecarbonitrile, 4-methyl-2,6-bis[(4-methylphenyl)amino]-5-[[2-(trifluoromethyl)-phenyl]azo]- (CAS Reg. No. 669005-94-1).",Colors and Effects USA LLC
598,"Apr 29, 2006",2006,"A copolymer of propylene (CAS Reg. No. 115-07-1), tetrafluoroethylene (CAS Reg. No. 116-14-3), and 3,3,3-trifluoropropene (CAS Reg. No. 677-21-4) cured with a salt of a quarternary ammonium compound and phenol, 4,4'-(2,2,2-trifluoro-1-(trifluoromethyl)ethylidene)bis-.","The Chemours Company FC, LLC"
597,"Apr 29, 2006",2006,"2,2,4-Trimethyl-1,3-pentanediol diisobutyrate (CAS Reg. No. 6846-50-0).",Eastman Chemical Company
595,"Apr 21, 2006",2006,"Industrial starch modified (CAS Reg. No. 56780-58-6) by treatment with greater than 5 percent, and not more than 21 percent by weight 2,3-epoxypropyl trimethylammonium chloride (CAS Reg. No. 3033-77-0).",Ingredion Inc.
594,"Apr 18, 2006",2006,"Copolymer of styrene (CAS Reg. No. 100-42-5), methyl methacrylate (CAS Reg. No.80-62-6), and glycidyl methacrylate (CAS Reg. No. 106-91-2).",BASF Corporation and NatureWorks LLC
592,"Mar 31, 2006",2006,"Cross-linked reaction product of polyvinyl alcohol (PVOH) (CAS Reg. No. 9002-89-5) and tetraethoxysilane (TEOS) (CAS Reg. No. 78-10-4), coupled with the trimethoxysilane-based coupling agent described in the notification.","Toppan Printing Company, Ltd."
591,"Mar 31, 2006",2006,Tungsten carbide containing up to 9.0 percent nickel with up to 0.9 percent tantalum carbide and/or niobium carbide.,CERATIZIT S.A. and subsidiaries
590,"Mar 31, 2006",2006,Tungsten carbide containing up to 11.5 percent nickel and up to 0.7 percent vanadium carbide.,CERATIZIT S.A. and subsidiaries
589,"Mar 31, 2006",2006,"Tungsten carbide containing up to 9.5 percent nickel with up to 1.9 percent chromium, molybdenum carbide, and/or vanadium carbide",CERATIZIT S.A. and subsidiaries
588,"Mar 31, 2006",2006,"Tungsten carbide containing up to 9.5 percent nickel with up to 1.7 percent chromium, molybdenum carbide, and/or vanadium carbide.",CERATIZIT S.A. and subsidiaries
587,"Mar 31, 2006",2006,Tungsten carbide containing up to 9.0 percent nickel and up to 1.3 percent chromium.,CERATIZIT S.A. and subsidiaries
586,"Mar 31, 2006",2006,Tungsten carbide containing up to 3.5 percent nickel with up to 1.9 percent chromium and/or vanadium carbide,CERATIZIT S.A. and subsidiaries
585,"Mar 31, 2006",2006,"Tungsten carbide containing up to 16.0 percent cobalt with up to 6.5 percent chromium, titanium carbide, tantalum carbide, niobium carbide, and/or vanadium carbide",CERATIZIT S.A. and subsidiaries
584,"Mar 31, 2006",2006,"Tungsten carbide containing up to 16.0 percent cobalt with up to 6.5 percent chromium, titanium carbide, tantalum carbide, niobium carbide, and/or vanadium carbide",CERATIZIT S.A. and subsidiaries
583,"Mar 31, 2006",2006,"Tungsten carbide containing up to 16.0 percent cobalt with up to 6.5 percent chromium, titanium carbide, tantalum carbide, niobium carbide, and/or vanadium carbide",CERATIZIT S.A. and subsidiaries
582,"Mar 31, 2006",2006,"Tungsten carbide containing up to 16.0 percent cobalt with up to 6.5 percent chromium, titanium carbide, tantalum carbide, niobium carbide, and/or vanadium carbide",CERATIZIT S.A. and subsidiaries
581,"Mar 31, 2006",2006,"Tungsten carbide containing up to 16.0 percent cobalt with up to 6.5 percent chromium, titanium carbide, tantalum carbide, niobium carbide, and/or vanadium carbide",CERATIZIT S.A. and subsidiaries
580,"Mar 31, 2006",2006,"Tungsten carbide containing up to 16.0 percent cobalt with up to 6.5 percent chromium, titanium carbide, tantalum carbide, niobium carbide, and/or vanadium carbide",CERATIZIT S.A. and subsidiaries
579,"Mar 31, 2006",2006,"Tungsten carbide containing up to 16.0 percent cobalt with up to 6.5 percent chromium, titanium carbide, tantalum carbide, niobium carbide, and/or vanadium carbide",CERATIZIT S.A. and subsidiaries
578,"Mar 31, 2006",2006,"Tungsten carbide containing up to 16.0 percent cobalt with up to 6.5 percent chromium, titanium carbide, tantalum carbide, niobium carbide, and/or vanadium carbide",CERATIZIT S.A. and subsidiaries
577,"Mar 31, 2006",2006,"Silicon nitride containing up to 14.5 percent aluminum oxide, yttrium oxide, and/or titanium dioxide.",CERATIZIT S.A. and subsidiaries
576,"Mar 31, 2006",2006,"Silicon nitride containing up to 14.5 percent aluminum oxide, yttrium oxide, and/or titanium dioxide.",CERATIZIT S.A. and subsidiaries
575,"Mar 31, 2006",2006,"Silicon nitride containing up to 14.5 percent aluminum oxide, yttrium oxide, and/or titanium dioxide",CERATIZIT S.A. and subsidiaries
574,"Apr 14, 2006",2006,Polyglycolic acid (CAS Reg. No. 26124-68-5).,Kureha Corporation
573,"Mar 30, 2006",2006,"Copolymer of tetrafluoroethylene, perfluoromethylvinylether and 1-iodo-2-bromotetrafluoroethane intended to be cross-linked with triallylisocyanurate. REPLACES FCN 278","Unimatec Company, Ltd."
572,"Mar 28, 2006",2006,"Amines, bis(hydrogenated rape oil alkyl) methyl, N-oxides (CAS Reg. No. 204933-93-7).",Addivant
571,"May 12, 2006",2006,Extruded polystyrene (CAS Reg. No. 9003-53-6) and cross-linked polyvinylpyrrolidone (CAS Reg. No. 9003-39-8).,BASF Aktiengesellschaft
569,"Mar 21, 2006",2006,A mixture of 5-chloro-2-methyl-4-isothiazolin-3-one (CAS Reg. No. 26172-55-4) and 2-methyl-4-isothiazolin-3-one (CAS Reg. No. 2682-20-4) at a ratio of 3 parts to 1 part by weight. The mixture may contain magnesium or sodium nitrate at a 1 to 1 ratio (weight/weight) with the sum of the isothiazolinone ingredients.,Thor GmbH
567,"Apr 28, 2006",2006,Bromine chloride (BrCl) (CAS Reg. No. 13863-41-7).,Albemarle Corporation
566,"Mar 15, 2006",2006,"Poly(N-vinylformamide), 20-100 percent hydrolyzed, chloride or sulfate salts. The FCS is specifically known as one of the following: 1. formamide, N-ethenyl-, polymer with ethanamine, hydrochloride (CAS Reg. No. 111616-55-8) 2. formamide, N-ethenyl-, polymer with ethanamine sulfate (CAS Reg. No. 117985-59-8) 3. formamide, ethenyl-, homopolymer, hydrolyzed, hydrochlorides, (CAS Reg. No. 183815-54-5).",Solenis LLC
564,"Mar 7, 2006",2006,Copolymer of divinylbenzene and ethylvinylbenzene (CAS Reg. No. 9043-77-0).,"DDP Specialty Electronic Materials US 5, LLC"
563,"Apr 28, 2006",2006,"Dimethyl sulfoisophthalate, sodium salt (DMSIP) (CAS Reg. No. 3965-55-7). [The CAS nomenclature is 1,3-Benzenedicarboxylic acid, 5-sulfo-, 1,3-dimethyl ester, sodium salt.]",Wellman Incorporated
561,"Feb 22, 2006",2006,"A mixture containing peroxyacetic acid (CAS Reg. No. 79-21-0), hydrogen peroxide (CAS Reg. No. 7722-84-1), acetic acid (CAS Reg. No. 64-19-7), 1-hydroxyethylidene-1,1-diphosphonic acid (HEDP) (CAS Reg. No. 2809-21-4), and water.","Evonik Active Oxygens, LLC"
560,"Feb 15, 2006",2006,p-chloro-m-cresol (CAS Reg. No. 59-50-7).,LANXESS Corporation
558,"Feb 10, 2006",2006,"1,4-Benzenedicarboxylic acid, dimethyl ester, polymer with 1,4-butanediol, adipic acid, hexamethylene diisocyanate and not more than 1 percent by weight of a polyhydric alcohol, as described in FCN 372.",Stanelco Plc
556,"Apr 19, 2006",2006,"Phosphonic acid, [[3,5-bis(1,1-dimethylethyl)-4-hydroxyphenyl]methyl]-, diethyl ester (CAS Reg. No. 976-56-7).",BASF Corporation
555,"Jan 28, 2006",2006,2-Hydroxyethyl methacrylate (CAS Reg. No. 868-77-9).,PPG Industries (UK)
554,"Apr 13, 2006",2006,"2-Propenoic acid, homopolymer, sodium salt (with a weight average molecular weight of 2300 to 5700 Daltons and a weight average molecular weight to number average molecular weight ratio of not more than 6.3) (CAS Reg. No. 9003-04-7).",BASF Corporation
553,"Mar 18, 2006",2006,"Ethanedioic acid, diethyl ester, polymer with 2,3-dihydro-9,10-dihydroxy-1,4-anthracenedione, 1,4-dihydroxy-9,10-anthracenedione and 1,3-pentanediamine (CAS Reg. No. 725685-53-0).",Day-Glo Color Corporation
551,"Dec 30, 2005",2005,Trimethylolpropane (CAS Reg. No. 77-99-6).,"The Chemours Company FC, LLC"
550,"Mar 7, 2006",2006,"Copper, [C,C,C,C-tetrachloro-29H, 31H-phthalocyaninato(2-)-N29, N30, N31,N32] (CAS Reg. No. 27614-71-7).",Colors and Effects USA LLC
549,"Dec 21, 2005",2005,"Silicon Dioxide (CAS Reg. No. 7631-86-9), with a topcoat of a polymer of hexamethyldisiloxane (CAS Reg. No. 26298-61-3).","Toyo Seikan Kaisha, Ltd."
548,,,REPLACED BY FCN 614,
547,"Jan 26, 2006",2006,"Polyethylene terephthalate copolyesters (diethylene glycol-isophthalate modified) prepared by the condensation of dimethyl terephthalate or terephthalic acid and ethylene glycol with one or more of the following: dimethyl isophthalate, isophthalic acid, and diethylene glycol. The finished polymer shall contain a total of up to 16 mole-percent of total diethylene glycol and isophthalate units, with the diethylene glycol content expressed as a mole-percent of the total glycol units and the isophthalate content expressed as a mole-percent of the total isophthalate/terephthalate units.",Futura Polymers A division of Futura Polyesters Limited
546,"Jan 28, 2006",2006,"1,3-Benzenedicarboxylic acid, 5-sulfo-, monolithium salt (CAS Reg. No. 46728-75-0).",Far Eastern New Century Corporation APG Polytech LLC
545,"Feb 3, 2006",2006,"Styrene (CAS Reg. No. 100-42-5), methyl methacrylate (CAS Reg. No. 80-62-6) and glycidyl methacrylate (CAS Reg. No. 1-6-91-2) copolymers.",BASF Corporation and Nature Works LLC
544,"Feb 16, 2006",2006,"5,7-Bis(1,1-dimethylethyl)-3-hydroxy-2(3H)-benzofuranone, reaction products with o-xylene (CAS Reg. No. 181314-48-7).",BASF Corporation
541,"Nov 24, 2005",2005,"Poly[[6-[(1,1,3,3- tetramethybutyl)amino]-s-triazine-2,4-diyl][2,2,6,6- tetramethyl-4-piperidyl)imino]hexamethylene[(2,2,6,6-tetramethyl-4-piperidyl)imino]] (CAS Reg. No. 70624-18-9)",BASF Corporation
540,"Nov 13, 2005",2005,3-Chloro-2-hydroxypropyltrimethylammonium chloride (CAS Reg. No. 3327-22-8).,Grain Processing Corporation
539,"Nov 22, 2005",2005,"A copolymer of 4-bromo-3,3,4,4-tetrafluoro-1-butene, ethylene, tetrafluoroethylene and trifluoromethyl trifluorovinyl ether optionally cured with triallyl isocyanurate and 2,5-dimethyl-2,5-di(tert-butylperoxy)hexane. (CAS Reg. No. 105656-63-1)","The Chemours Company FC, LLC"
537,"Nov 17, 2005",2005,"2,2'-(1,4-Phenylene)bis[4H-3,1-benzoxazin-4-one] (CAS Reg. No. 18600-59-4). REPLACES FCNs 428 and 493",Cytec Industries Incorporation
535,"Nov 11, 2005",2005,"A type of zeolite in which silver, copper and ammonium ions have been exchanged for sodium ions.","Sinanen Zeomic Company, Ltd."
534,"Nov 5, 2005",2005,Dicetyl peroxydicarbonate (CAS Reg. No. 26322-14-5),Nouryon Functional Chemicals LLC
533,"Nov 3, 2005",2005,"Hydrogenated polymers prepared from one or more of the following monomers: 1-decene (CAS Reg. No. 872-05-9), 1-dodecene (CAS Reg. No. 112-41-4), and 1-octene (CAS Reg.No.111-66-0).",ExxonMobil Product Solutions Company
532,"Oct 28, 2005",2005,"2,2'-methylenebis(6-(2H-benzotriazol-2-yl)-4-(1,1,3,3-tetramethylbutyl)phenol) (CAS Reg. No. 103597-45-1).","Asahi Denka Company, Ltd."
531,"Oct 26, 2005",2005,"Agarose, polymer with (chloromethyl)oxirane, 2-hydroxy-3-(2-hydroxy-3-(trimethylammonio)propoxy)propyl ethers, sulfate salts (CAS Reg. No. 846053-13-2).",GE Healthcare
529,"Oct 19, 2005",2005,"Phosphorous acid, cyclic neopentanetetrayl-bis(2,4-di-tert-butylphenyl)ester (CAS Reg. No. 26741-53-7) containing not more than 1 percent by weight triisopropanolamine (CAS Reg. No. 122-20-3).",SABIC Innovative Plastics
528,"Nov 15, 2005",2005,"Agarose, cross-linked with epichlorohydrin and derivatized with 1,4-butane sultone, supported on tungsten carbide beads.",UpFront Chromatography A/S
527,"Oct 20, 2005",2005,"1,3-Propanediol, 2-ethyl-2-(hydroxymethyl) (CAS Reg. No. 77-99-6).",Huntsman P&A UK Ltd. and its stewarded affiliates around the world
526,"Oct 5, 2005",2005,"1,3-Benzenedicarboxylic acid, polymer with 1,3-benzenedimethanamine and hexanedioic acid (CAS Reg. No. 28628-75-3). REPLACES FCN #472",EMS-Chemie AG/EMS-Chemie (North America) Inc.
524,,,REPLACED BY FCN 2076,
522,"Oct 26, 2005",2005,"Styrene-1,3-butadiene block copolymer containing 60 - 75 weight - percent of polymer units derived from styrene (CAS Reg. No. 106107-54-4).",Styrolution Europe GmbH
519,"Sep 1, 2005",2005,"Phenol,4-(1,1-dimethylethyl)-, polymer with sulfur chloride (CAS Reg. No. 60303-68-6).",Arkema Inc.
517,"Aug 31, 2005",2005,"Polysulfone-polyphenylene sulfone block copolymer CAS name: [1,1'-Biphenyl]-4,4'-diol, polymer with 4,4'-(1-methylethylidene)bis[phenol] and 1,1'-sulfonylbis[4-chlorobenzene] (CAS Reg. No. 27757-21-7).","Syensqo Specialty Polymers USA, LLC"
516,"Oct 13, 2005",2005,"Siloxanes and Silicones, di-Me, 3-hydroxypropyl Me, ethers with polyoxyethylene mono-Me ether and polyoxypropylene mono-Me ether (CAS Reg. No. 472975-82-9).",Dow Silicones Corporation
515,"Aug 23, 2005",2005,"12H-Dibenzo[d,g][1,3,2]dioxaphosphocin, 2,4,8,10-tetrakis(1,1-dimethylethyl)-6-hydroxy-,6-oxide, lithium salt (CAS Reg. No. 85209-93-4).","Asahi Denka, Company, Ltd."
514,"Aug 23, 2005",2005,Lithium 12-hydroxystearate,"Asahi Denka Co., Ltd."
513,"Oct 1, 2005",2005,"A mixture of 35-60 percent hydroxysulfinoacetic acid, disodium salt (CAS Reg. No. 223106-41-0), 10-60 percent hydroxysulfoacetic acid, disodium salt (CAS Reg. No. 29736-24-1), and 0-40 percent sodium sulfite (CAS Reg. No. 7757-83-7).","Brüggemann Chemical US, Inc."
512,"Oct 8, 2005",2005,"Industrial starch modified (CAS Reg. No. 56780-58-6) by treatment with greater than 5 percent, and not more than 21 percent by weight 2,3-epoxypropyl trimethylammonium chloride (CAS Reg. No. 3033-77-0).",Ingredion Inc.
511,"Oct 13, 2005",2005,"Copolymer of 1,1-difluoroethylene, tetrafluoroethylene, trifluoromethyl trifluorovinyl ether and a halogenated alkene, optionally cured with triallyl isocyanurate and 2,5-dimethyl-2,5-di(tert-butylperoxy)hexane.","The Chemours Company FC, LLC"
510,"Oct 13, 2005",2005,"Copolymer of 1,1-difluoroethylene, hexafluoropropene, tetrafluoroethylene, and a halogenated alkene, optionally cured with triallyl isocyanurate and 2,5-dimethyl-2,5-di(tert-butylperoxy)hexane.","The Chemours Company FC, LLC"
509,"Jul 27, 2005",2005,Bis(p-ethylbenzylidene)sorbitol (CAS Reg. No. 79072-96-1).,Ampacet Corporation
508,"Jul 27, 2005",2005,α-sulfo-ω-(dodecyloxy)poly(oxyethylene) sodium salt (CAS Reg. No. 9004-82-4).,"The Dow Chemical Company, Trinseo LLC and Styron Holding B.V."
507,"Jul 21, 2005",2005,"Siloxanes and Silicones, di-Me, 3-hydroxypropyl Me, ethers with polyoxyethylene mono-Me ether and polyoxypropylene mono-Me ether (CAS Reg. No. 472975-82-9).",Dow Silicones Corporation
506,"Jul 15, 2005",2005,"Polyether sulfone-polyphenylene sulfone block copolymer CAS name: [1,1'-Biphenyl]-4,4'-diol, polymer with 1,1'-sulfonylbis[4-chlorobenzene] and 4,4'-sulfonylbis[phenol] (CAS Reg. No. 83094-08-0).","Syensqo Specialty Polymers USA, LLC"
505,"Jul 12, 2005",2005,"Benzamide, 3,3'-[(2-chloro-5-methyl-1,4-phenylene)bis[imino(1-acetyl-2-oxo-2,1-ethanediyl)azo]]bis[4-chloro-N-(3-chloro-2-methylphenyl)-(9Cl) (CAS Reg. No. 5580-57-4).",Colors and Effects USA LLC
504,"Jul 2, 2005",2005,"1,2-benzisothiazolin-3-one (CAS Reg. No. 2634-33-5).","Arch Chemicals, Inc."
502,"Jul 5, 2005",2005,"Hexanedioic acid, polymer with hexahydro-2H-azepin-2-one and 1,6-hexanediamine (CAS Reg. No. 24993-04-2).",BASF AG / BASF Corporation
501,"Sep 3, 2005",2005,"Hydrogenated polymers prepared from one or more of the following: 1-decene (CAS Reg. No. 872-05-9), 1-dodecene, (CAS Reg. No. 112-41-4), and 1-octene (CAS Reg.No.111-66-0).",ExxonMobil Product Solutions Company
500,"Jul 1, 2005",2005,"1,4-Cyclohexanedicarboxylic acid, polymer with 1,4-cyclohexanedimethanol, 2-(3-hydroxypropyl)-6-[(3-hydroxylpropyl)amino]-1H-benz[de]isoquinoline-1,3-(2H)-dione and 1,3-pentanediamine, 2-hydroxy-3-phenoxypropyl ester (CAS Reg. No. 519050-54-5).",Day-Glo Color Corporation
498,"Jun 24, 2005",2005,"Polyethylene terephthalate copolyesters (including isophthalic acid and/or diethylene glycol modified) that otherwise comply with 21 CFR 177.1630 or an applicable effective Food Contact Notification, containing up to 0.85 weight percent sodium dimethyl 5-sulfoisophthalate units.",Indorama Ventures USA Inc. and its stewarded affiliates around the world.
495,"Jun 18, 2005",2005,"Sodium dichloroisocyanurate (CAS Reg. No. 2893-78-9) and sodium bromide mixture containing 85-94 weight-percent sodium dichloroisocyanurate, and 5-9 weight-percent sodium bromide.",Occidental Chemical Corporation
494,"Jul 27, 2005",2005,"2,4-di-tert-pentyl-6-[1-(3,5-di-tert-pentyl-2-hydroxyphenyl) ethyl]phenyl acrylate (CAS Reg. No. 123968-25-2).","Sumitomo Chemical Company, Ltd."
493,,,REPLACED BY FCN 537,
491,"May 31, 2005",2005,Sodium sulfate salt of ethoxylated (7 moles of ethylene oxide) n- and isoundecyl alcohol (C11) (CAS Reg. No. 219756-63-5).,Clariant GmbH
490,"Aug 2, 2005",2005,"2-Propenoic acid, 2-methyl-, 2-ethyl-2-[{(2-methyl-1-oxo-2-propenyl) oxy} methyl]-1, 3-propenediyl ester, polymer with ethyl-2-propenoate and methyl 2-methyl-2-propenoate (CAS Reg. No. 59779-17-8).","Ganz Chemical Company, Ltd."
489,"May 10, 2005",2005,"Tert-Butylperoxy-3,5,5-trimethylhexanoate (CAS Reg. No. 13122-18-4).",Nouryon Functional Chemicals LLC
488,"May 6, 2005",2005,4-(4-phenoxyphenoxy)benzoic acid homopolymer (CAS Reg. No. 88049-74-5).,"Syensqo Specialty Polymers USA, LLC"
486,"Apr 15, 2005",2005,"Ethylene/propylene copolymers (CAS Reg. No. 9010-79-1) polymerized in the presence of propylene homopolymer (CAS Reg. No. 9003-07-0) complying with 21 CFR 177.1520(c) Item 1.1, to produce an inseparable blend of the two polymers.","Braskem PP Americas, Inc., and Braskem Europe"
485,"Apr 21, 2005",2005,Polybetaine polysiloxane copolymer (CAS Reg. No. 102523-96-6).,"Ecolab, Inc."
484,"Apr 6, 2005",2005,Isobutylene-butene copolymer (CAS Reg. No. 9044-17-1).,NOVA Chemicals Inc.
483,"Apr 5, 2005",2005,Dimethyl dicarbonate (DMDC),LANXESS Corporation
482,"Apr 5, 2005",2005,"Hydrogenated aromatic petroleum hydrocarbon resin (CAS Reg. No. 88526-47-0), which may be partially hydrogenated.","Nanjing Yangzi Synthomer Chemical Co., Ltd. Synthomer Middleburg B.V. Synthomer Adhesive Technologies LLC Synthomer Mexico, S.A. de C.V."
481,"May 10, 2005",2005,"Tetrafluoroethylene-ethylene-3,3,4,4,5,5,6,6,6-nonafluoro-1-hexene terpolymer (CAS Reg. No. 68258-85-5).","Asahi Glass Company, Ltd."
480,"Mar 22, 2005",2005,"Alpha alkene (C20-C24) polymers with maleic anhydride reaction products with 2,2,6,6-tetramethyl-4-piperidinamine (CAS Reg. No. 152261-33-1).",BASF AG
479,"Mar 1, 2005",2005,"Copolymer of vinylidene chloride and butyl acrylate (CAS Reg. No. 9011-09-0), containing up to 10 weight percent polymer units derived from butyl acrylate.",The Dow Chemical Company
477,"Feb 15, 2005",2005,"Poly(oxy-1,2-ethanediyl), α-eicosyl-ω-hydroxy- (CAS Reg. No. 26636-39-5).",Dr. W. Kolb AG
476,"Feb 15, 2005",2005,Silver-zinc-magnesium-aluminum-calcium-sodium-borate-phosphate glass.,Ishizuka Glass Co. Ltd.
475,"Feb 11, 2005",2005,Polylactide (PLA) polymers containing from 6 to 16 weight percent D-lactic acid polymer units (High D PLA; CAS Reg. No. 9051-89-2). The polymers will be manufactured and characterized as further described in the notification.,NatureWorks LLC
474,"Feb 9, 2005",2005,Tetradecanoic acid; lithium salt (CAS Reg. No. 20336-96-3).,"ASAHI DENKA Co., Ltd."
473,"Feb 3, 2005",2005,"2,6-naphthalenedicarboxylic acid, polymer with 1,4-benzenedicarboxylic acid, 1,4-butanediol and 4,4'-(1,3,6,8-tetrahydro-1,3,6,8-tetraoxobenzo[lmn][3,8]phenanthroline-2,7-diyl)bis[benzoic acid].",Mitsubishi Chemical Corporation
472,,,REPLACED BY FCN 526,
469,"Feb 25, 2005",2005,"Industrial starch modified by treatment with greater than 5 percent and not more than 21 percent by weight of 2,3-epoxypropyl trimethylammonium chloride (CAS Reg. No. 3033-77-0).",Ingredion Inc.
465,"Dec 17, 2004",2004,"N,N'-1,6-hexanediylbis[2-amino-benzamide] (CAS Reg. No. 103956-07-6)","The Coca-Cola Company Clariant Life Science Molecules (America), Inc. INVISTA S.àr.1."
464,"Dec 17, 2004",2004,C.I. Pigment Yellow 163 (CAS Reg. No. 68186-92-5).,Colors and Effects USA LLC
463,"Feb 12, 2005",2005,"1,3-Benzenedicarbonyl dichloride, polymer with 1,4-benzenedicarbonyl dichloride, 1,3-benzenediol, carbonic dichloride and 4,4'-(1-methylethylidene)bisphenol, 4-(1-methyl-1-phenylethyl)phenyl ester (CAS Reg. No. 235420-85-6).",SHPP US LLC
462,"Dec 9, 2004",2004,Cross-linked reaction product of polyvinyl alcohol (PVOH; CAS Reg. No. 9002-89-5) and tetraethoxysilane (TEOS; CAS Reg. No. 78-10-4).,"Toppan Printing Company, Ltd."
461,"Dec 9, 2004",2004,"The FCS is a cross-linked reaction product of an acrylic resin, a silane coupling agent, and a urethane polymer. This reaction product is formed in situ as a layer applied to an appropriate base film. The acrylic resin consists of a copolymer of styrene (CAS Reg. No. 100-42-5), methyl methacrylate (CAS Reg. No.80-62-6), methacrylic acid(CAS Reg. No. 79-41-4), t-butyl methacrylate (CAS Reg. No.585-07-9), and hydroxyethyl methacrylate (CAS Reg. No.868-77-9). The silane coupling agent consists of gamma-isocyanatopropyl-trimethoxysilane (IPSi) (CAS Reg. No. 15396-00-6). The urethane prepolymer is an NCO-terminated prepolymer consisting of trimethylol propane (CAS Reg. No. 77-99-6) adducts of 3-isocyanatomethyl-3,5,5-trimethylcyclohexyl isocyanate (isophorone diisocyanate, or IPDI) and 1,3-bis(isocyanatomethyl)benzene (m-xylylene diisocyanate, m-XDI).","Toppan Printing Company, Ltd."
460,"Dec 7, 2004",2004,"Benzenemethanaminium, N,N-dimethyl-N-(2-(2-(4-(1,1,3,3,-tetramethylbutyl)phenoxy)ethoxy)-ethyl)-,chloride (CAS Reg. No. 121-54-0) also known as Benzethonium Chloride USP","Arxada, LLC"
459,"Dec 3, 2004",2004,"Styrene-maleic anhydride copolymer, sodium salt (CAS Reg. No. 25736-61-2).",Asahi Kasei Corporation
458,"Nov 30, 2004",2004,Tetracarbonyl di-μ-chlorodirhodium (I) (CAS Reg. No. 14523-22-9) Trade name: Rhodium carbonyl chloride dimer Formula: (Rh(CO) 2 Cl) 2,Wacker Chemical Corporation
456,"Nov 25, 2004",2004,Sodium sulfate salt of ethoxylated (7 moles of ethylene oxide) n- and isoundecyl alcohol (C11) (CAS Reg. No. 219756-63-5).,Clariant GmbH
455,"Nov 16, 2004",2004,"N-phenylbenzenamine reaction products with 2,4,4-trimethylpentene (CAS Reg. No. 68411-46-1).",BASF Corporation
454,"Nov 10, 2004",2004,"[1,1'-biphenyl]-4,4'-diol, polymer with 1,1'-sulfonylbis[4-chlorobenzene] (CAS Reg. No. 25608-64-4).","Syensqo Specialty Polymers USA, LLC"
453,"Nov 10, 2004",2004,"1,3-dibromo-5,5-dimethylhydantoin (DBDMH; CAS Reg. No. 77-48-5)","Albemarle Poultry Sciences, LLC"
452,"Nov 10, 2004",2004,Styrene-methyl methacrylate-butyl acrylate-butadiene copolymer.,INEOS NOVA LLC
451,"Jan 21, 2005",2005,"2-Propenoic acid, 2-methyl-, dodecyl ester, polymer with docosyl 2-propenoate, eicosyl 2-propenoate, octadecyl 2-propenoate and tetradecyl 2-methyl-2-propenoate (CAS Reg. No. 470469-55-7)","Toho Chemical Industry Company, Ltd."
450,"Nov 4, 2004",2004,An aqueous solution of sodium chlorite and chlorine dioxide containing up to 1200 mg/kg sodium chlorite and up to 30 mg/kg chlorine dioxide.,"Bio-cide International, Inc."
449,,,REPLACED BY FCN 708,
448,"Oct 15, 2004",2004,"Polyester-polyurethane resin formulated from: (1) Polyester-polyurethanediol resins prepared by the reaction of a mixture of polybasic acids and polyhydric alcohols listed in 21 CFR 175.300(b)(3)(vii) and 1,6-hexanediol (CAS Reg. No. 629-11-8), dimethylolbutanoic acid (CAS Reg. No. 10097-02-6), 3-isocyanatomethyl-3,5,5-trimethylcyclohexyl isocyanate (CAS Reg No. 4098-71-9), and/or 1,3-bis(isocyanatomethyl)benzene (CAS Reg. No. 25854-16-4). The FCS will be manufactured and characterized as described in the notification. (2) An optional trimethoxysilane coupling agent containing an epoxy group, as described in the notification, not to exceed 3 percent by weight of the cured adhesive. Urethane cross-linking agent comprising not more than 20 percent by weight of the cured adhesive, and formulated from trimethylolpropane (CAS Reg. No. 77-99-6) adduct of 3-isocyanatomethyl-3,5,5-trimethylcyclohexyl isocyanate and/or trimethylolpropane adduct of 1,3-bis(isocyanatomethyl)benzene and/or 3-isocyanatomethyl-3,5,5-trimethylcyclohexyl isocyanate cyanurate (CAS Reg. No. 53880-05-0). The content of the 3-isocyanatomethyl-3,5,5-trimethylcyclohexyl isocyanate cyanurate shall not exceed 14 percent by weight of the cured adhesive.","Perstorp Polyols, Inc. Rock Paint Co., Ltd."
447,,,REPLACED BY FCN 1738,
446,"Oct 5, 2004",2004,"Di-μ-chlorobis((1,2,5,6-η)-1,5-cyclooctadiene)dirhodium (CAS Reg. No. 12092-47-6).",Wacker Chemical Corporation (formerly known as Wacker Silicones Corporation)
445,"Oct 1, 2004",2004,Chlorine Dioxide,"Selective Micro Technologies, LLC"
444,"Aug 4, 2004",2004,Poly(isophthaloyl chloride/m-phenylenediamine) (CAS Reg. No. 25765-47-3),"E.I. du Pont de Nemours and Company, Inc."
443,"Sep 29, 2004",2004,"Agarose, polymer with (chloromethyl)oxirane, 2-hydroxy-3(3-sulfopropoxy)propyl ethers, sodium salts (CAS Reg. No. 676618-71-6).",Amersham Biosciences
442,"Nov 23, 2004",2004,Alcohol ethoxylate in which the alcohol contains from 12 to 22 carbon atoms and the ethoxylate chain contains from 4 to 20 repeating ethoxylate units.,Lubrizol Advanced Materials
439,"Oct 27, 2004",2004,"Industrial starch modified by treatment with greater than 5 percent and not more than 21 percent by weight 2,3-epoxypropyltrimethyl-ammonium chloride (CAS Reg. No. 56780-58-6).",Roquette Frères
438,"Sep 17, 2004",2004,Monoisopropanolamine (MIPA) (CAS Reg. No. 78-96-6),The Dow Chemical Company
437,"Oct 15, 2004",2004,"Ethoxylated primary linear alcohols of greater than 10% ethylene oxide by weight, having molecular weights of 390 - 7,000 (CAS Reg. No. 97953-22-5).",Baker Petrolite - Polymers Division
436,"Nov 20, 2004",2004,"1,4-Dioxa-8-azaspiro[4.5]decane, 7,7,9,9-tetramethyl- (CAS Reg. No. 36793-27-8)",Degussa Corporation
435,"Sep 14, 2004",2004,Poly(ethylene-maleic anhydride) grafted cyclodextrin(s).,"Cellresin Technologies, LLC Equistar Chemicals, LP"
434,"Oct 12, 2004",2004,Silver-magnesium-sodium-phosphate-glass.,"Ishizuka Glass Co., Ltd."
433,"Oct 12, 2004",2004,Silver-magnesium-aluminum-phosphate glass.,"Ishizuka Glass Co., Ltd."
432,"Oct 13, 2004",2004,Silver-magnesium-calcium-phosphate-borate-glass.,"Ishizuka Glass Co., Ltd."
431,,,REPLACED BY FCN 2119,
430,"Sep 2, 2004",2004,"Metallic pigment comprised of borosilicate glass flakes, 70 to 95 percent, coated with pure silver metal, 5 to 30 percent by weight.",Energy Strategy Associates/ The Shepherd Color Company
429,"Oct 30, 2004",2004,"Copolymer of styrene (CAS Reg. No. 100-42-5), methyl methacrylate (CAS Reg. No.80-62-6), and glycidyl methacrylate (CAS Reg. No. 106-91-2).",SABIC Innovative Plastics and BASF Corporation
428,,,REPLACED BY FCN 537,
427,"Sep 1, 2004",2004,"Propenoic acid, homopolymer, sodium salt (CAS Reg. No. 9003-04-7).",Evonik Corporation
426,"Aug 27, 2004",2004,"Quino[2,3-b]acridine-7,14-dione,5,12-dihydro-2,9-dimethyl, also known as diemethylquinacridone and C.I. Pigment Red 122 (CAS Reg. No. 980-26-7).","DCL Corporation (BP), LLC"
425,"Aug 20, 2004",2004,"Hexanedioic acid, polymer with 2-ethyl-2-(hydroxymethyl)-1,3-propanediol, α-hydro-ω-hydroxypoly(oxy-1,4-butanediyl), 3-methyl-1,5-pentanediol and 1-methyl-1,3-propanediylbis[(6-isocyanatohexyl)carbamate] (CAS Reg. No. 622366-97-6).",Japan Crown Cork Co. Ltd.
424,"Oct 7, 2004",2004,Ethylene/octene copolymers containing up to 50 weight percent polymer units derived from 1-octene (CAS Reg. No. 26221-73-8).,The Dow Chemical Company
423,"Aug 11, 2004",2004,"Copolymers produced by the polymerization of 6-hydroxy-2-naphthoic acid with one or more of the following monomers: 4-hydroxybenzoic acid; 4,4'-biphenol; N-(4-hydroxyphenyl)acetamide; terephthalic acid; resorcinol; and isophthalic acid such that a minimum of 55 percent of the polymer units are derived from 6-hydroxy-2-naphthoic acid alone or in combination with 4-hydroxybenzoic acid, not more than 25 percent of the polymer units are derived individually from 4,4'-biphenol, N-(4-hydroxyphenyl)acetamide and terephthalic acid, and not more than 15 percent of the polymer units are derived individually from resorcinol and isophthalic acid. The copolymers should be manufactured and characterized as described in the notification.",Ticona
421,"Aug 4, 2004",2004,Poly(terephthaloyl chloride/p-phenylenediamine) (CAS Reg. No. 26125-61-1).,"E.I. du Pont de Nemours and Company, Inc."
420,"Aug 4, 2004",2004,"2-butyl-2-ethyl-1,3-propanediol (CAS Reg. No. 115-84-4).",Synthomer Specialty Additives AB
419,"Jul 31, 2004",2004,"n-octyl phosphonic acid (NOPA)- modified titanium dioxide, (produced by chemically reacting NOPA (CAS Reg. No. 4724-48-5) with titanium dioxide to achieve a treatment level of 0.85% by weight of NOPA on the pigment).",Huntsman Tioxide/Tioxide Europe S.A.S./Tioxide Europe S.L.
418,"Jul 30, 2004",2004,α-sulfo-ω-(dodecyloxy)poly(oxyethylene) sodium salt (CAS Reg. No. 9004-82-4).,"BASF Aktiengesellschaft Kensing, LLC"
417,"Jul 30, 2004",2004,"1,3-benzenedicarboxylic acid, polymer with 1,4-benzenedicarboxylic acid, 1,6-hexanediamine and 4,4'-methylenebis[2-methylcyclohexanamine] (CAS Reg. No. 112754-95-7).",EMS-Chemie AG/EMS Chemie (North America) Inc.
415,"Sep 11, 2004",2004,A blend of LDPE and LDPE grafted with vinyltrimethoxysilane (LDPE/VTMOS-LDPE) containing up to 50 percent LDPE grafted with vinyltrimethoxysilane (VTMOS-LDPE).,"Tetra Pak, Inc."
413,"Jul 6, 2004",2004,Polyester-polyurethane resin-acid dianhydride adhesives.,"Dainippon Ink and Chemicals, Inc."
411,"Oct 2, 2004",2004,"Copper, (1,3,8,16,24-hexabromo-2,4,9,10,11,15,17,22,23,25-decachloro-29H,31H-phthalocyanato(2-)-N29,N30,N31,N32)-, (SP-4-2)- (CAS Reg. No. 14302-13-7).",Colors and Effects USA LLC
408,"Jun 22, 2004",2004,C 16 - 18 fatty acid esters of a branched C20 alcohol as described in the notification.,BASF Corporation Emery Oleochemicals GmbH Emery Oleochemicals LLC
407,"Jun 19, 2004",2004,"2-Bromo-2-nitro-1,3-propanediol (CAS Reg. No. 52-51-7).","Veolia WTS USA, Inc."
406,"Jul 12, 2004",2004,"Hexanedioic acid, polymer with azacyclotridecan-2-one and α-hydro-ω-hydroxypoly(oxy-1,2-ethanediyl) (CAS Reg. No. 70290-02-7).",Arkema Inc.
405,"May 20, 2004",2004,"Ethylene-2-norbornene copolymer (CAS Reg. No. 26007-43-2). The CAS nomenclature is bicyclo{2.2.1} hept-2-ene, polymer with ethene.","TOPAS Advanced Polymers, GmbH Daicel HPP USA, Inc., and Daicel Corporation"
404,"May 13, 2004",2004,"4,4'-[Isopropylidenebis(p-phenyleneoxy)]diphthalic dianhydride/4,4'-diaminodiphenyl sulfone copolymer (CAS Reg. No. 77699-82-2).",SHPP US LLC
403,"Apr 29, 2004",2004,"2-[2,4-bis(1,1-dimethylethyl)phenoxy]5-butyl-5-ethyl-1,3,2-dioxaphosphorinane,(CAS Reg. No. 180071-71-0), which may contain not more than 1 percent by weight triisopropanolamine (CAS Reg. No. 122-20-3).",Addivant
402,"Jul 2, 2004",2004,"A copolymer of tetrafluoroethylene and perfluoromethylvinyl ether (CAS Reg. No. 26425-79-6) \ modified with 3,3,4,4,5,5,6,6,7,7,8,8-dodecafluoro-1,9-diene and 1,3,5-triallyl cyanurate or 1,3,5-triallyl isocyanurate.","Precision Polymer Engineering, Ltd."
401,"Apr 29, 2004",2004,Silicon Dioxide (CAS Reg. No. 7631-86-9).,"Toyo Seikan Kaisha, Ltd."
399,"Jun 12, 2004",2004,"Nylon MXD-6 (CAS Reg. No. 25718-70-1) (also known as hexanedioic acid, polymer with 1,3-benzenedimethanamine) meeting the analytical specifications in 21 CFR 177.1500(b) item 10.1 and used in conjunction with cobalt neodecanoate (CAS Reg. No. 27253-31-2).","Plastipak Packaging, Inc."
395,"Mar 18, 2004",2004,Copolymer of n-butyl methacrylate and isobutyl methacrylate (CAS Reg. No. 9011-53-4).,"Lucite International UK, Ltd."
393,"Feb 25, 2004",2004,"Phosphonic acid, [[3,5-bis(1,1-dimethylethyl)-4-hydroxyphenyl]methyl]-, diethyl ester (CAS Reg. No. 976-56-7).",BASF Corporation
392,"Apr 2, 2004",2004,Acrylonitrile-butadiene copolymer crosslinked with divinylbenzene (CAS Reg. No. 9003-18-3).,"Eliokem, Inc."
391,"Feb 20, 2004",2004,Chlorine dioxide (CAS Reg. No. 10049-04-4).,"Nalco, An Ecolab Company"
389,"Feb 4, 2004",2004,"A mixture of imidazolium and imidazoline compounds, 1H-imidazolium, 1-ethyl-2-(8Z)-8-heptadecenyl-4,5-dihydro-1-[2-[[(9Z)-1-oxo-9-octadecenyl]amino]ethyl]-, ethyl sulfate (CAS Reg. No. 67846-14-4) and 9-octadecenamide, N-[2-[2-(8Z)-8-heptadecenyl-4,5-dihydro-1H-imidazol-1-yl]ethyl]-, (9Z)- (CAS Reg. No. 63441-26-9).",Evonik Corporation
388,"Jan 30, 2004",2004,"Mixture of potassium stearyl phosphate (CAS Reg. No. 68987--29-1), polyoxyethylene lauryl ether phosphate potassium salt, and polyoxyethylene tridecyl ether phosphate potassium salt.","E.I. du Pont de Nemours and Company, Inc."
387,"Jan 14, 2004",2004,"Siloxanes and silicones, di-Me, polymers with silica-1,1,1-trimethyl-N-(trimethylsilyl)silanamine hydrolysis products and silicic acid trimethylsilyl ester (CAS Reg. No. 159002-21-8).",Momentive Performance Materials Inc.
386,"Jan 13, 2004",2004,"Octadecyl 3,5-di-tert-butyl-4-hydroxyhydrocinnamate (CAS Reg. No. 2082-79-3).",BASF Corporation
385,"Jan 13, 2004",2004,"Tris (2,4-di-tert-butylphenyl)phosphite (CAS Reg. No. 31570-04-4).",BASF Corporation
384,"Jan 9, 2004",2004,35 percent Ammonium Bromide Solution (CAS Reg. No. 12124-97-9).,"AmeriBrom, Inc."
381,,,REPLACED BY FCN 449,
380,"Jan 7, 2004",2004,"1,3-Benzenedicarboxylic acid, polymer with 1,4-benzenedicarboxylic acid and 1,6-hexanediamine (CAS Reg. No. 25750-23-6). The FCS is manufactured according to the monomer composition specified in the notification.",EMS-Chemie AG
379,"Jan 7, 2004",2004,"Aromatic petroleum hydrocarbon resin, hydrogenated (CAS Reg. No. 88526-47-0), produced by the catalytic polymerization of aromatic substituted olefins from low boiling distillates of cracked petroleum stocks with a boiling point no greater that 220°C (428°F), and the subsequent catalytic reduction of the resulting aromatic petroleum hydrocarbon resin.","Arakawa Chemical Industries, Ltd."
377,"Jan 1, 2004",2004,"5,7-Bis(1,1-dimethylethyl)-3-hydroxy-2(3H)-benzofuranone, reaction products with o-xylene (CAS Reg. No. 181314-48-7).",BASF Corporation
376,"Dec 31, 2003",2003,"Polyethylene terephthalate copolyesters (diethylene glycol-isophthalate modified), prepared by the condensation of dimethyl terephthalate or terephthalic acid and ethylene glycol with one or more of the following: dimethyl isophthalate, isophthalic acid, and diethylene glycol. The finished polymer shall contain a total of not more than 10 mole-percent of diethylene glycol and isophthalate units, with the diethylene glycol content expressed as a mole-percent of the total glycol units and the isophthalate content expressed as a mole-percent of the total isophthalate/terephthalate units.",The Dow Chemical Company Equipolymers s.r.1. Dow Olefinverbund GmbH
375,"Mar 6, 2004",2004,"Poly[(tricyclo[5.2.1.0(2,6)]decane-3,5-diyl-ethylene)-co-(bicyclo[3.3.0]octane-2,4-diyl-ethylene)- co-(tricyclo[6.4.0.0(2,6)]dodecane-3,5-diyl-ethylene)].",ZEON Corporation
374,"Dec 25, 2003",2003,Poly(12-hydroxystearic acid) end-capped with stearic acid (CAS Reg. No. 58128-22-6).,"Lubrizol, Ltd."
373,"Dec 24, 2003",2003,Monoisopropanolamine (MIPA) (CAS Reg. No. 78-96-6).,"The Chemours Company FC, LLC"
372,,,REPLACED BY FCN 780,
371,"Dec 23, 2003",2003,"1,2-Benzisothiazolin-3-one (CAS Reg. No. 2634-33-5).","Arch Chemicals, Inc."
370,"Dec 23, 2003",2003,Dibutyl sebacate (CAS Reg. No. 000109-43-3).,"Colors and Effects USA LLC, BASF Corporation"
369,"Dec 18, 2003",2003,"Siloxanes and silicones, di-Me, hydrogen-terminated, reaction products with acrylic acid and 2-ethyl-2-[(2-propenyloxy)methyl]-1,3-propanediol (CAS Reg. No. 155419-56-0). The cured resins may include the photoinitiator 2-hydroxy-2-methyl-1-phenyl-propanone (CAS Reg. No. 7473-98-5).",Evonik Corporation
368,"Dec 17, 2003",2003,Ethylene/1-butene copolymers (CAS Reg. No. 25087-34-7).,The Dow Chemical Company
366,"Dec 11, 2003",2003,"1,2-Bis(3,5-di-tert-butyl-4-hydroxyhydrocinnamoyl)hydrazine (CAS Reg. No. 32687-78-8).",BASF Corporation
365,"Dec 9, 2003",2003,"1,4-Benzenediamine, N-(1-3-dimethylbutyl)-N'-phenyl-, reaction products with ethylene oxide mono[[C 12 -richC 10-13 -branched alkyl thio]methyl] derivatives (CAS Reg. No. 444992-04-5).",BASF Corporation
363,"Jan 7, 2004",2004,"Siloxanes and silicones, di-methyl, 3-(4-hydroxy-3-methoxy-3-methoxyphenyl)propyl group-terminated, polymers with bisphenol A, carbonic dichloride and 4-(1-methyl-1-phenylethyl)phenol (CAS Reg. No. 202483-49-6; also known as siloxane-modified polycarbonate) where the siloxane-modified portion of the FCS is approximately 7 percent by weight of the FCS.",SHPP US LLC
362,"Jan 7, 2004",2004,"Siloxanes and silicones, di-methyl, 3-(4-hydroxy-3-methoxyphenyl)propyl group-terminated, polymers with bisphenol A, carbonic dichloride and 4-(1-methyl-1-phenylethyl)phenol (CAS Reg. No. 202483-49-6; also known as siloxane-modified polycarbonate) where the siloxane-modified portion of the FCS is approximately 22 percent by weight of the FCS.",SHPP US LLC
361,"Dec 4, 2003",2003,Tetraethylenepentamine (CAS Reg. No. 112-57-2).,Huntsman Ethyleneamines Ltd.
360,"Nov 20, 2003",2003,Polyethylene terephthalate copolymers (diethylene glycol-azelaic acid modified) prepared by the condensation of terephthalate acid (or dimethyl terephthalate) and ethylene glycol with azelaic acid and diethylene glycol. The copolymers shall be manufactured and characterized as described in the notification.,DuPont Teijin Films
359,"Jan 7, 2004",2004,"Benzoic acid, 2,4-dihydroxy-, polymer with formaldehyde and 1-naphthalenol, sodium salt (CAS Reg. No. 209119-35-7).","3V, Inc."
358,"Nov 14, 2003",2003,"Polysiloxane di-methyl, vinyl-terminated, reaction product with 1,2,4-trivinylcyclohexane polymer with polydimethylsiloxane, hydrogen terminated.",Wacker Silicones Corporation
357,"Nov 14, 2003",2003,"1,3-dibromo-5,5-dimethylhydantoin (DBDMH; CAS Reg. No. 77-48-5).",Albemarle Corporation
356,"Nov 14, 2003",2003,"5,12-Dihydro-2,9-dimethylquino[2,3-b]acridine-7,14-dione (C.I. Pigment Red 122, CAS Reg. No. 980-26-7) also known as 2,9-Dimethylquinacridone.",Colorants Solutions USA LLC
355,"Dec 27, 2003",2003,"1,3-benzenedicarboxylic acid, 5-sulfo-, 1,3-dimethyl ester, sodium salt, polymer with dimethyl 1,4-benzenedicarboxylate, dimethyl pentanedioate, poly(ethylene glycol), and 1,2-ethanediol.",E.I. duPont de Nemours and Company
352,"Oct 29, 2003",2003,"Di-(para-methylbenzylidene) sorbitol (CAS Reg. No. 81541-12-0, 54686-97-4 and 197809-37-3) alone or containing up to 1 percent triisopropanolamine (CAS Reg. No. 122-20-3).",BASF Corporation
351,"Oct 21, 2003",2003,"A type of zeolite in which silver, zinc and ammonium ions have been exchanged for sodium ions. The silver content of the modified zeolite shall not exceed 5 percent by weight.","Sinanen Zeomic Company, Ltd."
350,"Oct 9, 2003",2003,Hydrogenated styrene butadiene block copolymers (CAS Reg. No. 66070-58-4).,SHPP US LLC
349,"Nov 25, 2003",2003,Polyester-polyurethane resin-acid dianhydride adhesive as described at 21 CFR 177.1390(c)(2)(vii).,"Dainippon Ink and Chemicals, Inc."
348,"Dec 11, 2003",2003,"1,3-benzenedicarboxylic acid, 5-sulfo-, 1,3-dimethyl ester, sodium salt, polymer with dimethyl 1,4-benzenedicarboxylate, dimethyl pentanedioate and 1,2-ethanediol (CAS Reg. No. 65072-10-8).",E.I. duPont de Nemours and Company
346,"Oct 2, 2003",2003,"2,2,5,7,8-Pentamethyl-6-chromanol (CAS Reg. No. 950-99-2) Other name: 2,2,5,7,8-Pentamethyl-6-hydroxy chroman.",API Corporation
345,"Sep 25, 2003",2003,Hydrogenated petroleum hydrocarbon resin (cyclopentadiene-type) (CAS Reg. No. 68132-00-3).,Synthomer Middleburg B.V. Synthomer Jefferson Hills LLC
344,"Sep 19, 2003",2003,"2-Propenoic acid, 2-methyl, monoester with 1,2-propanediol, polymer with methyl 2-propenoate, 2-propenoic acid and sodium 2-propenoate (CAS Reg. No. 117675-55-5).","Technical Absorbents, Inc."
342,"Nov 18, 2003",2003,"Hexanedioic acid, polymer with hexahydro-2H-azepin-2-one and 1,6-hexanediamine [Nylon 6/66] (CAS Reg. No. 24993-04-2).",AdvanSix Resins and Chemicals LLC
341,"Aug 28, 2003",2003,"2,4-bis[(dodecylthio)methyl]-6-methylphenol (CAS Reg. No. 110675-26-8).",BASF Corporation
340,"Nov 7, 2003",2003,"Quino[2,3-b]acridine-7,14-dione,5,12-dihydro-2,9-dimethyl- (also known as Pigment Red 122) (CAS Reg. No. 980-26-7).",Colors and Effects USA LLC
339,"Aug 26, 2003",2003,"1,4-Dioxa-8-azaspiro[4.5]decane, 7,7,9,9-tetramethyl- (CAS Reg. No. 36793-27-8).",Degussa Corporation
337,"Aug 12, 2003",2003,Trilauryl phosphite (CAS Reg. No. 3076-63-9) containing not more than 1 percent by weight triisopropanolamine (CAS Reg. No. 122-20-3).,General Electric
336,"Aug 12, 2003",2003,Styrene-acrylic copolymers as further described in your submission (FCN 336).,BASF Corporation
334,"Aug 6, 2003",2003,"1,3-dibromo-5,5-dimethylhydantoin (DBDMH; CAS Reg. No. 77-48-5).",Albemarle Corporation
333,"Aug 1, 2003",2003,"The reaction product of polyvinyl alcohol (PVOH) and tetraethoxysilane (TEOS), (CAS Reg. No. 9002-89-5 and 78-10-4 respectively).","Toppan Printing Co., Ltd."
332,"Aug 1, 2003",2003,"The FCS is the cross-linked reaction product of (1) an acrylic resin, consisting of a copolymer of styrene (CAS Reg. No. 100-42-5), methyl methacrylate (CAS Reg. No. 80-62-6), methacrylic acid (CAS Reg. No. 79-41-4), t-butyl methacrylate (CAS Reg. No. 585-07-9), and hydroxyethyl methacrylate (CAS Reg. No. 868-77-9); (2) a silane coupling agent, consisting of γ-isocyanatopropyltrimethoxysilane (CAS Reg. No. 15396-00-6); and (3) a urethane prepolymer which is an isocyanate-terminated polymer consisting of trimethylol propane (CAS Reg. No. 77-99-6) adducts of isophorone diisocyanate (CAS Reg. No. 4098-71-9) and m-xylylene diisocyanate (CAS Reg. No. 3634-83-1).","Toppan Printing Co., Ltd."
330,"Jul 24, 2003",2003,"Quino(2,3-b)acridine-7,14-dione,5,12-dihydro- (6CI, 8CI, 9CI), (C.I. Pigment Violet 19) (CAS Reg. No. 1047-16-1).","Colors and Effects USA LLC, BASF Corporation"
329,"Jul 17, 2003",2003,Silicon Dioxide (CAS Reg. No. 7631-86-9).,"Schott HiCotec, Division of Schott Spezialglas GmbH KHS Plasmax GmbH"
328,"Jul 17, 2003",2003,"Phosphorous acid, bis[2,4-bis(1,1-dimethylethyl)-6-methylphenyl]ethyl ester (CAS Reg. No. 145650-60-8). The FCS is also known as bis(2,4-di-tert-butyl-6-methylphenyl)ethyl phosphite.",BASF Corporation
327,"Jul 12, 2003",2003,"Polypropylene glycol monobutyl ether; CAS name: Poly(oxy(methyl-1,2-ethanediyl)), α-butyl-ω-hydroxy- (CAS Reg. No. 9003-13-8).",Momentive Performance Materials Inc.
326,"Jul 4, 2003",2003,N-(2-Hydroxyethyl)octadecanamide (CAS Reg. No. 111-57-9).,Degussa Goldschmidt Chemical Corporation
325,"Aug 2, 2003",2003,"1-Propanesulfonic acid, 2-methyl-2-[(1-oxo-2-propenyl)amino]-, monosodium salt, polymer with N,N'-methylene bis[2-propenamide], peroxydisulfuric acid ([(OH)S(O) 2 ]2O 2 ) diammonium salt-initiated (CAS Reg. No. 388567-01-9).",Sartorius Stedim Chromatography Resins SAS
324,"Jun 13, 2003",2003,"α-methylstyrene dimer (2,4-Diphenyl-4-methyl-1-pentene; Benzene, 1,1'-(1,1-dimethyl-3-methylene-1,3-propanediyl)bis- (CAS Reg. No. 6362-80-7).","JSR Corporation Asahi Kasei Corporation Goi Chemical Company, Ltd."
323,"May 27, 2003",2003,"A mixture containing peroxyacetic acid (CAS Reg. No. 79-21-0), hydrogen peroxide (CAS Reg. No. 7722-84-1), acetic acid (CAS Reg. No. 64-19-7), 1-hydroxyethylidene-1,1-diphosphonic acid (HEDP) (CAS Reg. No. 2809-21-4), and water.","Evonik Active Oxygens, LLC"
321,"Jul 1, 2003",2003,"Styrene block polymer with 2-methyl-1,3-butadiene, hydrogenated (CAS Reg. No. 68648-89-5).","Septon Company of America Kuraray America, Inc. Kuraray Co., Ltd. Kuraray Europe, GmbH"
320,"Jul 5, 2003",2003,"Copolymer of 2-Imidazolidinone, 1,3-diethenyl-,polymer with 1-ethenyl-1H-imidazole and 1-ethenyl-2-pyrrolidinone (CAS Reg. No. 87865-40-5).",BASF Corporation
316,"Jul 8, 2003",2003,"1,2-Bis(3,5-di-tert-butyl-4-hydroxyhydrocinnamoyl)hydrazine. (CAS Reg. No. 32687-78-8).",Addivant
315,"Apr 25, 2003",2003,"1,2-Benzisothiazolin-3-one (CAS Reg. No. 2634-33-5).","Avecia, Inc."
312,"Apr 15, 2003",2003,"2-Ethyl-2-(hydroxymethyl)-1,3-propanediol (Trimethylolpropane, TMP, CAS Reg. No. 77-99-6).","Mitsui Chemical, Inc."
310,"Apr 12, 2003",2003,"5,7-bis(1,1-dimethylethyl)-3-hydroxy-2(3H)-benzofuranone, reaction products with o-xylene (CAS Reg. No. 181314-48-7).",BASF Corporation
308,"Mar 21, 2003",2003,"5,5-Dimethylhydantoin (DMH) (CAS Reg. No. 77-71-4).","Arxada, LLC"
307,"Mar 19, 2003",2003,"Butanedioic acid, compd. with 1,1',1''-nitrilotris[2-propanol] (CAS Reg. No.462110-48-1; also called salt of triisopropanolamine and succinic acid).",Kerr-McGee Chemical LLC
303,"Mar 5, 2003",2003,"Siloxanes and silicones, dimethyl, methylhydrogen reaction products with polyethylene glycol and/or polyethylene-polypropylene glycol monoallyl ether, methyl ether terminated.",Momentive Performance Materials Inc.
302,"Dec 25, 2002",2002,"BALINIT FUTURA, BALINIT FUTURA NANO, and BALINIT X.TREME, chemically identified as titanium aluminum nitride.",Balzers Aktiengesellschaft
301,"Dec 25, 2002",2002,"BALINIT DLC, BALINIT TRITON, chemically identified as diamond-like carbon.",Balzers Aktiengesellschaft
300,"Dec 25, 2002",2002,"BALINIT D, BALINIT CNI, and BALINIT CROVEGA, chemically identified as chromium nitride (CAS Reg. No. 24094-93-7).",Balzers Aktiengesellschaft
299,"Dec 25, 2002",2002,"BALINIT C, chemically identified as tungsten carbide/carbon +Chromium.",Balzers Aktiengesellschaft
298,"Dec 25, 2002",2002,"BALINIT B, chemically identified as titanium carbonitride.",Balzers Aktiengesellschaft
297,"Dec 25, 2002",2002,"BALINIT A, chemically identified as titanium nitride (CAS Reg. No. 25583-20-4).",Balzers Aktiengesellschaft
296,"Feb 15, 2003",2003,Silver nitrate,Dr. Kareem I. Batarseh
295,"Feb 15, 2003",2003,Hydrogen peroxide,Dr. Kareem I. Batarseh
294,"Feb 13, 2003",2003,Zinc zeolite A (zinc sodium aluminosilicate).,"Kanebo Chemical Industries, Ltd."
293,"Feb 13, 2003",2003,"Pyrimido(5,4-g)pteridine-2,4,6,8-tetramine,4-methylbenzenesulfonate, base-hydrolyzed (Pigment Yellow 382E; CAS Reg. No. 346709-25-9), which is a mixture consisting of approximately 65.3 percent Pyrimido(5,4-g)pteridine-2,4,6,9-tetramine (CAS Reg. No. 207283-64-5), approximately 7.5 percent 2,6,8-triamino-pyrimido(5,4-g)pteridine-4(1H)-one (CAS Reg. No. 335356-94-0), approximately 16.7 percent 2,8-diamino-pyrimido(5,4-g)pteridine-4,6(1H, 7H)-dione (CAS Reg. No. 207283-72-5), and approximately 0.3 percent 8-amino-pyrimido(5,4-g)pteridine-2,4,6(1H,3H,7H)-trione (CAS Reg. No. 207283-92-9).",Colors and Effects USA LLC
292,"Feb 6, 2003",2003,"Cross-linked terpolymer of 1-vinylimidazole, 1-vinylpyrrolidone and 1,3-divinylimidazolidinone (CAS Reg. No. 87865-40-5). The FCS is also known as Polyvinylimidazole (PVI).",Gusmer-Cellulo Corporation
290,"Jan 29, 2003",2003,"2-propenoic acid, 2-methyl-,1,2-ethanediyl ester, polymer with oxiranylmethyl 2-methyl-2-propenoate, hydrogen sulfate (CAS Reg. No. 117163-06-1).",TOSOH Corporation
289,,,REPLACED BY FCN 2343,
288,"Jan 22, 2003",2003,Trilauryl phosphite (CAS Reg. No. 3076-63-9).,General Electric
286,"Jan 16, 2003",2003,2-Methyl-4-isothiazolin-3-one (CAS Reg. No. 2682-20-4).,LANXESS Corporation
285,"Jan 9, 2003",2003,"2-Oxepanone, polymer with 1,4-butanediol (CAS Reg. No. 31831-53-5).","The Chemours Company FC, LLC"
284,"Feb 21, 2003",2003,"Industrial starch modified by treatment with greater than 5 percent and not more than 21 percent by weight 2,3-epoxypropyl trimethylammonium chloride (CAS Reg. No. 3033-77-0).",Ingredion Inc.
283,"Mar 1, 2003",2003,"2-propenoic acid, polymers with N,N-di-2-propenyl-2-propen-1-amine and hydrolyzed polyvinyl acetate, sodium salts, graft (CAS Reg. No. 166164-74-5).",Evonik Corporation
282,"Jan 10, 2003",2003,"2-propenoic acid, homopolymers, calcium sodium salt (CAS Reg. No. 35830-10-5).","Polacryl, Inc."
280,"Feb 1, 2003",2003,"Copolyesters of dimethyl terephthalate or terephthalic acid with ethylene glycol, 1,4-cyclohexanedimethanol and diethylene glycol (CAS Reg. No. 148105-13-9 and 156209-91-5).",Eastman Chemical Company
279,"Dec 10, 2002",2002,"Tetradecanoic acid, lithium salt (CAS Reg. No. 20336-96-3).","Asahi Denka Co., Ltd."
278,,,REPLACED BY FCN 573,
277,"Jan 21, 2003",2003,"2-Propenoic acid, 2-cyano-3,3-diphenyl-, 2,2-bis[[(2-cyano-1-oxo-3, 3-diphenyl-2-propenyl)oxy]methyl]-1,3-propanediyl ester (CAS Reg. No. 178671-58-4).",BASF Aktiengesellschaft
276,"Nov 20, 2002",2002,"Hexanedioic acid, polymer with N-(2-aminoethyl)-1,2-ethanediamine, N-acetyl derivative, epichlorohydrin quaternized (CAS Reg. No. 344612-00-6).",Solenis LLC
275,"Jan 3, 2003",2003,Silver-magnesium-sodium-boron-phosphate glass (silver glass).,"Ishizuka Glass Company, Ltd. (manufacturer); Kanebo Chemical Industries, Ltd. (supplier)"
274,"Nov 14, 2002",2002,"2-Naphthalenesulfonic acid, 6-hydroxy-5((4-methoxy-2-sulfophenyl)azo)-, strontium salt (1:1) (CAS Reg. No. 380304-86-9; C.I. Pigment Violet 52).",Colors and Effects USA LLC
273,"Nov 13, 2002",2002,"2-Propen-1-aminium, N,N-dimethyl-N-2-propenyl-, chloride, polymer with 2-propenoic acid and N-2-propen-1-amine hydrochloride, 2,2'-azobis(2-methylpropanimidamide) dihydrochloride- initiated. (CAS Reg. No. 343837-39-8).",Solenis LLC
270,"Dec 18, 2002",2002,"A silver-zinc-sodium aluminosilicate zeolite containing up to 2.9 percent by weight of silver and 19 percent by weight of zinc. The finished zeolite will also contain small amounts of calcium metaphosphate, zinc oxide and silica.","Kanebo Chemical Industries, Ltd."
268,"Oct 18, 2002",2002,"Tris(2,4-di-tert-butylphenyl)phosphite (CAS Reg. No. 31570-04-4).",Addivant
267,"Oct 18, 2002",2002,"A mixture of: 1) imidazolium compounds, 2-(C 17 and C 17 unsaturated alkyl)-1-(2-(C 18 and C 18 unsaturated amido)ethyl)-1-ethyl-4,5-dihydro-, ethyl sulfates (CAS Reg. No. 91053-16-6); and 2) amides, C 18 and C 18 -unsaturated, N-(2-(2-(C17 and C17-unsaturated alkyl)-4,5-dihydro-1H-imidazol-1-yl)ethyl) (CAS Reg. No. 71808-32-7).",Solenis LLC
263,"Nov 26, 2002",2002,"Pyrrolo(3,4-c)pyrrole-1,4-dione,2,5-dihydro-3,6-bis(4-(octadecylthio)phenyl)- (CAS Reg. No. 247089-62-9).",Colors and Effects USA LLC
262,"Oct 11, 2002",2002,"Nylon 6/69 (CAS Reg. No. 51995-62-1), manufactured by the condensation of 49.5+ 0.5 weight percent epsilon-caprolactam, 19.4+0.2 weight percent hexamethylenediamine, and 31.2+0.3 weight percent azelaic acid.",EMS Chemie AG
260,"Oct 3, 2002",2002,Tetrafluoroethylene-hexafluoropropylene-vinylidene fluoride copolymers (CAS Reg. No. 25190-89-0).,Dyneon LLC
259,"Oct 25, 2002",2002,C.I. Pigment Yellow 189 (Nickel titanium tungsten oxide)(CAS Reg. No. 69011-05-8).,Colors and Effects USA LLC
257,"Nov 30, 2002",2002,α-sulfo-ω-(dodecyloxy)poly(oxyethylene) sodium salt (CAS Reg. No. 9004-82-4). The FCS is also known as sodium lauryl ether sulfate.,Stepan Company
256,"Oct 19, 2002",2002,"N,N,N',N'-tetrakis(2-hydroxyethyl)hexanediamide (CAS Reg. No. 6334-25-4).",EMS Chemie AG/EMS Primid
254,"Aug 31, 2002",2002,"Methyl acrylate-divinylbenzene-diethylene glycol divinyl ether terpolymer, aminolyzed with dimethylaminopropylamine and partially quaternized with methyl chloride. (CAS Reg. No. 65997-24-2).","DDP Specialty Electronic Materials US 5, LLC"
253,"Aug 28, 2002",2002,"Iso-butylene/maleic anhydride copolymer, sodium salt (CAS Reg. No. 39612-00-5) cross-linked with 1.9 percent by weight glycerol and 1.25 percent by weight 1,4-butanediol.","Camelot Technologies, Ltd."
251,"Aug 24, 2002",2002,"Hexanedioic acid, polymer with 1,3-benzenedimethanamine (CAS Reg. No. 25718-70-1), meeting the specifications in 21 CFR 177.1500(b) item 10.2, when tested by the method given in 21 CFR 177.1500(c). The FCS is also known as Nylon MXD-6.","FCS: Mitsubishi Gas Chemical Company, Inc., Tokyo, Japan; Polymers modified with the FCS: Gruppo Mossi & Ghisolfi"
250,"Oct 5, 2002",2002,"Poly(N-vinylformamide), 20-100 percent hydrolyzed, chloride or sulfate salts. The FCS is specifically known as one of the following: a) formamide, N-ethenyl-, polymer with ethanamine, hydrochloride (CAS Reg. No. 111616-55-8); b) formamide, N-ethenyl-, polymer with ethanamine, sulfate (CAS Reg. No. 117985-59-8); and c) formamide, ethenyl-, homopolymer, hydrolyzed, hydrochlorides, (CAS Reg. No. 183815-54-5).",BASF AG/BASF Corporation
248,"Aug 16, 2002",2002,"Silver zinc glass, of nominal composition silver (0.47 percent +/- 0.1 percent)-zinc (21 percent +/- 2.0 percent)-aluminum-boron phosphate (=/> 76.4 percent) glass.","Kanebo Chemical Industries, Ltd."
247,"Aug 13, 2002",2002,"A perfluorocarbon cured elastomer (PCE) produced by terpolymerizing tetrafluoroethylene, (CAS Reg. No. 116-14-3), perfluoro-2,5-dimethyl-3,6-dioxanonane vinyl ether (CAS Reg. No. 2599-84-0), and perfluoro-6,6-dihydro-6-iodo-3-oxa-1-hexene (CAS Reg. No. 106108-22-9), and subsequent curing of the terpolymer (CAS Reg. No. 106108-23-0) with triallylisocyanurate (CAS Reg. No. 1025-15-6) and 2,5-dimethyl-2,5-di(t-butylperoxy)hexane (CAS Reg. No. 78-63-7).","Greene, Tweed and Company, Inc."
246,"Aug 13, 2002",2002,"Fluorocarbon cured elastomer produced by copolymerizing tetrafluoroethylene (CAS Reg. No. 116-14-3) and propylene (CAS Reg. No. 115-07-01) and subsequent curing of the copolymer (CAS Reg. No. 27029-05-6) with triallylisocyanurate (CAS Reg. No. 1025-15-6) and 2,2'-bis(tert-butylperoxy)diisopropylbenzene (CAS Reg. No. 25155-25-3).","Greene, Tweed and Company, Inc."
245,"Aug 13, 2002",2002,"A perfluorocarbon cured elastomer (PCE) produced by terpolymerizing tetrafluoroethylene, (CAS Reg. No. 116-14-3), perfluoromethyl vinyl ether (CAS Reg. No. 1187-93-5), and perfluoro-6,6-dihydro-6-iodo-3-oxa-1-hexane (CAS Reg. No. 106108-22-9), and subsequent curing of the terpolymer (CAS Reg. No. 193018-53-0) with triallylisocyanurate (CAS Reg. No. 1025-15-6) and 2,5-dimethyl-2,5-di(t-butylperoxy)hexane (CAS Reg. No. 78-63-7).","Greene, Tweed and Company, Inc."
244,"Sep 26, 2002",2002,"Styrene/butadiene/acrylonitrile copolymers (SBA) (CAS Reg. No., exclusive of minor monomers: 9003-56-9) containing no more than 30 weight percent acrylonitrile and no more than 10 weight percent of total polymer units from one or more of the following monomers: acrylic acid, 2-hydroxyethyl acrylate, itaconic acid, and methacrylic acid.",Synthomer Inc.
239,"Jul 31, 2002",2002,"A mixture consisting of 63-72 percent oxidized bis(hydrogenated tallow alkyl)amines, 12-15 percent bis(hydrogenated tallow alkyl)amines, 4-8 percent (hydrogenated tallow alkyl)nitrones, and 5-12 percent (hydrogenated tallow alkyl)oximes.",BASF Corporation
238,"Jul 31, 2002",2002,Diethylene glycol monobenzoate (CAS Reg. No. 20587-61-5).,Velsicol Chemical Corp.
237,"Jul 26, 2002",2002,"Quino(2,3-b)acridine-7,14-dione,5,12-dihydro-,(1,3-dihydro-1,3-dioxo-2H-isoindol-2-yl)methyl derivatives (CAS Reg. No. 332142-67-3). This FCS is a mixture of phthalimidomethyl derivatives of quinacridone.",Colors and Effects USA LLC
236,"Jul 19, 2002",2002,"Poly(1,4-cyclohexylenedimethylene-1,4-cyclohexanedicarboxylate) (CAS Reg. No. 219566-57-1).",SABIC Innovative Plastics
235,"Sep 12, 2002",2002,Tin antimony oxide (CAS Reg. No. 12673-86-8). The food contact substance is also known as tin antimony gray cassiterite.,Colors and Effects USA LLC
234,"Jul 16, 2002",2002,"Phenol,2,2'-methylenebis(6-(2H-benzotriazol-2-yl)-4-(1,1,3,3-tetramethylbutyl)- (CAS Reg. No. 103597-45-1).",Asahi Denka Kogyo K.K.
233,"Aug 23, 2002",2002,"2-propenoic acid, homopolymer, calcium sodium salt (CAS Reg. No. 35830-10-5).","Polacryl, Inc."
232,"Jul 10, 2002",2002,"Phosphorous acid, bis(2,4-bis(1,1-dimethylethyl)-6-methylphenyl)ethyl ester (CAS Reg. No. 145650-60-8). The FCS is also known as bis(2,4-di-tert-butyl-6-methylphenyl)ethyl phosphite. REPLACES FCN 51.",BASF Corporation
231,"Jun 25, 2002",2002,Styrene-acrylic copolymers.,BASF Corporation
229,"Aug 16, 2002",2002,Trilauryl phosphite (CAS Reg. No. 3076-63-9).,General Electric
228,"Jun 12, 2002",2002,"Silaneamine, 1,1,1-trimethyl-N-(trimethylsylyl)-, hydrolysis products with silica (CAS Reg. No. 68909-20-6) or Silica ((dimethylvinylsilyl)oxy)- and ((trimethylsily)oxy)-modified (CAS Reg. No. 68988-89-6).",Wacker Silicones Corp.
224,"Jun 7, 2002",2002,"2,2,4-Trimethyl-1,3-pentanediol diisobutyrate (TXIB) (CAS Reg. No. 6846-50-0).",Eastman Chemical Co.
222,"Jun 1, 2002",2002,"1,5-Cyclooctadiene (CAS Reg. No. 111-78-4).",Degussa-Huls Corp.
221,"May 24, 2002",2002,"An approximately 1:1 mixture of hydroxymethyl-5,5-dimethylhydantoin (MMDMH)(CAS Reg. No. 27636-82-4) and 1,3-bis(hydroxymethyl)-5,5-dimethylhydantoin (DMDMH), (CAS Reg. No. 6440-58-0), containing up to 8.5 percent by weight residual 5,5-dimethylhydantoin on a dry basis (DMH)(CAS Reg. No. 77-71-4) or up to 5.5 percent in the formulated product.","Arxada, LLC"
220,"Jun 4, 2002",2002,Methyl methacrylate-trimethylolpropane trimethacrylate copolymers (CAS Reg. No. 28931-67-1).,Nippon Shokubai Ltd.
217,"May 3, 2002",2002,"2-Cyano-3,3-diphenyl-2-propenoic acid 2-ethylhexyl ester (CAS Reg. No. 6197-30-4).",BASF Aktiengesellschaft
215,"Apr 30, 2002",2002,Poly(ethylene-methyl acrylate-cyclohexenylmethyl acrylate) (CAS Reg. No. 223503-47-7).,"Cryovac, Inc."
212,"Apr 26, 2002",2002,"2-Cyano-3,3-diphenyl-2-propenoic acid ethyl ester (CAS Reg. No. 5232-99-5).",BASF Aktiengesellschaft
211,"May 25, 2002",2002,Isophthalic acid (CAS Reg. No. 121-91-5).,Eastman Chemical Company
208,"Apr 3, 2002",2002,"Acetic acid ethenyl ester, polymer with ethenol and dimethyl maleate (DMM). This material is equivalent to poly(vinyl acetate-vinyl alcohol) (CAS Reg. No. 25213-24-5), polymerized with DMM (CAS Reg. No. 624-48-6)).",Synthomer (UK) Ltd.
204,"May 28, 2002",2002,"A mixture of the lithium salts of stearic acid (69.5 weight percent), palmitic acid (25.8 weight percent), myristic acid (1.6 weight percent), arachidonic acid (1 weight percent), and other carboxylic acids (2.1 weight percent).",Asahi Denka Kogyo K.K.
203,"May 24, 2002",2002,"Acetic acid ethenyl ester, polymer with α-hydro-ω-hydroxypoly(oxy-1,2-ethanediyl), hydrolyzed.",Synthomer (UK) Ltd.
202,"May 4, 2002",2002,"Aluminum, hydroxybis(2,4,8,10-tetrakis(1,1-dimethylethyl)-6-hydroxy-12H-dibenzol(d,g)(1,3,2)dioxaphosphocin 6-oxidato)-, (CAS Reg. No. 151841-65-5). The FCS will be manufactured and characterized as described in the notification.",Asahi Denka Kogyo K.K.
201,"May 30, 2002",2002,"2H-benzimidazole-2-thione, 1,3-dihydro-, 4(or 5)-methyl-, zinc salt(2:1) containing up to 4 percent by weight petroleum process oil.","Vanderbilt Chemicals, LLC"
200,"Mar 20, 2002",2002,Pyromellitic dianhydride (CAS Reg. No. 89-32-7).,Nippon Shokubai Co. Ltd. Gruppo Mossi & Ghisolfi
199,"Apr 20, 2002",2002,"A mixture of imidazolium and imidazoline compounds, 9-Octadecenoic acid (9Z)-, reaction products wirh diethylenetriamine, cyclized, diethyl sulfate quaternized (CAS Reg. No. 68511-92-2) and Amides, C 18 and C 18 -unsaturated, N-(2-(2-(C17 and C17-unsaturated alkyl)-4,5-dihydro-1H-imidazol-1-yl)ethyl)- (CAS Reg. No. 71808-32-7).",Solenis LLC
198,"Mar 13, 2002",2002,"A copolymer of dimethyl terephthalate (CAS Reg. No. 120-61-6), 1,3-dimethyl-5-sulfo-1,3-benzenedicarboxylate, sodium salt (CAS Reg. No. 3965-55-7), and 1,6-hexanediol (CAS Reg. No. 629-11-8).",Teijin Ltd.
197,"Mar 8, 2002",2002,"Copolymers (polyurethanes) produced from 4,4'-methylenebis(cyclohexylisocyanate), polytetramethylene glycol, and polyethylene glycol (CAS Reg. No. 375387-19-2).",UCB Films PLC
196,"May 14, 2002",2002,1-Dodecene (CAS Reg. No. 112-41-4).,Wacker Chemie/Wacker Silicones
194,"Mar 6, 2002",2002,Di-tert-amyl peroxide (CAS Reg. No. 10508-09-5).,Pergan Marshall LLC
193,"Mar 6, 2002",2002,"Silver zinc zeolite, a mixture of silver-magnesium-zinc-calcium phosphate sodium alumino silicate, zinc oxide (CAS Reg. No. 1314-13-2), and hydrotalcite (CAS Reg. No. 12304-65-3).","Kanebo Chemical Industries, Ltd."
192,"Feb 27, 2002",2002,"12H-dibenzol(d,g)(1,3,2)dioxaphosphocin, 2,4,8,10-tetrakis(1,1-dimethylethyl)-6-((2-ethylhexyl)oxy)- (CAS Reg. No. 126050-54-2).",Asahi Denka Kogyo K.K.
191,"Apr 20, 2002",2002,Hydrolized tetraethyl silicate (CAS Reg. No. 68412-37-3),Wacker Chemie/Wacker Silicones
190,"Feb 16, 2002",2002,"Copolymers of methyl methacrylate, acrylonitrile, butadiene and styrene (CAS Reg. No. 9010-94-0). The polymers will be manufactured and characterized as described in the notification.",SABIC Innovative Plastics
189,"May 24, 2002",2002,"Di-(para-methylbenzylidene)sorbitol (CAS Reg. No. 54686-97-4, 197809-37-3 and 81541-12-0) containing up to 1 percent triisopropanolamine.",BASF Corporation
186,"Jan 30, 2002",2002,"Cis-endo-bicyclo(2.2.1)heptane-2,3-dicarboxylic acid, disodium salt (CAS Reg. No. 351870-33-2).","Milliken Chemical, Division of Milliken & Co."
185,"Jan 29, 2002",2002,Amorphous hydrogenated carbon coating produced from acetylene as the carbon source in a radio-frequency plasma as described in the notification.,Mitsubishi Shoji Plastics Corp.
184,"Jan 26, 2002",2002,"Phenol, 2-(2H-benzotriazol-2-yl)-4,6-bis(1-methyl-1-phenylethyl)- (CAS Reg. No. 70321-86-7).",BASF Corporation
183,"Jan 26, 2002",2002,"Butanedioic acid, dimethyl ester, polymer with 4-hydroxy-2,2,6,6-tetramethyl-1-piperidineethanol (CAS Reg. No. 65447-77-0).",BASF Corporation
182,"Jan 17, 2002",2002,"Polyamidoamine-ethyleneimine-epichlorohydrin resin prepared by reacting hexanedioic acid, 1,2-ethanediamine, N-(2-aminoethyl)-1,3-propanediamine, N,N''-1,2-ethanediylbis-1,3-propanediamine, (chloromethyl)oxirane, ethyleneimine(aziridine), and polyethylene glycol, and partly neutralized with sulfuric acid (CAS Reg. No. 167678-43-5) or formic acid (CAS Reg. No. 114133-44-7).",BASF AG/BASF Corporation
181,"Jan 15, 2002",2002,"Benzenepropanoic acid, 3,5-bis(1,1-dimethylethyl)-4-hydroxy-,octadecyl ester (CAS Reg. No. 2082-79-3). The FCS is also known as octadecyl 3,5-di-tert-butyl-4-hydroxyhydrocinnamate.",BASF Corporation
180,"Mar 6, 2002",2002,"Benzenesulfonic acid, 2,2'-(1,2-ethenediyl)bis(5-((4-(bis(2-hydroxyethyl)amino)-6-((4-sulfophenyl)amino)-1,3,5-triazin -2-yl)amino)-, tetrasodium salt (CAS Reg. No. 16470-24-9).","3V, Inc."
179,"Jan 3, 2002",2002,"Copolymers and polymers made from the reaction of dimethyl terephthalate or terephthalic acid with a mixture containing 99 to 0 mole percent of ethylene glycol and 1 to 100 mole percent of 1,4-cyclohexanedimethanol (70 percent trans isomer, 30 percent cis isomer). The FCS is further identified as follows: Ethylene-1,4-cyclohexylenedimethylene terephthalate copolymers (CAS Reg. No. 25640-14-6), manufactured from dimethylterephthalate (DMT), ethylene glycol (EG), and 1,4-cyclohexanedimethanol (CHDM). Ethylene-1,4-cyclohexylenedimethylene terephthalate copolymers (CAS Reg. No. 25038-91-9), manufactured from terephthalic acid (TPA), EG, and CHDM. 1,4-cyclohexylenedimethylene terephthalate copolymers (CAS Reg. No. 25135-20-0), manufactured with DMT and CHDM. 1,4-cyclohexylenedimethylene terephthalate copolymers (CAS Reg. No. 25037-99-4), manufactured with TPA and CHDM.",Eastman Chemical Company
178,"Jan 3, 2002",2002,Polylactide polymers (CAS Reg. No. 9051-89-2). The polymers will be manufactured and characterized as described in the notification.,NatureWorks LLC
177,"Feb 19, 2002",2002,Aluminum lithium carbonate hydroxide trihydrate (CAS Reg. No. 150607-28-6).,"Mizusawa Industrial Chemicals, Ltd., Tokyo, Japan"
176,"Dec 27, 2001",2001,"Phenol, 2-(1,1-dimethylethyl)-6-methyl-4-(3-((2,4,8,10-tetrakis(1,1-dimethylethyl)dibenzo(d,f)(1,3,2)dioxaphosphepin-6-yl)oxy)propyl)- (CAS Reg. No. 203255-81-6).","Sumitomo Chemical Company, Ltd."
175,"Feb 7, 2002",2002,"2-Pyridinethiol-1-oxide, sodium salt (CAS Reg. No. 3811-73-2).","Arch Chemicals, Inc."
174,"Dec 20, 2001",2001,"Copolymers produced by the polymerization of 6-hydroxy-2-naphthoic acid and 4-hydroxybenzoic acid. The copolymers have the CAS name 2-naphthalenecarboxylic acid, 6-hydroxy-, polymer with 4-hydroxybenzoic acid (CAS Reg. No. 81843-52-9). The copolymers should be manufactured and characterized as described in the notification.",Daicel Corporation
173,"Feb 16, 2002",2002,"Polyacrylic acid homopolymer, or copolymer of acrylic acid and up to 10 percent alkyl (C 10 -C 30 ) methacrylate, crosslinked with either allyl sucrose (CAS Reg. No. 68784-14-5) or allyl pentaerythritol (CAS Reg. No. 91648-24-7); optionally contains up to 7 percent block copolymer surfactant of fatty acid (C 12 -C 18 ) and polyethylene glycol.",Lubrizol Advanced Materials
172,"Dec 11, 2001",2001,"5,7-bis(1,1-dimethylethyl)-3-hydroxy-2(3H)-benzofuranone, reaction products with o-xylene (CAS Reg. No. 181314-48-7).",BASF Corporation
168,"Nov 28, 2001",2001,"An approximately 1:1 ratio mixture of hydroxymethyl-5,5-dimethylhydantoin (MMDMH) (CAS Reg. No. 27636-82-4) and 1,3-bis(hydroxymethyl)-5,5-dimethylhydantoin (DMDMH) (CAS Reg. No. 6440-58-0), containing up to 8.5 percent by weight dimethylhydantoin.","Arxada, LLC"
166,"Nov 13, 2001",2001,"Aromatic petroleum hydrocarbon resin, hydrogenated (CAS Reg. No. 88526-47-0), produced by the catalytic polymerization of aromatic substituted olefins from low boiling distillates of cracked petroleum stocks with a boiling point no greater than 220°C (428°F), and the subsequent catalytic reduction of the resulting aromatic petroleum hydrocarbon resin.","Arakawa Chemical Industries, Ltd."
165,"Oct 16, 2001",2001,Polyphenylene sulfide (CAS Reg. No. 25212-74-2 or 26125-40-6).,Daicel Corporation and Kureha
164,"Oct 16, 2001",2001,"Phenol, 2-(5-chloro-2H-benzotriazol-2-yl)-4,6-bis(1,1-dimethylethyl)- (CAS Reg. No. 3864-99-1).",BASF Corporation
163,"Oct 11, 2001",2001,A mixture of ca. 49 percent by weight of polyethylene glycol (400) monooleate and ca. 34 percent by weight of polyethylene glycol (400) dioleate.,"Arxada, LLC"
162,"Oct 4, 2001",2001,"2-Propenoic acid, methyl ester, telomer with 1-dodecanethiol, C 16 -C 18 alkyl esters (CAS Reg. No. 174254-23-0).",Evonik Corporation
161,"Oct 2, 2001",2001,"Piperylene/2-methyl-2-butene copolymer resins (CAS Reg. No. 26813-14-9) and Piperylene/2-methyl-2-butene/α-methylstyrene terpolymer resins (CAS Reg. No. 62258-49-5), and as further described in the identity and manufacturing sections of the notification.","Total Petrochemicals & Refining USA, Inc."
157,"Sep 13, 2001",2001,"1. Cellulose, regenerated, polymer with epichlorohydrin, 2-(diethylamino) ethyl 2-hydroxypropyl ether, (CAS Reg. No. 343845-30-7) (High Capacity). The FCS is also referred to as diethylaminoethyl (DEAE) ion exchange cellulose resin (High Capacity). 2. Cellulose, regenerated, polymer with epichlorohydrin, 2-(diethylamino) ethyl ether, (CAS Reg. No. 343846-01-5) (Medium Capacity). The FCS is also referred to as diethylaminoethyl (DEAE) ion exchange cellulose resin (Medium Capacity).",Invitrogen Corporation
156,"Sep 4, 2001",2001,"Cellulose, regenerated polymer with epichlorohydrin, carboxymethyl 2-hydroxypropyl ether (CAS Reg. No. 343844-23-5). The FCS is also referred to as carboxymethyl (CM) ion exchange cellulose resin.",Invitrogen Corporation
155,"Aug 31, 2001",2001,Silicon dioxide (CAS Reg. No. 7631-86-9).,"Tetra Pak, Inc."
151,"Aug 29, 2001",2001,Pyromellitic dianhydride (CAS Reg. No. 89-32-7).,Gruppo Mossi & Ghisolfi
150,"Aug 24, 2001",2001,"Quinacridone red (Alternate names: (1) Quino(2,3-b)acridine-7,14-dione, 5, 12-dihydro- and (2) C.I. Pigment violet 19, C.I. 73900) (CAS Reg. No. 1047-16-1).","Colors and Effects USA LLC, BASF Corporation"
148,"Aug 7, 2001",2001,"2-Acrylamido-2-methylpropanesulfonic acid, in its free acid form (CAS Reg. No. 15214-89-8), and its sodium (CAS Reg. No. 5165-97-9), calcium (CAS Reg. No. 95176-15-1), potassium (CAS Reg. No. 52825-28-2), ammonium (CAS Reg. No. 58374-69-9), and lithium (CAS Reg. No. 77817-87-9) salts.",Lubrizol Corporation
147,"Aug 4, 2001",2001,"Ethylene phthalate polymers identified in 21 CFR 177.1630(e)(4)(i) and 177.1630(e)(4)(ii), items 2 and 3, 177.1637 and FCN numbers 4, 13, 14, 135 and 145 modified with polybutadienediol (PBD) (CAS Reg. Name: 1,3-Butadiene, homopolymer, hydroxy-terminated) (CAS Reg. No. 69102-90-5).",ColorMatrix Group Inc.
146,"Aug 2, 2001",2001,Poly-1-butene polymers (CAS Reg. No. 009003-28-5) and butene/ethylene copolymers (CAS Reg. No. 25087-34-7) as identified in 21 CFR 177.1570(a).,Basell Polyolefins N.V.
145,"Jul 31, 2001",2001,"Ethylene phthalate polymers identified in 21 CFR 177.1630(e)(4)(i) and 177.1630(e)(4)(ii), items 2 and 3, 177.1637 and FCN numbers 4, 13, 14, and 135 modified with 1,2,4,5-benzenetetracarboxylic dianhydride (pyromellitic dianhydride (PMDA)) (CAS Reg. No. 89-32-7).",ColorMatrix Group Inc.
144,"Jul 25, 2001",2001,"5-sulfo-1,3-benzenedicarboxylic acid, monosodium salt (CAS Reg. No. 6362-79-4).",Eastman Chemical Company
143,"Jul 20, 2001",2001,"Octadecanoic acid, methyl ester, reaction products with 1-(2-hydroxy-2-methylpropoxy)-2,2,6,6-tetramethyl-4-piperidinol (CAS Reg. No. 300711-92-6).",BASF Corporation
142,"Jul 19, 2001",2001,"Silicones and siloxanes, dimethyl, methylhydrogen, reaction products with polyethylene glycol monoallyl ether acetate (CAS Reg. No. 70914-12-4).",Dow Silicones Corporation
141,"Jul 10, 2001",2001,"Cross-linked terpolymer of 1-vinylimidazole,1-vinylpyrrolidone and 1,3-divinylimidazolidinone (CAS Reg. No. 87865-40-5). The FCS is also known as Polyvinylimidazol.",Gordon Burns and Robert Ellsworth
140,,,REPLACED BY FCN 2046,
137,"Jun 6, 2001",2001,Anthranilamide. The Chemical Abstracts Service (CAS) name is 2-aminobenzamide (CAS Reg. No. 88-68-6).,"Coca-Cola Co., ColorMatrix Corp. and KoSa"
135,"May 30, 2001",2001,"Dimethyl 2,6-naphthalenedicarboxylate (NDC, CAS Reg. No. 840-65-3) or 2,6-naphthalenedicarboxylic acid (NDA, CAS Reg. No. 1141-38-4).",Indorama Ventures Xylenes & PTA LLC
134,"May 30, 2001",2001,Sodium zeolite A (CAS Reg. No. 68989-22-0).,PQ Corporation
133,"May 30, 2001",2001,"Bis-1,2-((N,N-diacetyl)amino)ethane (CAS Reg. No. 10543-57-4).","Warwick International, Ltd."
132,"May 19, 2001",2001,"Quino(2,3-b)acridine-7, 14-dione,4,11-dichloro-5,12-dihydro- (CAS Reg. No. 3089-16-5).",Colors and Effects USA LLC
131,"Apr 17, 2001",2001,2-Methyl-4-isothiazolin-3-one (CAS Reg. No. 2682-20-4).,LANXESS Corporation
130,"May 3, 2001",2001,Styrene-acrylic copolymers.,BASF Corporation
129,"Jul 21, 2001",2001,"Ethene, tetrafluoro-, polymer with 1,1-difluoroethene and trifluoro(trifluoromethoxy)ethene (CAS Reg. No. 56357-87-0) modified with 1,3,5-triallyl isocyanurate (TAIC) and 3,3,4,4,5,5,6,6,7,7,8,8-dodecafluoro-1,9-diene, manufactured and characterized as further described in the notification.",Syensqo Specialty Polymers Italy S.p.A.
128,"Jul 21, 2001",2001,"A copolymer of tetrafluoroethylene (TFE) and perfluoromethylvinyl ether (PFMVE) (CAS Reg. No. 26425-79-6) modified with 1,3,5-triallyl isocyanurate (TAIC) and 3,3,4,4,5,5,6,6,7,7,8,8-dodecafluoro-1,9-diene, manufactured and characterized as further described in the notification.",Syensqo Specialty Polymers Italy S.p.A.
127,"Jul 21, 2001",2001,"1-Propene,1,1,2,3,3,3-hexafluoro-, polymer with 1,1-difluoroethene and tetrafluoroethene (CAS Reg. No. 25190-89-0) modified with triallyl isocyanurate and 3,3,4,4,5,5,6,6,7,7,8,8-dodecafluoro-1,9-diene, manufactured and characterized as further described in the notification.",Syensqo Specialty Polymers Italy S.p.A.
126,"Jul 21, 2001",2001,"1,9-Decadiene,3,3,4,4,5,5,6,6,7,7,8,8-dodecafluoro-, polymer with tetrafluoroethene and trifluoro(trifluoromethoxy)ethene (CAS Reg. No. 190062-24-9), manufactured and characterized as further described in the notification.",Syensqo Specialty Polymers Italy S.p.A.
125,"Apr 27, 2001",2001,Polyphenylene ether (CAS Reg. No. 25134-01-4).,SHPP US LLC
124,"Jul 4, 2001",2001,"Styrene block copolymers with 1,3-butadiene, containing not less than 71 weight percent of polymer units derived from styrene, to which may be optionally added octadecyl 3,5-di-tert-butyl-4-hydroxyhydrocinnamate (CAS Reg. No. 2082-79-3) at levels not to exceed 0.25 percent by weight of the styrene block polymer.",Arkema Inc.
123,"Apr 11, 2001",2001,"Polyester-epoxy-urethane adhesives formulated from: 1. Polyester resins described in 21 CFR 177.1390(c)(2)(v)(a). 1,6-Hexanediol may also be used as an optional polyhydric alcohol. 2. Optional epoxy resin listed in 21 CFR 175.300(b)(3)(viii)(a) and comprising up to 30 percent by weight of the cured adhesive. 3. Urethane cross-linking agent, as described in 21 CFR 177.1390(c)(2)(v)(c). 4. Optional trimethoxysilane coupling agents containing epoxy and/or ether groups not to exceed 3 percent by weight of the cured adhesive.","Toyo-Morton, Limited"
119,"Mar 21, 2001",2001,Xanthan Gum (CAS Reg. No. 11138-66-2).,Avecia Inc.
118,"Mar 9, 2001",2001,"2,9-bis(4-(phenylazo)phenyl)anthra (2,1,9-def:6,5,10-d'e'f')diisoquinoline-1,3,8,10(2H, 9H)-tetrone (C.I. Pigment Red 178; CAS Reg. No. 3049-71-6).",Colors and Effects USA LLC
117,"May 17, 2001",2001,Styrene-butyl acrylate copolymers.,Rohm and Haas Company
116,"Mar 15, 2001",2001,"Benzene propanoic acid, 3,5-bis(1,1-dimethylethyl)-4-hydroxy, C13-C15 branched and linear alkyl esters (CAS Reg. No. 171090-93-0).",Addivant
115,"May 9, 2001",2001,"2,9-bis(3,5-dimethylphenyl)anthra(2,1,9-def:6,5,10-d'e'f')diisoquinoline-1,3,8,10(2 H, 9H)-tetrone (C.I. Pigment Red 149; CAS Reg. No. 4948-15-6).",Colors and Effects USA LLC
113,"Feb 20, 2001",2001,"2,4-dimethyl-6-(1-methylpentadecyl)phenol (CAS Reg. No. 134701-20-5).",BASF Corporation
112,"Feb 20, 2001",2001,"Tris (2,4-di-tert-butylphenyl)phosphite (CAS Reg. No. 31570-04-4).",BASF Corporation
111,"Feb 20, 2001",2001,2-Methyl-4-isothiazolin-3-one (CAS Reg. No. 2682-20-4) as a 20 percent solution.,Thor GmbH
110,"Feb 17, 2001",2001,"Nitrile rubber-modified acrylonitrile-methyl acrylate copolymers (CAS Name: Polybutadiene-graft-poly(methyl acrylate-co-acrylonitrile), CAS Reg. No. 27012-62-0).",INEOS USA LLC
109,"Jan 24, 2001",2001,"((1,2,5,6-η)-1,5-cyclooctadiene)bis((4-(trimethylsilyl)phenyl)ethynyl)platinum (CAS Reg. No. 234112-62-0).",Wacker Silicones Corporation
107,"Nov 22, 2000",2000,Polyethylene glycol (CAS Reg. No. 25322-68-3).,"Global Polyacetal Co., Ltd. and its affiliates"
106,"Dec 27, 2000",2000,"Styrene/ butadiene/ acrylonitrile copolymers (SBAN) (CAS Reg. No., exclusive of minor monomers, is 9003-56-9), copolymerized with not more than 10 percent of one or more of the monomers of acrylic acid, fumaric acid, 2-hydroxyethyl acrylate, itaconic acid and methacrylic acid, manufactured according to the method described in this notification.","The Dow Chemical Company, Trinseo LLC and Styron Holding B.V."
105,"Feb 3, 2001",2001,Sodium acrylate/styrene sulfonate copolymer.,Nalco Chemical Company
104,"Feb 27, 2001",2001,"Hydroxymethyl-5,5-dimethylhydantoin (DMDMH) (CAS Reg. No. 27636-82-4), mixture with 1,3-bis(hydroxymethyl)-5,5-dimethylhydantoin (MMDMH) (CAS Reg. No. 6440-58-0).","Arxada, LLC"
103,"Feb 21, 2001",2001,"Copolymers produced by the polymerization of 6-hydroxy-2-naphthoic acid with one or more of the following monomers: 4-hydroxybenzoic acid; 4,4'-biphenol; N-(4-hydroxyphenyl)acetamide; terephthalic acid; resorcinol; and isophthalic acid such that a minimum of 55 percent of the polymer units are derived from 6-hydroxy-2-naphthoic acid alone or in combination with 4-hydroxybenzoic acid, not more than 25 percent of the polymer units are derived individually from 4,4'-biphenol, N-(4-hydroxyphenyl)acetamide and terephthalic acid, and not more than 15 percent of the polymer units are derived individually from resorcinol and isophthalic acid. The copolymers should be manufactured and characterized as described in the notification.",Ticona
102,"Feb 27, 2001",2001,"Phenol, 2-(1,1-dimethylethyl)-6-methyl-4-(3-((2,4,8,10-tetrakis(1,1-dimethylethyl)dibenzo(d,f)(1,3,2)dioxaphosphepin-6-yl)oxy)propyl)- (CAS Reg. No. 203255-81-6).","Sumitomo Chemical Company, Ltd."
101,"Dec 19, 2000",2000,"Perfluorocarbon cured elastomers produced by polymerizing perfluoro(methyl vinyl ether) (CAS Reg. No. 1187-93-5) with tetrafluoroethylene (CAS Reg. No. 116-14-3) and perfluoro(8-cyano-5-methyl-3,6-dioxa-1-octene) (CAS Reg. No. 69804-19-9), followed by curing with trimethylallyl isocyanurate (CAS Reg. No. 6291-95-8) and/or triallyl isocyanurate (CAS Reg. No. 1025-15-6), and with 2,5-dimethyl-2,5-di(t-butylperoxy)hexane (CAS Reg. No. 78-63-7) and as further described in this notification.","Dupont Specialty Products USA, LLC"
100,"Dec 15, 2000",2000,"Polyvinyl alcohol (CAS Reg. No. 9002-89-5), manufactured as described in the FCN.","Agway, Inc."
99,"Dec 9, 2000",2000,"Hydroxymethyl-5,5-dimethylhydantoin (MMDMH)(CAS Reg. No. 27636-82-4), mixture with 1,3-bis(hydroxymethyl)-5,5-dimethylhydantoin (DMDMH) (CAS Reg. No. 6440-58-0).","Arxada, LLC"
98,"Dec 8, 2000",2000,"2-Propenoic acid, 2-methyl, monoester with 1,2-propanediol, polymer with methyl 2-propenoate, 2-propenoic acid and sodium 2-propenoate (CAS Reg. No. 117675-55-5), manufactured and characterized as described in the notification.","Technical Absorbents, Inc."
97,"Nov 23, 2000",2000,Polyethylene glycol (400) monooleate (CAS Reg. No. 9004-96-0).,"Veolia WTS USA, Inc."
96,"Nov 22, 2000",2000,"Polyoxymethylene copolymer (CAS Reg. No. 24969-26-4) produced from the reaction of trioxane (cyclic trimer of formaldehyde) and 1,3-dioxolane.","Global Polyacetal Co., Ltd. and its affiliates"
93,"Nov 7, 2000",2000,Vinyl neodecanoate (CAS Reg. No. 51000-52-3).,Hexion Inc.
92,"Oct 25, 2000",2000,Trimethylolpropane (CAS Reg. No. 77-99-6).,LANXESS Corporation and Polioli s.p.a.
91,"Aug 17, 2000",2000,Epoxy resin coatings otherwise complying with 21 CFR 175.300(b)(3)(viii) that also contain 1-(2-aminoethyl) piperazine as a crosslinking component (CAS Reg. No. 140-31-8).,"Belzona, Inc."
90,"Aug 17, 2000",2000,"Epoxy resin coatings otherwise complying with 21 CFR 175.300(b)(3)(viii) that also contain 9,10-anthracenedione, 1-hydroxy-4-((4-methylphenyl)amino)- (C.I. Solvent Violet 13) as a pigment (CAS Reg. No. 81-48-1).","Belzona, Inc."
89,"Oct 12, 2000",2000,"Polyethylene glycol mono-isotridecyl ether sulfate, sodium salt (CAS Reg. No. 150413-26-6).",CONDEA Servo
88,"Oct 17, 2000",2000,Terephthaloyl dichloride (CAS Reg. No. 100-20-9).,Huntsman Polyurethanes
87,"Oct 7, 2000",2000,"1,4-cyclohexanedimethanol",Eastman Chemical Company
85,"Oct 5, 2000",2000,"Polyethylene terephthalate copolyesters (diethylene glycol-isophthalate modified) prepared by the condensation of dimethyl terephthalate or terephthalic acid and ethylene glycol with one or more of the following: dimethyl isophthalate, isophthalic acid, and diethylene glycol. The finished polymer shall contain a total of not more than 10 mole-percent of diethylene glycol and isophthalate units, with the diethylene glycol content expressed as a mole-percent of the total glycol units and the isophthalate content expressed as a mole-percent of the total isophthalate/terephthalate units.","Far Eastern New Century Corporation APG Polytech LLC Eastman Chemical Company E.I. Du Pont de Nemours & Co. DuPont Polyester Enterprise and DuPont Teijin Films Wellman, Inc. Indorama Ventures USA Inc. and its stewarded affiliates around the world. Corpus Christi Polymers, LLC"
84,"Oct 3, 2000",2000,"Color Index (C.I.) Pigment Yellow 212 Chemical Name: Benzoic acid, 2-((4,5-dihydro -3-methyl -5-oxo -1-(3-sulfophenyl)-1H-pyrazol-4-yl)azo)-,strontium salt (1:1) (CAS Reg. No. 250640-73-4).",Colors and Effects USA LLC
83,"Sep 23, 2000",2000,"Poly(oxy(1,1'-biphenyl)-4,4'-diyloxy-1,4-phenylenesulfonyl-1,4-phenylene) (CAS Reg. No. 25839-81-0).","Syensqo Specialty Polymers USA, LLC"
80,"Sep 20, 2000",2000,"2,6-di-tert-butyl-4-sec-butylphenol (CAS Reg. No. 17540-75-9).","Schenectady International, Inc."
79,"Sep 2, 2000",2000,"High silicon iron. The formulation is as follows: Component Percent by Weight Grade 1: Cr (0.5 max), Mo (0.5 max), Cu (0.5 max), Si (14.2-14.75), Mn (1.5 max), C (0.7-1.1), Fe (balance). Component Percent by Weight Grade 2: Cr (3.25 - 5.0), Mo (0.4 - 0.6), Cu (0.5 max), Si (14.2-14.75), Mn (1.5 max), C (0.75-1.15), Fe (balance).",Flowserve Corporation
78,"Aug 31, 2000",2000,"Sebacic acid (1,8-octanedicarboxylic acid, as a component of lubricants that otherwise comply with 21 CFR 178.3570 (CAS Reg. No. 111-20-6).",Lubrizol Corporation
76,"Aug 24, 2000",2000,"A modified, branched poly dimethyl hydrogen methylsiloxane (containing small amounts of trivinyl cyclohexane, CAS Reg. No. 2855-27-8), synthesized as described in the notification, from trivinylcyclohexane and sigma, omega' -dihydropolydimethyl siloxane with platinum catalysis followed by reaction with polyhydrogen methyl dimethylsiloxane.",Wacker Silicones/ Wacker Chemie GmbH
75,"Aug 22, 2000",2000,"Ethylene-2-norbornene copolymer (CAS Reg. No. 26007-43-2). The CAS nomenclature is bicyclo{2.2.1} hept-2-ene, polymer with ethene.","TOPAS Advanced Polymers, GmbH Daicel HPP USA, Inc., and Daicel Corporation"
74,"Aug 16, 2000",2000,"Completely hydrolyzed tetra-polymer of divinyl benzene, ethyl vinyl benzene, acrylonitrile, and 1,7-octadiene as an ion exchange resin. (CAS Reg. No. 130353-60-5).",LANXESS Corporation
73,"Aug 17, 2000",2000,Epoxy resin coatings otherwise complying with 21 CFR 175.300(b)(3)(viii) that also contain polyoxypropylenediamine (CAS Reg. No. 9046-10-0) as a cross linking component.,"Belzona, Inc."
72,"Aug 10, 2000",2000,Ethylene terephthalate-isophthalate copolymers.,Indorama Ventures USA Inc. and its stewarded affiliates around the world.
71,"Jul 28, 2000",2000,"Partially hydrolyzed (40-50%) polyvinyl alcohol, modified with up to 2 percent by weight crotonic acid (i.e. a terpolymer of vinyl acetate, vinyl alcohol and crotonic acid).",Synthomer (UK) Ltd.
70,"Jul 14, 2000",2000,Carbon monoxide-ethylene copolymer (CAS Reg. No. 111190-67-1); and Carbon monoxide - ethylene -propylene terpolymer (CAS Reg. No. 88995-51-1) containing no more than 8 mole-percent of propylene.,Shell Chemical Company
69,"Jul 13, 2000",2000,"(1) Styrene -butadiene -methacrylic acid terpolymer (CAS Reg. No. 9010-93-9), (2) 1,2-benzisothiazolin-3-one (CAS Reg. No. 2634-33-5), and (3) sulfosuccinic acid 4-ester with polyethylene glycol dodecyl ether, disodium salt (CAS Reg. No. 39354-45-5).",Henkel Corporation
68,"Jul 27, 2000",2000,"Butene-1, polymer with propylene (CAS Reg. No. 29160-13-2), containing more than 15 but not greater than 35 weight percent of polymer units derived from butene-1.",Mitsui Chemicals Inc.
67,"Aug 2, 2000",2000,"3,6,9-triethyl -3,6,9-trimethyl -1,2,4,5,7,8-hexoxonane (CAS Reg. No. 24748-23-0) .",Nouryon Functional Chemicals LLC
64,"Jul 27, 2000",2000,Diallyldimethylammonium chloride polymer with acrylamide (CAS Reg. No. 26590-05-6). The copolymers are produced by copolymerizing diallyldimethylammonium chloride with acrylamide in weight ratios ranging from 85/15 to up to but not including 50/50 diallyldimethylammonium chloride/acrylamide.,Nalco Chemical Company
63,"Jul 22, 2000",2000,"Styrene block polymers with 2-methyl-1,3-butadiene and 1,3-butadiene, hydrogenated (CAS Reg. No.132778-07-5) in food contact applications.","Kuraray America, Inc., Kuraray Co., Ltd., Kuraray Europe, GmbH, and SEPTON Company of America"
62,"Jul 19, 2000",2000,"Amorphous hydrogenated carbon coating produced from acetylene as the carbon source in a microwave plasma. The coating is formed at reduced pressure with 0.1 mbar acetylene using microwave energy, followed by an air rinse.",Sidel S.A. (ACTIS Technology)
60,"Jul 15, 2000",2000,"GENOX TM EP, chemically identified as amines, bis(hydrogenated rape-oil alkyl)methyl, N-oxides (CAS Reg. No. 204933-93-7).",Addivant
58,"Jun 29, 2000",2000,"2,2'-Methylenebis(4,6-di-tert-butylphenyl) 2-ethylhexyl phosphite (CAS Reg. No. 126050-54-2).",Asahi Denka Kogyo K.K.
57,"Aug 24, 2000",2000,Aromatic modified aliphatic hydrocarbon resin. The FCS is also known as aromatic modified petroleum hydrocarbon resin. (CAS Reg. No. 68527-25-3).,ExxonMobil Product Solutions Company
56,"Aug 24, 2000",2000,"Petroleum hydrocarbon resins (cyclopentadiene-type), hydrogenated (CAS Reg. Name Naptha (petroleum), light steam-cracked, debenzenized, polymers, hydrogenated (CAS Reg. No. 68132-00-3).",ExxonMobil Product Solutions Company
55,"Jul 13, 2000",2000,"Ion exchange resin which is a terpolymer of styrene, divinyl benzene and ethylvinyl benzene, aminomethylated, then quarternized with methyl chloride (CAS Reg. No. 113114-05-9).",LANXESS Corporation
54,"Jun 24, 2000",2000,Alpha -sulfo -ω-(dodecyloxy)poly(oxyethylene) sodium salt (CAS Reg. No. 9004-82-4).,"BASF Corporation, BASF SE, and Kensing, LLC"
53,"Jun 15, 2000",2000,"The substance is a mixture consisting of 63-72% oxidized bis(hydrogenated tallow alkyl)amines (CAS Reg. No. 143925-92-2), 12-15% bis(hydrogenated tallow alkyl)amines, 4-8% (hydrogenated tallow alkyl)nitrones, and 5-12% (hydrogenated tallow alkyl)oximes.",BASF Corporation
52,"Aug 2, 2000",2000,"A high density agarose resin, crosslinked and alkylated with epichlorohydrin, followed by chemical binding of benzylamine. The agarose resin would be in the form of beads with a particle size of 100 to 300 um for not less than 90% of the particles.",UpFront Chromatography A/S
51,,,REPLACED BY FCN 232,
49,"Jun 9, 2000",2000,Nylon 6 polymers produced using benzoic acid as a blocking agent.,Unitika Ltd.
48,"Jun 4, 2000",2000,Poly(ethylene-methyl acrylate-cyclohexenylmethyl acrylate) (CAS Reg. No. 223503-47-7).,"Cryovac, Inc."
47,"Jun 9, 2000",2000,"Zeolite A in which silver, zinc and ammonium ions have been exchanged for sodium ions. The silver content of the modified zeolite shall not exceed 2.5 percent by weight.","Sinanen Zeomic Company, Ltd."
46,"Jun 12, 2000",2000,Salicylamide (CAS Reg. No. 65-45-2),Lubrizol Corporation
45,"Jun 10, 2000",2000,"Two quaternary amine (QAE) cellulose ion exchange resins (IXRs): (1) high substitution QAE cellulose IXR (1.5-2.5 milliequivalents quaternary ammonium per dry g of resin); and (2) high protein capacity QAE cellulose IXR (1.0-1.5 milliequivalents quaternary ammonium per dry g resin). Both IXRs consist of a base matrix of regenerated cellulose, cross-linked and alkylated with epichlorohydrin and propylene oxide. Dimethyl hydroxyethyl ammonium groups are added to the polymer to provide binding sites.","Life Technologies, Inc."
44,"Jun 6, 2000",2000,"Hexanedioic acid polymer with 1,3-benzenedimethanamine meeting the specifications in 21 CFR 177.1500(b) item 10.2, when tested by the methods given in 21 CFR 177.1500(c) (CAS Reg. No. 25718-70-1).","Toyobo Co., Ltd."
43,"Jun 7, 2000",2000,"Nickel-iron alloy. Its composition is as follows: Ni (80-83 percent by weight), S (0-0.005 % by weight), C (0-0.005% by weight), Mo (1-3% by weight), Fe (14-19% by weight).",Ametek Specialty
42,"Jun 10, 2000",2000,"A grafted copolymer of cross-linked sodium polyacrylate identified as 2-propenoic acid, polymers with N,N-di-2 propenyl-2-propen-1-amine and hydrolyzed polyvinyl acetate, sodium salts, graft (CAS Reg. No. 166164-74-5)",Evonik Corporation
41,"Jun 7, 2000",2000,"Silicone acrylate resins produced by the addition of ω-hydroxyalkenes and/or propenyloxy-2,3-dihydroxypropane, mono- or diester with acrylic acid, acetic acid, or other saturated monocarboxylic acid, to dimethyl polysiloxane, methylhydrogen polysiloxane, or dimethyl-methylhydrogen polysiloxane. The cured resins may include substances permitted for use by regulation in 21 CFR 170-189, substances generally recognized as safe, substances used in accordance with prior sanction approval, and the following substances as photoinitiators: 2-hydroxy-2-methyl-1-phenyl-1-propanone (CAS Reg. No. 7473-98-5) and/or oligomeric -2-hydroxy-2-methyl-1-[4-(1-methylvinyl)phenyl]-1-propanone (CAS Reg. No. 163702-01-0). The total photoinitiator levels shall not exceed 3 percent by weight of silicone acrylate resin in coatings.",Evonik Corporation
40,"Jun 28, 2000",2000,Polyphenylene sulfide polymers (CAS Reg. No. 25212-74-2 or 26125-40-6),Ticona
39,"Jul 22, 2000",2000,"1,2-Bis(3,5-di-tert-butyl-4-hydroxyhydrocinnamoyl)hydrazine (CAS Reg. No. 32687-78-8).",BASF Corporation
38,"Jun 3, 2000",2000,n-Octyl phosphonic acid (NOPA)-modified titanium dioxide (produced by chemically reacting NOPA (CAS Reg. No. 4724-48-5) with titanium dioxide to achieve a treatment level of 0.85 percent by weight of NOPA on the pigment).,Huntsman Tioxide
37,"Jun 3, 2000",2000,"Dimethylolbutanoic acid, (CAS Name: butanoic acid, 2,2-bis(hydroxymethyl)-,) (CAS Reg. No. 10097-02-6)","Perstorp Polyols, Inc."
36,"Jun 4, 2000",2000,Gum rosin (CAS Reg. No. 8050-09-7),Resinall Corporation
35,"Jun 9, 2000",2000,Dimethyl dicarbonate,LANXESS Corporation
34,"May 21, 2000",2000,Nylon 6/12 resins manufactured by the copolymerization of at least 80 weight percent of epsilon-caprolactam and no more than 20 weight percent of ω-aminododecanoic acid. (CAS Reg. No. 25191-04-2),"UBE Industries, Ltd."
33,"May 18, 2000",2000,"Silica, ((ethenyldimethylsilyl)oxy)- and ((trimethylsilyl)oxy)-modified (CAS Reg. No. 68988-89-6)","Dow Silicones Corporation DDP Specialty Electronic Materials US 9, LLC"
32,"May 14, 2000",2000,"α-(dinonylphenyl)-ω-hydroxypoly(oxy-1,2-ethanediyl) containing not more than 21 moles of ethylene oxide per mole of dinonylphenyl (CAS Reg. No. 9014-93-1)",BASF Corporation
31,"May 11, 2000",2000,"Fluorescein, disodium salt or dipotassium salt (CAS Reg. No. 518-47-8) and (CAS Reg. No. 6417-85-2)",Nalco Chemical Co.
30,"Apr 11, 2000",2000,Copolymer of the sodium salt of acrylic acid with polyethyleneglycol allyl ether (CAS Reg. No. 137898-98-7),"Veolia WTS USA, Inc."
29,"Apr 19, 2000",2000,"Tridecanol phosphite condensation product with butylidenebis(2-(1,1-dimethylethyl)-5-methyl-4,1-phenylene) (CAS Reg. No. 13003-12-8)",Asahi Denka Kogyo K.K.
28,"May 3, 2000",2000,"Hydrogenated styrene-butadiene block copolymers modified with maleic anhydride such that the basic polymers are composed of : 18 to 40 percent by weight of units derived from styrene, 58 to 80 percent by weight of units derived from hydrogenated 1,3-butadiene and 0.1 to 2 percent by weight of units derived from maleic anhydride.",Asahi Kasei Corporation
27,"May 2, 2000",2000,"C.I. Pigment Orange 79 (Benzoic acid, 4-((2-hydroxy- 6-sulfo-1-naphthalenyl)azo)-, strontium salt (2:1))",Colors and Effects USA LLC
26,"Apr 8, 2000",2000,"A solid solution of 2-naphthalenesulfonic acid, 5-(((5-chloro -4-methyl-2- sulfophenyl) azo) -6-hydroxy)-, strontium salt (1:1) and 2-naphthalenesulfonic acid, 5-((4-chloro -5-ethyl -2-sulfophenyl) azo) -6-hydroxy)-, strontium salt(1:1) (C.I. Pigment Red 276)",Colors and Effects USA LLC
25,"Apr 8, 2000",2000,"1-Naphthalenesulfonic acid, 2-((4,5-dihydro-3-methyl-5-oxo-1-(3-sulfophenyl)-1H-pyrazol-4-yl) azo)-, calcium and/or strontium salt (1:1)(C.I. Pigment Yellow 209 and C.I. Pigment Yellow 209:1)",Colors and Effects USA LLC
24,"May 13, 2000",2000,"Tin-based alloy, ASTM B23-49 Grade 1, for filling bearings made from extruded or molded carbon and graphite, which has the following composition: Tin (Balance); Antimony (4.0-5.0%); Copper (4.0-5.0%); Lead (0.004% maximum); Iron (0.05% maximum); Aluminum (0.005% maximum); Zinc (0.005% maximum); Arsenic (0.005% maximum); Bismuth (0.005% maximum); Total other elements (<0.005% maximum).",Grant Manufacturing and Alloying Inc.
23,"Apr 8, 2000",2000,"C.I. Pigment Red 277, a solid solution of 1-naphthalenesulfonic acid, 2-((2-hydroxy-6 -sulfo-1-naphthalenyl)azo)-, stronium salt (1:1) (CAS Reg. No. 250639-69-1) and 2-naphthalenesulfonic acid, 5-((4-chloro-5-ethyl-2-sulfophenyl) azo)-6-hydroxy-, strontium salt (1:1) (CAS Reg. No. 197566-90-8)",Colors and Effects USA LLC
22,"Apr 8, 2000",2000,"Phosphorous acid, cyclic neopentanetetraylbis(2,6-di-tert-butyl-4-methylphenyl) ester (CAS Reg. No. 80693-00-1)",Adeka Corporation
21,"Apr 7, 2000",2000,"2,2'-Methylenebis(4,6-di-tert-butylphenyl) 2-ethylhexyl phosphite (CAS Reg. No. 126050-54-2)",Asahi Denka Kogyo K.K.
20,"Apr 7, 2000",2000,"2,2'-Methylenebis(4,6-di-tert-butylphenyl) 2-ethylhexyl phosphite (CAS Reg. No. 126050-54-2)",Asahi Denka Kogyo K.K.
19,"Mar 31, 2000",2000,"Piperylene / 2-methyl-2-butene / α-methylstyrene terpolymers (Benzene, (1-methylethenyl)-, polymers with 2-methyl-2-butene and 1,3-pentadiene) (CAS Reg. No. 62258-49-5)","Total Petrochemicals & Refining USA, Inc."
18,"Apr 7, 2000",2000,Sodium acrylate/styrene sulfonate copolymer,Nalco Chemical Company
17,"Mar 30, 2000",2000,"A perfluorocarbon-cured elastomer (PCE) produced by terpolymerizing tetrafluoroethylene (CAS Reg. No. 116-14-3), perfluoro(2,5-dimethyl-3,6-dioxanone vinyl ether) (CAS Reg. No. 2599-84-0) and perfluoro (6,6-dihydro-6-iodo-3-oxa-1-hexene) (CAS Reg. No. 106108-22-9) and subsequent curing of the terpolymer (CAS Reg. No. 106108-23-0) by crosslinking with triallylcyanurate (CAS Reg. No. 101-37-1) and vulcanizing with 2,5-dimethyl-2,5-di(t-butylperoxy)hexane (CAS Reg. No. 78-63-7), as a 68% dispersion on finely divided silica","Greene, Tweed and Company, Inc."
16,"Apr 4, 2000",2000,"Cemented carbide formulated as follows: Tungsten Carbide(WC) - 95%, Carbides of titanium, tantalum and niobium - 5%, Cobalt(Co) - 0.5%-1%",Hyperion Materials & Technologies
15,"Apr 1, 2000",2000,"Benzenesulfonic acid, 2,2'-(1,2-ethenediyl)bis(5-((4-(bis(2-hydroxyethyl)amino)-6-((4-sulfophenyl)amino)-1,3,5-triazin-2-yl)amino)-, tetrasodium salt (CAS Reg. No. 16470-24-9)","Indulor Leverkusen GmbH & Co. KG BASF Corporation Archroma U.S., Inc."
14,"Mar 23, 2000",2000,"Dimethyl 2,6-naphthalenedicarboxylate or 2,6-naphthalenedicarboxylic acid",Indorama Ventures Xylenes & PTA LLC
13,"Mar 23, 2000",2000,"Dimethyl 2,6-naphthalenedicarboxylate or 2,6-naphthalenedicarboxylic acid",Indorama Ventures Xylenes & PTA LLC
12,"Mar 31, 2000",2000,"Industrial starch modified by treatment with greater than 5% and not more than 21% by weight 2,3-epoxypropyl trimethylammonium chloride (CAS Reg. No. 3033-77-0)",Lyckeby Starkelsen Industrial Starches AB
11,"Apr 1, 2000",2000,"4,5-dichloro-2-n-octyl-3(2H)-isothiazolone",LANXESS Corporation
10,"Mar 29, 2000",2000,Pyromellitic dianhydride,"Sekisui Plastics, Ltd."
9,"Mar 23, 2000",2000,"Poly(oxy-1,2-ethanediyloxycarbonyl-2,6 -naphthalanedicarbonyl) homopolymer and copolymers with ethylene terephthalate",Far Eastern New Century Corporation APG Polytech LLC
8,"Mar 23, 2000",2000,"Ethylene terephthalate-2,6-naphthalate copolymers",Far Eastern New Century Corporation APG Polytech LLC
7,"Mar 21, 2000",2000,Woven wool felt,"Applied Fabric Technologies, Inc."
6,"Mar 17, 2000",2000,Completely hydrolyzed copolymer of acrylonitrile and trivinylcyclohexane ion-exchange resin (CAS Reg. No. 109961-42-4),"DDP Specialty Electronic Materials US 5, LLC"
5,"Mar 14, 2000",2000,Polybutadiene - graft - poly(methyl acrylate- co-acrylonitrile) (CAS Reg. No. 27012-62-0),INEOS USA LLC
4,"Mar 15, 2000",2000,Isophthalic acid or dimethyl isophthalate,INEOS Joliet LLC
3,"Mar 9, 2000",2000,"Styrene-acrylic copolymers produced by polymerizing a minimum of 72 parts by weight of styrene with a minimum of 4 parts of methyl methacrylate and with up to 10 parts total of any one or more of the following monomers: butyl methacrylate, methacrylic acid, butyl acrylate, acrylic acid and allyl methacrylate",Rohm and Haas Company
2,"Mar 9, 2000",2000,"GENOX TM EP, chemically identified as Amines, bis(hydrogenated rape-oil alkyl)methyl, N-oxides (CAS Reg. No. 204933-93-7)",Addivant
1,"Mar 1, 2000",2000,"Silver sodium hydrogen zirconium phosphate, rhombohedral framework structure, of the general formula Ag x Na y H z Zr 2 (PO 4 ) 3 with x=(0.1-0.5); y=(0.1-0.8); z=(0.1-0.8)","Toagosei Company, Ltd."
1051,,,REPLACED BY FCN 1301,
1956,,,REPLACED BY FCN 2453,
2175,,,REPLACED BY FCN 2451,
2226,,,REPLACED BY FCN 2451,
