grn,substance,notifier,closure_date,outcome
1,Soy isoflavone extract,Archer Daniels Midland Company,11/03/1998,withdrawn
2,Solin oil (low linolenic acid flaxseed oil or low linolenic acid linseed oil),United Grain Growers Ltd.,05/27/1998,no questions
3,Sodium bisulfate,Jones Hamilton Co.,06/05/1998,no questions
4,Transglutaminase from Streptoverticillium mobaraense,Ajinomoto USA,06/22/1998,no questions
5,Tasteless smoke,Hawaii International Seafood Inc.,11/09/1998,withdrawn
6,Dioctyl sodium sulfosuccinate,"Cytec Industries, Inc.",12/28/1998,no questions
7,ARASCO (arachidonic acid-rich single-cell oil) and DHASCO (docosahexaenoic acid-rich single-cell oil) as sources of the fatty acids ARA (arachidonic acid) and DHA (docosahexaenoic acid),Wyeth Nutritionals International,03/04/1999,rejected
8,Pectin esterase derived from Aspergillus oryzae carrying a gene encoding pectin esterase from Aspergillus aculeatus,Novo Nordisk,03/02/1999,no questions
9,Polyglycerol polyricinoleic acid,Quest International,03/02/1999,no questions
10,Exopeptidase derived from Aspergillus oryzae carrying a gene encoding a leucine aminopeptidase from Aspergillus sojae,Rohm Enzyme Finland Oy,01/29/1999,rejected
11,Calcium casein peptone-calcium phosphate,Bonlac Foods Limited,01/29/1999,no questions
12,Mesquite wood alcoholic extract,Givaudan Roure Flavors,03/11/1999,withdrawn
13,Botanicals: Chrysanthemum; Licorice; Jellywort AND Honeysuckle; Lophatherum; Mulberry leaf; Frangipani; Selfheal; Sophora flower bud,Vitasoy International Holdings Ltd.,06/02/1999,rejected
14,Hydrogen peroxide,Basic Vegetable Products,05/26/1999,rejected
15,Tasteless smoke,Hawaii International Seafood Inc.,03/10/2000,no questions
16,Menhaden oil,BASF Corporation,06/08/1999,withdrawn
17,Arabinogalactan,"Larex, Inc.",04/11/2000,withdrawn
18,Mesquite ( Prosopis spp.) wood alcoholic extract,Givaudan Roure Flavors,05/12/1999,no questions
19,Ferrous bisglycinate chelate,"Albion Laboratories, Inc.",09/30/1999,no questions
20,Pullulanase derived from Bacillus subtilis carrying a gene encoding pullulanase from Bacillus naganoensis,Enzyme Bio-Systems Ltd.,09/30/1999,no questions
21,Pork collagen,"AMPC, Inc.",07/29/1999,no questions
22,alpha-Amylase derived from Bacillus licheniformis carrying a gene encoding a modified alpha-amylase derived from Bacillus lichenformis and Bacillus amyloliquefaciens,Novo Nordisk,12/29/1999,no questions
23,Protein preparation from animal blood,"Desanguination Products, LLC",08/02/1999,withdrawn
24,alpha-Amylase derived from Bacillus licheniformis carrying a gene encoding alpha-amylase from Bacillus stearothermophilus,Novo Nordisk,05/15/2000,no questions
25,"Extract of Garcinia kola seed (""bitter cola"")",Pharaoh Palmier,10/12/1999,rejected
26,Isolated wheat protein,Manildra Group,12/16/1999,no questions
27,Dextranase from Chaetomium gracile,"Sankyo Co., Ltd.",12/16/1999,no questions
28,Seaweed-derived calcium,Marigot Ltd./Celtic Sea Minerals,04/21/2000,no questions
29,Transglutaminase from Streptoverticillium mobaraense,Ajinomoto USA,12/29/1999,no questions
30,Crospovidone-cranberry juice extract,"ShanStar Biotech, Inc.",12/20/1999,rejected
31,Cetylpyridinium chloride,Safe Foods Corporation,01/10/2000,withdrawn
32,Pectin lyase derived from Trichoderma reesei carrying a gene encoding pectin lyase from Aspergillus niger,Rohm Enzyme GmbH,04/20/2000,no questions
33,Low erucic acid oil derived from Brassica juncea,Canola Council of Canada,01/27/2000,no questions
34,Aspartic proteinase derived from Aspergillus oryzae carrying a gene encoding aspartic proteinase from Rhizomucor miehei,Novo Nordisk,04/19/2000,no questions
35,Hempseed oil,"Consolidated Growers and Processors, Inc.",08/24/2000,rejected
36,Chromium picolinate; Ginkgo biloba leaf extract; and Ginseng extract,"Vancol Industries, Inc.",04/10/2000,withdrawn
37,Whey protein isolate and dairy product solids,American Dairy Products Institute,04/21/2000,no questions
38,Cetylpyridinium chloride,Safe Foods Corporation,02/29/2000,rejected
39,Tall oil phytosterols,"Novartis Consumer Health, Inc.",04/24/2000,no questions
40,Mineral oil,American Ingredients Company,12/11/2000,rejected
41,DHASCO (docosahexaenoic acid-rich single-cell oil) and ARASCO (arachidonic acid-rich single-cell oil),Martek Biosciences Corporation,05/17/2001,no questions
42,Milk-derived lactoferrin,DMV International,03/26/2001,rejected
43,Lipase derived from Aspergillus oryzae carrying a gene encoding lipase from Thermomyces lanuginosus,Novo Nordisk,09/22/2000,no questions
44,Fructooligosaccharide,GTC Nutrition Company,11/22/2000,no questions
45,Trehalose,Hayashibara International Inc.,10/05/2000,no questions
46,Gamma cyclodextrin,Wacker Biochem Corp.,09/22/2000,no questions
47,Arabinogalactan from Larix occidentalis,Larex Inc.,06/06/2000,no questions
48,Vegetable oil phytosterol esters,Cargill Inc.,11/27/2000,no questions
49,Bifidobacterium lactis strain Bb12 and Streptococcus thermophilus strain Th4,Nestle USA,03/19/2002,no questions
50,Bohenin,"Fuji Oil Co., Ltd.",08/31/2000,no questions
51,Cassia gum from Cassia tora/obtusifolia,B.F. Goodrich,02/27/2001,withdrawn
52,Whey mineral concentrate,"Glanbia Ingredients, Inc.",01/30/2001,no questions
53,Phytosterol esters,Procter & Gamble Company,12/20/2000,no questions
54,Xylanase derived from Fusarium venenatum carrying a gene encoding xylanase from Thermomyces lanuginosus,Novo Nordisk,02/23/2001,no questions
55,Transglutaminase from Streptoverticillium mobaraense,Ajinomoto USA,01/30/2001,no questions
56,Diacylglycerol oil,Kao Corporation,12/04/2000,no questions
57,Argon gas,Permafresh Corporation,11/02/2000,no questions
58,Gum arabic,Kerry Ingredients,09/10/2001,withdrawn
59,Hydrogenated starch hydrolysate,Grain Processing Corporation,09/24/2001,withdrawn
60,Potassium bisulfate,Jones-Hamilton Company,01/19/2001,no questions
61,Plant sterols/Plant sterol esters,Archer Daniels Midland Company,04/18/2001,no questions
62,"Chlorine dioxide generated from particles (<30μm) composed of sodium polyphosphate, magnesium sulfate, sodium silicate and sodium chlorite that are incorporated into low density polyethylene (LDPE) food-packaging films, at levels not exceeding 17.5 micrograms chlorite/in 2 of finished package film.","Bernard Technologies, Inc.",06/19/2001,no questions
63,Hops beta acids,"Rhodia, Inc.",03/15/2001,no questions
64,Egg white lysozyme,"Rhodia, Inc.",04/02/2001,no questions
65,Nisin,"Rhodia, Inc.",04/20/2001,no questions
66,Milk thistle extract,JHB Inc.,04/23/2001,rejected
67,Milk-derived lactoferrin,"Farmland National Packaging Company, L.P.",10/23/2001,no questions
68,Lipase from Penicillium camembertii,Amano Enzyme Inc.,05/29/2001,no questions
69,Behenic acid,Thixo Limited,05/14/2001,no questions
70,Stearyl alcohol,Thixo Limited,04/23/2001,no questions
71,"White mineral oil, USP (viscosity ISO 100 )",American Ingredients Company,04/20/2001,no questions
72,Pullulanase derived from Bacillus licheniformis carrying a gene encoding pullulanase from B. deramificans,Genencor International Inc.,06/12/2001,no questions
73,Shrimp-derived chitosan,Primex Ingredients ASA,01/31/2002,withdrawn
74,Beta-cyclodextrin,Wacker Biochem Corp.,10/25/2001,no questions
75,Lipase derived from Aspergillus oryzae carrying a gene encoding lipase from Fusarium oxysporum,Novozymes North America Inc.,08/14/2001,no questions
76,Erythritol,Cerestar Holding B.V.,09/11/2001,no questions
77,Milk-derived lactoferrin,DMV International,08/14/2001,no questions
78,D-Tagatose,Arla Foods Ingredients amba,10/25/2001,no questions
79,alpha-Amylase derived from Bacillus licheniformis carrying a gene encoding a modified alpha-amylase from Bacillus licheniformis,Novozymes North America Inc.,12/19/2001,no questions
80,ARASCO (arachidonic acid-rich single-cell oil),Mead Johnson Nutritionals,12/11/2001,no questions
81,Lipase from Candida rugosa,"Amano Enzyme, Inc.",02/07/2002,no questions
82,"1,1,1,2-Tetrafluoroethane (HFC-134a)","INEOS Fluor, Ltd.",06/05/2002,no questions
83,Carbon monoxide,Pactiv Corporation,02/21/2002,no questions
84,Arabinogalactan from Eastern Larch ( Larix laricina ),"Larex, Inc.",02/19/2002,no questions
85,Isoamylase from Pseudomonas amyloderamosa,"Hayashibara International, Inc.",02/19/2002,no questions
86,"Coagulated potato protein, hydrolyzed potato protein, or clarified hydrolyzed potato protein",AVEBE b.a.,04/03/2002,no questions
87,Composite filtration media (diatomaceous earth and perlite),"World Minerals, Inc.",02/26/2002,no questions
88,Invertase enzyme preparation from Saccharomyces cerevisiae and lactase enzyme preparation from Kluyveromyces marxianus,Enzyme Technical Association,04/03/2002,no questions
89,"Five enzyme preparations from Aspergillus niger : Carbohydrase enzyme preparation, catalase enzyme preparation, glucose oxidase enzyme preparation, pectinase enzyme preparation, and protease enzyme preparation",Enzyme Technical Association,04/03/2002,no questions
90,"Carbohydrase enzyme preparation from Aspergillus oryzae , protease enzyme preparation from Aspergillus oryzae , and carbohydrase enzyme preparation from Rhizopus oryzae",Enzyme Technical Association,04/04/2002,no questions
91,Mycoprotein,Marlow Foods Ltd.,01/07/2002,no questions
92,Sucrose fatty acid esters,Mitsubishi Chemical Corporation,02/04/2002,rejected
93,Grape seed extract and grape skin extract,"Polyphenolics, Inc.",06/05/2002,rejected
94,Docosahexaenoic acid-rich oil from tuna (DHA-rich tuna oil) and arachidonic acid-rich oil from Mortierella alpina (AA-rich fungal oil),"Ross Products Division, Abbott Laboratories",04/18/2006,no questions
95,Transglutaminase from Streptoverticillium mobaraense,Ajinomoto USA,07/03/2002,no questions
96,Silk protein food powder,"The New Silk Road, Inc.",05/20/2002,rejected
97,Tuna oil,Clover Corporation Limited,06/24/2002,withdrawn
98,Small planktivorous pelagic fish body oil,Jedwards International,03/25/2002,withdrawn
99,Pullulan,Hayashibara International,08/01/2002,no questions
100,D-Ribose,"Bioenergy, Inc.",09/03/2002,rejected
101,Spirulina,"Cyanotech Corporation AND Earthrise Nutritionals, Inc.",05/28/2002,withdrawn
102,Small planktivorous pelagic fish body oil,Jedwards International,09/03/2002,no questions
103,Lipase enzyme preparation from Aspergillus oryzae carrying a gene constructed from a modified Thermomyces lanuginosus lipase gene and a portion of the Fusarium oxysporum lipase gene,"Novozymes North America, Inc.;",08/19/2002,no questions
104,Sucrose acetate isobutyrate,Eastman Chemical Company,08/16/2002,no questions
105,Fish oil concentrate,"Unilever United States, Inc.",10/15/2002,no questions
106,Glucose oxidase enzyme preparation from Aspergillus oryzae carrying a gene encoding a glucose oxidase from Aspergillus niger,"Novozymes North America, Inc.",10/03/2002,no questions
107,Polydextrose,Danisco Cultor America,10/17/2002,withdrawn
108,Glycerol ester of gum rosin,"T&R Chemicals, Inc.",12/20/2002,rejected
109,Tuna oil,Clover Corporation Limited,12/04/2002,no questions
110,Lutein esters,Cognis Corporation,01/21/2003,no questions
111,Lipase enzyme preparation from Aspergillus niger,Enzyme Technical Association,12/20/2002,no questions
112,Phytosterols,Teriaka Ltd.,02/04/2003,no questions
113,Lipase enzyme preparation from Aspergillus oryzae,Enzyme Technical Association,01/27/2003,no questions
114,Pectate lyase enzyme preparation from Bacillus subtilis,"Japan Cellfoods Co., Ltd.",01/27/2003,no questions
115,Diacylglycerol oil,ADM Kao L.L.C.,02/24/2003,no questions
116,Carrot fiber,"Wm. Bolthouse Farms, Inc.",03/20/2003,no questions
117,Ice structuring protein preparation,Unilever (Good Humor - Breyers),04/17/2003,no questions
118,Inulin,"Imperial-Sensus, LLC",05/05/2003,no questions
119,Synthetic lycopene,BASF Corporation,05/22/2003,no questions
120,Saccharomyces cerevisiae strain ML01 carrying a gene encoding the malolactic enzyme from Oenococcus oeni and a gene encoding malate permease from Schizosaccharomyces pombe,Lesaffre Yeast Corporation,06/30/2003,no questions
121,Xanthan gum,"Ingredients Solutions, Inc. AND Zibo Zhongxuan Biological Product Co., Ltd.",07/18/2003,no questions
122,Laccase enzyme preparation produced by Aspergillus oryzae expressing the gene encoding a laccase from Myceliophthora thermophila,"Novozymes North America, Inc.",07/18/2003,no questions
123,Laminaria japonica broth and extract powder,"Fuji Foods, Inc.",07/25/2003,no questions
124,Grape seed extract,San Joaquin Valley Concentrates,08/01/2003,no questions
125,Grape seed extract and grape pomace extract,"Polyphenolics, Inc.",08/18/2003,no questions
126,alpha-Amylase enzyme preparation from Pseudomonas fluorescens Biovar I expressing a gene encoding a hybrid alpha-amylase derived from three microorganisms within the order Thermococcales,Innovase LLC,09/26/2003,no questions
127,"Spirulina, the dried biomass of Arthrospira platensis","Cyanotech Corporation and Earthrise Nutritionals, Inc.",10/06/2003,no questions
128,Skim milk or dextrose cultured with Propionibacterium freudenreichii subsp. shermanii,Rhodia Inc.,11/26/2003,no questions
129,Sucrose fatty acid esters,Mitsubishi Chemical Corporation,11/07/2003,no questions
130,Bovine milk-derived lactoferrin,"aLF Ventures, LLC",08/21/2003,no questions
131,High 2-palmitic vegetable oil,Loders Croklaan B. V.,12/04/2003,no questions
132,Lactase enzyme preparation from Aspergillus niger,Enzyme Technical Association,12/12/2003,no questions
133,Volatile oil of mustard,"CAREX, Inc.",01/05/2004,no questions
134,Soy protein hydrolyzate with enzyme-modified lecithin,"Kyowa Hakko U.S.A., Inc.",01/08/2004,no questions
135,ε-Polylysine,Chisso Corporation,01/16/2004,no questions
136,Calcium gluconate,Purac Biochem b.v.,02/05/2004,no questions
137,Algal oil ( Schizochytrium sp.),Martek Biosciences Corporation,02/12/2004,no questions
138,Fish oil,Ocean Nutrition Canada Ltd,04/20/2004,no questions
139,Cassia gum,"Noveon, Inc.",05/03/2004,withdrawn
140,Crystalline lutein,"Kemin Foods, L.C.",06/14/2004,no questions
141,Polyvinyl alcohol,Colorcon,04/28/2004,no questions
142,Phospholipase enzyme preparation from Aspergillus oryzae expressing the gene encoding a phospholipase A1 from Fusarium venenatum,Novozymes North America Inc.,06/23/2004,no questions
143,Carbon monoxide,"Precept Foods, LLC.",07/29/2004,no questions
144,Adenosine 5'-monophosphoric acid and its monosodium and disodium salts,Linguagen Corp.,07/29/2004,no questions
145,Phospholipase A2 enzyme preparation from Streptomyces violaceoruber,"Genencor International, Inc.",07/29/2004,no questions
146,Salmon oil,Jedwards International,08/17/2004,no questions
147,"Extracted "" seafood species "" protein","Proteus Industries, Inc.",08/26/2004,no questions
148,Vegetable oil conjugated linoleic acid preparation,Loders Croklaan B. V.,08/31/2004,withdrawn
149,Beta-glucanase enzyme preparation from Trichoderma harzianum,Novozymes North America Inc.,09/27/2004,no questions
150,Glucosamine hydrochloride prepared from chitin obtained from Aspergillus niger,"Cargill, Inc.",09/09/2004,withdrawn
151,Ethanol (ethyl alcohol),"Frito-Lay, Inc.",10/29/2004,no questions
152,Sodium iron EDTA,Kraft Foods Global,12/09/2004,no questions
153,Conjugated linoleic acid,Cognis Corporation,08/16/2004,withdrawn
154,Dried orange pulp,"Fiberstar, Inc.",12/13/2004,no questions
155,alpha -Cyclodextrin,Wacker Chemical Corporation,12/22/2004,no questions
156,"Tomato lycopene extract 6 percent, tomato lycopene extract 1.5 percent, and crystallized tomato lycopene extract","LycoRed Natural Products Industries, Ltd.",02/07/2005,no questions
157,Calcium propionate (alternative method of manufacture),Solutia Inc.,12/13/2004,no questions
158,Lipase preparation from Aspergillus niger expressing a gene encoding a lipase from Candida antartica,Novozymes North America Inc.,03/16/2005,no questions
159,Carnobacterium maltaromaticum strain CB1,Griffith Laboratories,05/27/2005,no questions
160,Micro-algal oil ( Ulkenia sp.),Nutrinova Nutrition Specialities & Food Ingredients GmbH,04/01/2005,withdrawn
161,"Chlorine dioxide, generated using sodium chlorite in calcined or sulfated kaolin clay",Engelhard Corporation,04/04/2005,no questions
162,Lactoferrin (human) purified from rice,Ventria Bioscience,11/16/2006,withdrawn
163,Tomato pulp powder,"LycoRed Natural Products Industries, Ltd.",08/08/2005,no questions
164,Lauramide arginine ethyl ester,"Laboratorios Miret, S.A. (LAMIRSA)",09/01/2005,no questions
165,Quillaia extract type 1,American Beverage Association,11/09/2005,no questions
167,Carbon monoxide,"Tyson Foods, Inc.",09/29/2005,no questions
168,Poultry protein,"Proteus Industries, Inc.",11/18/2005,no questions
169,Bovine globulin,"Proliant, Inc.",07/19/2005,withdrawn
170,Shrimp-derived chitosan,Primex ehf,10/31/2005,withdrawn
171,"Lactobacillus acidophilus , Lactobacillus lactis , and Pediococcus acidilactici",Nutrition Physiology Corporation,12/07/2005,no questions
172,Isomalto-oligosaccharide,"BioNeutra, Inc.",10/17/2005,withdrawn
173,Lycopene from Blakeslea trispora,Vitatene S.A.,12/01/2005,no questions
174,Lysozyme (human) enzyme preparation from rice,Ventria Bioscience,09/13/2005,withdrawn
175,Saccharomyces cerevisiae strain ECMo01 with enhanced expression of urea amidolyase,First Venture Technologies Corp.,01/06/2006,no questions
176,Plant sterols and plant sterol esters from vegetable oils or sterols/stanols from tall oil,Archer Daniels Midland Company,01/13/2006,no questions
177,Plant sterol esters,Heart Blend Foods LLC,12/20/2005,no questions
178,Sodium iron EDTA,Akzo Nobel Chemicals,01/11/2006,no questions
179,Polyglycerol polyricinoleic acid,Stepan Company,01/20/2006,no questions
180,Allyl isothiocyanate,Mitsubishi-Kagaku Foods Corporation,03/16/2006,no questions
181,Phytosterols,"Michael Foods, Inc.",03/16/2006,no questions
182,Hydrolyzed wheat gluten isolate; pea protein isolate,Martin Vialatte,06/27/2006,no questions
183,Phospholipase A2 enzyme preparation from Aspergillus niger expressing a gene encoding a porcine phospholipase A2,DSM Food Specialties,05/11/2006,no questions
184,Isomaltulose,SUDZUCKER AG Mannheim/Ochsenfurt,03/20/2006,no questions
185,Concentrated tomato lycopene extract,"San-Ei Gen F.F.I., Inc.",05/30/2006,no questions
186,Soy lecithin enzymatically modified to have increased phosphatidylserine,Lipogen Products (9000) Ltd.,07/20/2006,no questions
187,L(+) Tartaric acid (alternative method of manufacture),"S & G Resources, Inc AND Changmao Biochemical Engineering Co.",03/20/2006,no questions
188,Carbon monoxide,"Tyson Foods, Inc.",11/05/2008,withdrawn
189,Lactoferrin (human) purified from bovine milk,"Pharming Group, N.V.",12/10/2009,withdrawn
190,Hydroxypropyl methylcellulose,The Dow Chemical Company,04/06/2006,withdrawn
191,Human lysozyme purified from rice,Ventria Bioscience,03/12/2010,withdrawn
192,High 2-palmitic vegetable oil,Enzymotec Ltd.,08/03/2006,no questions
193,Fish oil (predominantly sardine and anchovy); tuna oil,Peluva Biotech,08/03/2006,no questions
195,Mixed beta-Glucanase and xylanase enzyme preparation from Humicola insolens,"Novozymes North America, Inc.",09/21/2006,no questions
196,Bovine milk basic protein fraction,"Snow Brand Milk Products Co., Ltd., AND IAS Co., Ltd.",09/01/2006,no questions
197,Phosphatidylserine,Degussa Food Ingredients GmbH,09/20/2006,no questions
198,Bacteriophage P100 preparation from Listeria innocua,EBI Food Safety B.V.,10/17/2006,no questions
199,Concentrated hydrolyzed milk protein,Calpis Co. Ltd.,05/11/2007,no questions
200,Tailored triglycerides enriched in omega-3 fatty acids from fish oil,Twin Rivers Technologies,11/24/2006,no questions
201,Asparaginase enzyme preparation from Aspergillus oryzae expressing the asparaginase gene from A. oryzae,Novozymes North America Inc.,11/24/2006,no questions
202,Polyoxyethanyl-alpha-tocopheryl sebacate (PTS),Zymes LLC,12/06/2006,no questions
203,Erythritol fatty acid esters,Stepan Company,11/15/2006,withdrawn
204,Phospholipase C enzyme preparation from Pichia pastoris expressing a heterologous phospholipase C gene,Diversa Corporation,12/05/2006,no questions
205,Pullulanase enzyme preparation from Bacillus subtilis expressing the pullulanase gene from B. acidopullulyticus,Novozymes North America Inc.,12/04/2006,no questions
206,Phytosterol esters and diglycerides resulting from transesterification of vegetable oils/fats with phytosterols,Enzymotec Ltd.,12/07/2006,no questions
207,Barley fiber,Cargill Inc.,12/19/2006,no questions
208,Erythritol,Mitsubishi Kagaku-Foods Corporation,01/25/2007,no questions
209,L-theanine,"Taiyo International, Inc.",02/05/2007,no questions
210,Water soluble tomato concentrate,Provexis plc,02/08/2007,no questions
211,Xanthan gum (lower pyruvate levels),CP Kelco,04/11/2007,no questions
212,Phospholipase A2 enzyme preparation from Streptomyces violaceruber expressing a gene encoding phospholipase A2 from the same species,Nagase ChemteX Corporation,03/22/2007,no questions
213,Hydroxypropyl methylcellulose - expanded substitution pattern (HPMC-ESP),The Dow Chemical Company,03/27/2007,no questions
214,Asparaginase enzyme preparation from Aspergillus niger expressing the asparaginase gene from A. niger,DSM Food Specialties,03/12/2007,no questions
215,Actinidia arguta extract,"Efficas, Inc.",09/27/2007,no questions
216,Lipase enzyme preparation from Rhizopus oryzae,Amano Enzyme Inc.,05/18/2007,no questions
217,Tailored triglycerides containing approximately 12 percent medium-chain fatty acids,"The Nisshin OilliO Group USA, Inc.",08/20/2007,no questions
218,Bacteriophage P100 preparation from Listeria innocua,EBI Food Safety B.V.,06/22/2007,no questions
219,Ammonium phosphatide,Palsgaard A/S,06/29/2007,no questions
220,alpha-Glycosyl isoquercitrin,"San-Ei Gen F.F.I., Inc.",11/19/2007,no questions
221,Suspended lutein,"Kemin Health, L.C.",10/23/2007,no questions
222,Citric acid esters of mono- and diglycerides,Laboratorios Miret S.A. (LAMIRSA),12/20/2007,no questions
223,Phosphatidylserine,Enzymotec Ltd.,12/20/2007,no questions
224,trans-Resveratrol,"ATLA Holdings, LLC",08/01/2007,withdrawn
225,Catechins from green tea extract,Kao Corporation,11/26/2007,withdrawn
226,Lecithin derived from krill,Enzymotec Ltd.,01/03/2008,no questions
227,Olestra,The Procter & Gamble Company,10/09/2008,no questions
228,Sodium nitrite embedded on one side of a food packaging film at a maximum level of 113 milligrams per square meter,"Bemis Company, Inc",07/26/2010,no questions
229,Methylsulfonylmethane,Bergstrom Nutrition,02/18/2008,no questions
230,Chymosin enzyme preparation from Trichoderma reesei expressing the bovine prochymosin B gene,"Genencor, a Danisco Division",02/19/2008,no questions
231,Lactobacillus casei subsp. rhamnosus strain GG,Mead Johnson & Company,05/29/2008,no questions
232,Conjugated linoleic acid isomers,Lipid Nutrition B.V. and Cognis GmbH,07/11/2008,no questions
233,Combination of galacto-oligosaccharides and polydextrose,Mead Johnson & Company,09/04/2009,no questions
234,Bovine globulin,Proliant Health Ingredients Inc.,02/14/2008,withdrawn
235,Human lactoferrin purified from rice,Ventria BioScience,03/12/2010,withdrawn
238,Lipase enzyme preparation derived from Hansenula polymorpha expressing a gene encoding a lipase from Fusarium heterosporum,"Genencor, a Danisco Division",07/28/2008,no questions
240,"Corn, cane, or beet sugar cultured with Lactobacillus paracasei subsp. paracasei , Bacillus coagulans LA-1, or Propionibacterium freudenreichii subsp. shermanii , or mixtures of these microorganisms",PURAC,10/24/2008,no questions
241,High-selenium yeast,"Cypress Systems, Inc.",04/09/2008,withdrawn
242,Krill oil,Neptune Technologies and Bioressources,10/14/2008,no questions
243,D-Ribose,"Bioenergy, Inc.",11/10/2008,no questions
244,Glutathione,"Kohjin Co., Ltd.",05/09/2008,withdrawn
245,Menaquinone-7,NattoPharma ASA,06/02/2008,withdrawn
246,Isomalto-oligosaccharide mixture,BioNeutra Inc.,02/10/2009,no questions
247,Modified gum acacia,"TIC Gums, Inc.",10/07/2008,no questions
248,"Sucrose fatty acid esters (i.e., sucrose monoesters of lauric acid, palmitic acid, and stearic acid) manufactured by reaction of sucrose with vinyl esters of lauric, palmitic, and stearic acids",Compass Foods Pte Ltd,10/24/2008,no questions
249,Synthetic dihydrocapsiate,SRA International Inc.,03/09/2009,no questions
250,Plant sterols and stanols from pine trees,Arboris LLC,02/09/2009,no questions
251,Carbon monoxide,Vincent Mercogliano,01/25/2012,no questions
252,Rebaudioside A purified from Stevia rebaudiana (Bertoni) Bertoni,Whole Earth Sweetener Company LLC (a wholly owned subsidiary of Merisant Company),12/17/2008,no questions
253,Rebaudioside A purified from Stevia rebaudiana (Bertoni) Bertoni,"Cargill, Inc.",12/17/2008,no questions
254,Lactobacillus reuteri strain DSM 17938,BioGaia AB,11/18/2008,no questions
255,Bovine globulin,"Proliant Health Ingredients, Inc.",12/24/2008,no questions
256,High linolenic acid flaxseed oil,"Polar Foods, Inc.",01/16/2009,no questions
257,gamma -Amino butyric acid,"Pharma Foods International Co., Ltd.",12/22/2008,withdrawn
258,Sucromalt,"Cargill, Inc.",02/03/2009,no questions
259,Catechins from green tea extract,Kao Corporation,08/21/2009,withdrawn
260,High-selenium yeast,"Cypress Systems, Inc.",03/09/2009,no questions
261,Oat hull fiber,"Grain Millers, Inc.",02/03/2009,no questions
262,Sweet lupin protein,George Weston Foods Ltd.,12/16/2008,withdrawn
263,Sweet lupin fiber,George Weston Foods Ltd.,12/16/2008,withdrawn
264,Sweet lupin flour,George Weston Foods Ltd.,12/16/2008,withdrawn
265,Glycerophospholipid cholesterol acyltransferase (GCAT) enzyme preparation from Bacillus licheniformis expressing a modified GCAT gene from Aeromonas salmonicida subsp. salmonicida,"Genencor, a Danisco Division",06/13/2009,no questions
266,Polyglycerol polyricinoleate,Palsgaard A/S,05/29/2009,no questions
267,Protein glutaminase enzyme preparation derived from Chryseobacterium proteolyticum,"Amano Enzyme, Inc.",07/15/2009,no questions
268,Bifidobacterium longum strain BB536,"Morinaga Milk Industry Co., Ltd",07/08/2009,no questions
269,Polyglycerol fatty acid esters with a degree of polymerization of 11 to 40 for the polyglycerol backbone,"Taiyo-Kagaku Co., Ltd.",05/21/2009,no questions
270,Polyglycerol polyricinoleic acid,Stepan Company,06/15/2009,no questions
271,Ferrous ammonium phosphate,"Nestle USA, Inc.",05/29/2009,no questions
272,"Triple salt of magnesium, ammonium, and potassium chloride, hexahydrate","Smart Salt, Inc.",06/24/2009,no questions
273,Baobab ( Adansonia digitata ) dried fruit pulp,Cyril Lombard/PhytoTrade Africa,07/25/2009,no questions
274,Branching glycosyltransferase enzyme preparation from Bacillus subtilis expressing a branching glycosyltransferase gene from Rhodothermus obamensis,"Novozymes North America, Inc.",06/25/2009,no questions
275,Purified steviol glycosides with rebaudioside A as the principal component,"McNeil Nutritionals, LLC",06/11/2009,no questions
276,Dunaliella bardawil alga,Nikken Sohonsha Corporation,03/06/2009,withdrawn
277,Maltotetraohydrolase enzyme preparation from Bacillus licheniformis expressing a modified maltotetraohydrolase gene from Pseudomonas stutzeri,"Genencor, a Danisco Division",05/15/2009,no questions
278,Rebaudioside A purified from the leaves of Stevia rebaudiana (Bertoni) Bertoni,Blue California,07/20/2009,no questions
279,Phosphatidylserine derived from fish,Enzymotec Ltd.,07/25/2009,no questions
280,Whole and milled flaxseed,Flax Canada 2015,08/24/2009,no questions
281,Lactobacillus rhamnosus strain HN001 produced in a milk-based medium,Fonterra Co-operative Group,08/31/2009,no questions
282,Rebaudioside A purified from the leaves of Stevia rebaudiana (Bertoni) Bertoni,"Sweet Green Fields, LLC",08/11/2009,no questions
283,Stearidonic acid soybean oil,Monsanto Company,09/04/2009,no questions
284,Bakers yeast mannoprotein,DSM Food Specialties,08/28/2009,no questions
285,Galacto-oligosaccharides,GTC Nutrition,09/04/2009,no questions
286,Galacto-oligosaccharides,GTC Nutrition,09/04/2009,no questions
287,Purified steviol glycosides with rebaudioside A and stevioside as the principal components,Wisdom Natural Brands,08/28/2009,no questions
288,Lactobacillus rhamnosus strain HN001,Fonterra Co-operative Group,11/01/2009,no questions
289,Colicin E1 purified from Escherichia coli,"Ivy Animal Health, Inc.",06/25/2009,withdrawn
290,L-arginine,"Ranzell Nickelson II, Ph.D.",11/02/2009,no questions
291,Crystalline lutein,Industrial Organica S.A. de C. V.,11/06/2009,no questions
292,Cellulase enzyme preparation derived from a genetically modified strain of Myceliophthora thermophila,Dyadic International (USA) Inc.,09/29/2009,no questions
293,Glutathione,"Kohjin Co., Ltd.",12/22/2009,no questions
294,Haematococcus pluvialis extract containing astaxanthin esters,"Fuji Chemical Industry Co., Ltd.",01/06/2010,no questions
295,Aqueous extract of Emblica officinalis,"Natreon, Inc.",11/23/2009,withdrawn
296,Lipase enzyme preparation from a genetically modified strain of Aspergillus niger,DSM Food Specialties,10/01/2009,no questions
297,Erythritol fatty acid esters,Stepan Company,12/15/2009,no questions
298,Silicon dioxide,Cabot Corporation,10/09/2009,withdrawn
299,Lycopene from Escherichia coli expressing lycopene biosynthetic enzymes,"Echem Hightech Co., Ltd.",09/22/2009,withdrawn
300,Trisodium diphosphate,Chemische Fabrik Budenheim KG,12/16/2009,no questions
301,Siraitia grosvenorii Swingle (Luo Han Guo) fruit extract (SGFE),BioVittoria Ltd.,01/15/2010,no questions
303,Rebaudioside A purified from the leaves of Stevia rebaudiana (Bertoni) Bertoni,"Sunwin USA, LLC AND WILD Flavors",03/22/2010,no questions
304,Purified steviol glycosides with rebaudioside A and stevioside as the principal components,"Sunwin USA, LLC AND WILD Flavors",03/22/2010,no questions
305,Carnobacterium maltaromaticum strain CB1 (viable and heat-treated),Griffith Laboratories,04/19/2010,no questions
306,Soybean oil with reduced palmitic and linolenic acids and increased oleic acid,Monsanto Company,04/07/2010,no questions
307,Palm oil-derived tocols with tocotrienols and α-tocopherol as the principal components,Malaysian Palm Oil Board TAS America,04/23/2010,no questions
308,L-leucine,"Ajinomoto Aminoscience, LLC",04/30/2010,no questions
309,Beta-glucan derived from Aureobasidium pullulans,"Glucan Corporation, Limited",06/14/2010,no questions
310,Potato fiber,J. Rettenmaier USA LP,06/10/2010,no questions
311,Krill-based phosphatidylserine,Enzymotec Ltd.,06/15/2010,no questions
312,Synthetic dihydrocapsiate,"Ajinomoto USA, Inc.",06/06/2010,no questions
313,Beef protein,"Proteus Industries, Inc.",08/11/2010,no questions
314,Pork protein,"Proteus Industries, Inc.",08/11/2010,no questions
315,Transglucosidase enzyme preparation from Trichoderma reesei expressing the gene encoding transglucosidase from Aspergillus niger,"Genencor, a Danisco Division",05/04/2010,no questions
316,Sodium potassium hexametaphosphate,ICL Performance Products LP,06/28/2010,no questions
317,L-arginine,"Edge Food Products, LLC",07/12/2010,no questions
318,Rebaudioside A purified from the leaves of Stevia rebaudiana (Bertoni) Bertoni,"Pyure Brands, LLC",05/15/2010,no questions
319,Micro-algal oil Ulkenia sp. SAM2179,Lonza Ltd.,08/04/2010,no questions
320,"Palm oil-derived carotenoids with β-carotene, α-carotene, γ-carotene, and lycopene",Malaysian Palm Oil Board TAS America,09/03/2010,no questions
321,Synthetic amorphous silica,Cabot Corporation,08/18/2010,no questions
322,Aqueous extract of Emblica officinalis,"Natreon, Inc.",06/16/2010,withdrawn
323,Purified steviol glycosides with rebaudioside A and stevioside as the principal components,"PureCircle USA, Inc.",07/09/2010,no questions
324,Heat-killed Lactobacillus plantarum,House Wellness Foods Corporation,07/07/2010,withdrawn
325,Olestra,The Procter & Gamble Company,08/30/2010,no questions
326,Arachidonic acid rich oil from M. alpina strain I 49 -N 18,"Cargill, Inc.",10/24/2010,no questions
327,Cruciferin-rich canola/rapeseed protein isolate and napin-rich canola/rapeseed protein isolate,Archer Daniels Midland Company,08/23/2010,no questions
328,"Polysaccharide complex of konjac glucomannan (konjac), sodium alginate, and xanthan gum (polysaccharide complex KAX)","Inovo Biologic, Inc.",05/20/2011,rejected
329,Rebaudioside A purified from the leaves of Stevia rebaudiana (Bertoni) Bertoni,"GLG Life Tech, Ltd.",09/10/2010,no questions
330,Algal flour ( Chlorella protothecoides ),"Solazyme, Inc.",06/01/2010,withdrawn
331,Algal oil ( Chlorella protothecoides ),"Solazyme, Inc.",06/01/2010,withdrawn
332,Oil from the seeds of the Korean pine ( Pinus koraiensis ) (Korean-pine nut oil),Lipid Nutrition B.V.,09/24/2010,no questions
333,Acid fungal protease enzyme preparation from Trichoderma reesei expressing the gene encoding acid fungal protease from T. reesei,"Genencor, a Danisco Division",09/24/2010,no questions
334,Galacto-oligosaccharides,"Yakult Pharmaceutical Industry Co., Ltd.",10/27/2010,no questions
335,Pine tree phytosterol esters,Arboris LLC,10/27/2010,no questions
336,ε-Polylysine (polylysine),Purac Biochem b.v.,08/24/2011,no questions
337,Enzyme-modified steviol glycosides preparation (EMSGP),NOW Foods,06/17/2011,no questions
338,L-theanine extracted from tea leaves ( Camellia sinensis ),Blue California,11/05/2010,no questions
339,Polyglutamic acid,"Ajinomoto Corporate Services, LLC",11/06/2010,no questions
340,Theobromine,"Theocorp Holding Company, LLC",11/10/2010,withdrawn
341,Quercetin,Quercegen Pharma LLC,11/22/2010,no questions
342,Oat hull fiber,J. Rettenmaier USA LP,12/23/2010,no questions
343,Wheat bran extract composed primarily of xylo- and arabinoxylo-oligosaccharides,Fugeia NV,11/22/2010,no questions
344,Barley fiber,"Cargill, Incorporated",05/23/2011,no questions
345,Carboxypeptidase enzyme preparation from modified Aspergillus niger,DSM Food Specialties,12/22/2010,no questions
346,Freeze-dried fruit gac powder,"VitaGac, LLC",09/10/2010,withdrawn
347,Caffeine,"Phusion Projects, LLC",11/24/2010,withdrawn
348,Stevioside purified from the leaves of Stevia rebaudiana (Bertoni) Bertoni (stevioside),"GLG Life Tech, Ltd.",07/14/2011,no questions
349,Purified steviol glycosides with rebaudioside A and stevioside as the principal components,"GLG Life Tech, Ltd.",07/14/2011,no questions
350,"Saccharomyces cerevisiae strain P1Y0, a variant of S. cerevisiae parent strain UCD2034","Phyterra Yeast, Inc.",02/04/2011,no questions
351,Dunaliella bardawil,Nikken Sohonsha Corporation,02/11/2011,no questions
352,D-Tagatose,"CJ Cheiljedang, Inc.",02/01/2011,no questions
353,High-selenium yeast,Alltech,03/01/2011,no questions
354,Rebaudioside A purified from the leaves of Stevia rebaudiana (Bertoni) Bertoni (rebaudioside A),"Guilin Layn Natural Ingredients, Corp.",07/15/2011,no questions
355,Eicosapentaenoic acid (EPA)-rich triglyceride oil from Yarrowia lipolytica,DuPont Applied Biosciences,03/07/2011,no questions
356,Haematococcus pluvialis extract containing astaxanthin esters,Algatechnologies Ltd.,11/15/2010,withdrawn
357,Lactobacillus acidophilus NCFM,"Danisco USA, Inc.",04/19/2011,no questions
359,Siraitia grosvenorii Swingle (Luo Han Guo) fruit extracts (SGFE),Guilin Layn Natural Ingredients Corp.,04/11/2011,no questions
360,Hydrolyzed sardine protein,Katsuhiro Osajima Senmi Ekisu Co. Ltd.,05/16/2011,no questions
361,"1,4-α-D-glucan branching enzyme preparation","Takashi Kuriki Ezaki Glico Co., Ltd.",01/31/2011,withdrawn
362,Levocarnitine,"Northeast Pharmaceutical Group Co., Ltd. (NEPG)",03/09/2011,withdrawn
363,Calcium disodium ethylenediaminetetraacetic acid (EDTA) and disodium EDTA,Del Monte Foods,06/06/2011,no questions
364,"Bacteriophages LAND12, OLB1, TSRW1, DSMP1, DP1","OmniLytics, Inc.",03/16/2011,withdrawn
365,Rebaudioside A purified from the leaves of Stevia rebaudiana (Bertoni) Bertoni (rebaudioside A),BrazTek International Inc. d/b/a Rio Natural,08/18/2011,no questions
366,Oat hull fiber,"Z Trim Holdings, Inc.",04/06/2011,withdrawn
367,Purified steviol glycosides with rebaudioside A and stevioside as the principal components,"Sinochem Health Company, Ltd.",07/08/2011,no questions
369,Rebaudioside A purified from the leaves of Stevia rebaudiana (Bertoni) Bertoni,"Zhucheng Haotian Pharm Co., Ltd. C/O Shanghai Freemen Americas, LLC",10/11/2011,no questions
370,Xylooligosaccharide,"Shangdong Longlive Bio-technology Co., Ltd.",03/28/2011,withdrawn
371,Krill oil,EVP Documentation,07/22/2011,no questions
372,Glucoamylase enzyme preparation from Trichoderma reesei expressing the glucoamylase gene from T. reesei (glucoamylase enzyme preparation),"Genencor, a Danisco Division",07/25/2011,no questions
373,Rice bran fiber,"CJ America, Inc.",08/19/2011,no questions
374,Maleated isoprenyl polymer with methoxy-polyethylene glycol (MIP-MPEG),Revolymer Limited,08/16/2011,no questions
375,Enzyme-modified steviol glycosides,"Toyo Sugar Refining Co., Ltd. AND Nippon Paper Chemicals Co., Ltd.",09/02/2011,no questions
376,Milk mineral concentrate,Armour Proteines,10/11/2011,no questions
377,Bifidobacterium animalis subsp. lactis strain Bf-6,"Cargill, Inc.",09/29/2011,no questions
378,"Cultured [dairy sources, sugars, wheat, malt, and fruit- and vegetable-based sources] fermented by [Streptococcus thermophilus, Bacillus coagulans, Lactobacillus acidophilus, Lactobacillus paracasei subsp. paracasei, Lactobacillus plantarum, Lactobacillus sakei, Lactobacillus bulgaricus and Proprionibacterium freudenreichii subsp. shermanii or mixtures of these strains]",PURAC,03/26/2012,no questions
379,Tuna oil,Ocean Nutrition Canada Ltd,11/08/2011,no questions
380,Rebaudioside A purified from the leaves of Stevia rebaudiana (Bertoni) Bertoni (rebaudioside A),GLG Life Tech Corporation,11/28/2011,no questions
381,Phytic acid,"Tsuno Food Industrial Co., Ltd.",06/04/2012,no questions
382,Erythritol,"Baolingbao Biology Co., Ltd.",11/21/2011,no questions
383,Magnesium dihydrogen pyrophosphate (MDPP),Chemische Fabrik Budenheim KG,12/02/2011,no questions
384,Algal oil derived from Chlorella protothecoides strain S106 (Cp algal oil),"Solazyme, Inc.",06/13/2012,no questions
385,Lutein,OmniActive Health Technologies Ltd.,12/16/2011,no questions
386,Canola protein isolate and hydrolyzed canola protein isolate,BioExx Specialty Proteins Ltd.,12/28/2011,no questions
387,Plant-derived esterified and non-esterified sterols and stanols (phytosterols),"Cognis Corporation, Nutrition and Health",12/19/2011,no questions
388,Rebaudioside A purified from the leaves of Stevia rebaudiana (Bertoni) Bertoni (rebaudioside A),Chengdu Wagott Pharmaceutical,01/09/2012,no questions
389,Steviol glycosides with stevioside as the principal component,Chengdu Wagott Pharmaceutical,01/18/2012,no questions
390,Suspended lutein,Abbott Nutrition,01/09/2012,no questions
391,Spirulina ( Arthrospira platensis ),"E.I.D. Parry (India) Limited Parry Nutraceuticals Division ""Dare House""",10/06/2011,withdrawn
392,Oligofructose,Pfizer Nutrition and BENEO-Orafti,05/07/2012,no questions
393,Rebaudioside A purified from the leaves of Stevia rebaudiana (Bertoni) Bertoni (rebaudioside A),"Daepyung Co., Ltd.",01/23/2012,no questions
394,"Dried biomass of Arthrospira platensis , also known as Spirulina platensis (Spirulina)","RFI, Inc.",06/04/2012,no questions
395,Steviol glycosides with rebaudioside A and stevioside as the principal components,"Daepyung Co., Ltd.",01/24/2012,no questions
396,Chlorella vulgaris strain Beij,"RFI, Inc.",07/05/2012,withdrawn
397,Chitosan from Aspergillus niger,KitoZyme sa,12/19/2011,no questions
398,Vegetable oil and tall oil derived phytosterol and phytosterol ester formulations,Cargill Inc.,02/13/2012,no questions
400,D-psicose,"CJ Cheiljedang, Inc.",06/18/2012,no questions
401,Erythritol,O'Laughlin (Tianjin) Biotechnology Company,03/22/2012,no questions
402,Peroxidase enzyme preparation derived from a genetically modified strain of Aspergillus niger,DSM Food Specialties,11/23/2012,no questions
403,"Carnallite sea salt (magnesium chloride, potassium chloride, salt)",ICL Performance Products LP,05/15/2012,no questions
405,"1,4-α-glucan branching enzyme preparation from Geobacillus stearothermophilus strain TRBE14","Ezaki Glico Co., Ltd.",09/11/2012,no questions
406,"1,4-α-glucan branching enzyme preparation from Bacillus subtilis strain 168 expressing the glucan branching enzyme gene from Aquifex aeolicus strain VF5","Ezaki Glico Co., Ltd.",09/11/2012,no questions
407,"Polysaccharide complex of konjac glucomannan (konjac), sodium alginate, and xanthan gum (polysaccharide complex KAX)","Inovo Biologic, Inc.",04/10/2012,no questions
408,Sulfuric acid and sodium sulfate,"Advanced Food Technologies, LLC",03/06/2012,no questions
409,Lactobacillus reuteri strain NCIMB 30242,Micropharma Ltd.,01/10/2012,withdrawn
410,Lactobacillus reuteri strain DSM 17938,"Nestle Nutrition, U.S.",03/26/2012,no questions
411,Egg yolk-derived phospholipids,Laurent PHILIPPIN OVOLIFE,11/20/2012,no questions
412,Chitin-glucan from Aspergillus niger,KitoZyme sa,06/18/2012,no questions
413,Beta glucans derived from Ganoderma lucidum mycelium,"Super Beta Glucan, Inc.",08/10/2012,no questions
414,L-lysine monohydrochloride,The Procter & Gamble Company,11/20/2012,no questions
415,Heat-killed Propionibacterium freudenreichii ET-3 culture (powder),"Meiju Co., Ltd.",12/26/2012,no questions
416,Lutein diacetate,Industrial Organica S.A. de C. V.,03/20/2012,withdrawn
417,Dried biomass of Arthrospira platensis also known as Spirulina platensis (spirulina),"E.I.D. Parry (India) Limited Parry Nutraceuticals Division ""Dare House""",08/10/2012,no questions
418,Rebaudioside A purified from the leaves of Stevia rebaudiana (Bertoni) Bertoni (rebaudioside A),"MiniStar International, Inc.",06/07/2012,no questions
419,L-alpha-glycerylphosphorylcholine,"ChemiNutra, Inc.",11/20/2012,no questions
420,Calcium acid pyrophosphate,"Innophos, Inc.",08/10/2012,no questions
421,Sucrose fatty acid esters,Libaeration Ltd.,08/10/2012,no questions
422,Modified baker's yeast Saccharomyces cerevisiae,Functional Technologies Corporation,08/31/2012,no questions
423,Cow's milk-derived lactoferrin,"Morinaga Milk Industry Co., Ltd",05/02/2012,withdrawn
424,"C-c-phycocyanin-enriched water extract of the cyanobacterium Arthrospira maxima or Arthrospira platensis , (also known as Spirulina maxima or Spirulina platensis )","Desert Lake Technologies, LLC",12/06/2012,no questions
425,Canola oil (low erucic acid rapeseed oil),Danone Trading B.V.,11/20/2012,no questions
426,Rice hull fiber,"RIBUS, Inc.",05/29/2012,withdrawn
428,Asparaginase enzyme preparation from genetically modified Aspergillus niger,DSM Food Specialties,11/26/2012,no questions
429,Lactobacillus casei strain Shirota,"Yakult Honsha Co., Ltd.",12/10/2012,no questions
430,Sugar beet fiber,Nordic Sugar A/S,03/06/2013,no questions
431,Colostral whey protein concentrate,"Sterling Technology, Inc.",10/12/2012,withdrawn
432,Lutein diacetate,Industrial Organica S.A. de CV,11/14/2012,no questions
433,Poloxamer fatty acid esters,Chemical Products Corporation,08/03/2012,withdrawn
434,Dried aqueous extract derived from white kidney bean ( Phaseolus vulgaris ),"Pharmachem Laboratories, Inc.",10/10/2012,withdrawn
436,Enzyme-modified dextrins,Roquette Freres,01/18/2013,no questions
437,Beta-glucans from oat bran,"Garuda International, Inc.",01/27/2013,no questions
438,Plant stanol esters,"Raiso Nutrition Ltd., Benecol Division",01/16/2013,no questions
439,Iron complex of tartaric acid,Akzo Nobel Industrial Chemicals BV,11/09/2012,withdrawn
440,Lactobacillus reuteri strain NCIMB 30242,Micropharma Ltd.,02/12/2013,no questions
441,Sodium ferrous citrate,"Eisai Food and Chemical Co., Ltd.",05/10/2013,no questions
442,Volatile oil of mustard (white),"ConAgra Foods, Inc.",01/03/2013,withdrawn
443,Shrimp-derived chitosan,Primex ehf,02/11/2013,withdrawn
444,Milk protein concentrate and milk protein isolate,American Dairy Products Institute and U.S. Dairy Export Council,03/18/2013,withdrawn
445,"Bifidobacterium animalis subsp. lactis strains HN019, Bi-07, Bl-04 and B420","Danisco USA, Inc.",04/10/2013,no questions
446,Red grape pomace extract,Groupe GRAP'SUD,04/15/2013,no questions
447,Potato protein isolates,Solanic B.V.,05/24/2013,no questions
448,Enzyme-modified steviol glycosides,"Daepyung Co., Ltd.",05/03/2013,no questions
449,Medium chain triglycerides,"Lonza, Inc.",02/19/2014,withdrawn
450,Chlorella protothecoides S106 flour with 40-70% lipid,"Solazyme Roquette Nutritionals, LLC",04/19/2013,withdrawn
451,Calcium ascorbate with added threonate,The Ester C Company,08/05/2013,no questions
452,Enzyme-modified steviol glycosides,"Daepyung Co., Ltd.",07/01/2013,no questions
453,Bifidobacterium breve M-16V,"Morinaga Milk Industry Co., Ltd",09/27/2013,no questions
454,Bifidobacterium breve M-16V,"Morinaga Milk Industry Co., Ltd",09/27/2013,no questions
455,Bifidobacterium breve M-16V,Danone Trading B.V.,09/30/2013,no questions
456,Rebaudioside D purified from the leaves of Stevia rebaudiana (Bertoni) Bertoni (rebaudioside D),"PureCircle USA, Inc.",07/01/2013,no questions
457,Bacteroides xylanisolvens strain DSM 23964,Avitop GmbH,12/16/2013,no questions
458,Xylooligosaccharides,"Shandong Longlive Bio-technology Co., Ltd.",08/23/2013,no questions
459,Olive pulp extract,Phenofarm s.r.l.,03/25/2013,withdrawn
460,Curcuminoids purified from turmeric ( Curcuma longa L.),Sabinsa Corporation,08/23/2013,no questions
461,Rebaudioside A purified from the leaves of Stevia rebaudiana (Bertoni) Bertoni (rebaudioside A),Almendra Limited,08/14/2013,no questions
462,Lipase enzyme preparation from modified Pseudomonas fluorescens Biovar I,Verenium Corporation,06/06/2013,no questions
463,"Lactobacillus acidophilus strain NP 28, Lactobacillus acidophilus strain NP51, Lactobacillus subsp. lactis strain NP7, and Pediococcus acidilactici strain NP3","Guardian Food Technologies, LLC",01/16/2014,withdrawn
466,Polyglycerol polyricinoleic acid,"McCormick & Company, Inc.",09/25/2013,no questions
467,Rebaudioside A purified from the leaves of Stevia rebaudiana (Bertoni) Bertoni,"Qufu Xiangzhou Stevia Products Co., Ltd.",11/25/2013,no questions
468,"Preparation containing the bacterial monophages, Fo1a and S16, specific to Salmonella",Micreos B.V.,12/23/2013,no questions
469,Chlorella protothecoides strain S106 flour with 40-70% lipid (algal flour),"Solazyme Roquette Nutritionals, LLC",06/07/2013,no questions
470,Ethyl cellulose,Dow Wolff Cellulosics,12/16/2013,no questions
471,Annatto seed extract,"American River Nutrition, Inc.",05/19/2014,no questions
472,Xylanase enzyme preparation derived from Bacillus licheniformis carrying a gene encoding a modified xylanase from B. licheniformis,"Novozymes North America, Inc.",01/10/2014,no questions
473,Purified steviol glycosides with rebaudioside X as the principal component,"PureCircle, Ltd.",12/17/2013,no questions
474,Piperine derived from the fruits of Piper nigrum L (black pepper) or P. longum (long pepper),Sabinsa Corporation,09/19/2013,withdrawn
475,Citrus fruit extract,"BIOSECUR Lab, Inc.",05/08/2014,no questions
476,Asparaginase enzyme preparation produced by genetically modified Bacillus subtilis,"Novozymes North America, Inc.",02/03/2014,no questions
477,Long-chain inulin,Danone Trading B.V.,03/04/2014,no questions
478,Rice hull fiber,SunOpta Ingredients Group,09/14/2015,no questions
479,"Beta-glucanase, cellulase, and xylanase enzyme preparation from Talaromyces emersonii",DSM Food Specialties,03/07/2014,no questions
480,Dried aqueous extract derived from white kidney bean ( Phaseolus vulgaris ),"Pharmachem Laboratories, Inc.",05/30/2014,no questions
481,Meso-zeaxanthin,Industrial Organical S.A. de C.V.,04/11/2014,no questions
482,Beta-glucanase and xylanase enzyme preparation from Disporotrichum dimorphosporum,DSM Food Specialties,07/03/2014,no questions
483,Aqueous extract of Emblica officinalis,"Natreon, Inc.",04/17/2014,no questions
484,Galacto-oligosaccharides,"Clasado, Inc.",05/08/2014,no questions
485,Beta-galactosidase enzyme preparation,"Clasado, Inc.",04/15/2014,no questions
486,Oil from the seeds of Buglossoides arvensis,"Technology Crops International, LLC",12/23/2014,no questions
487,Dried citrus pulp,"Fiberstar, Inc.",06/06/2014,no questions
488,Benzalkonium chloride,"Marvel Technologies USA, LLC",05/15/2014,withdrawn
489,Galacto-oligosaccharides,"International Dairy Ingredients, Inc.",05/22/2014,no questions
491,Rooster combs extract,Bioberica S.A.,06/06/2014,no questions
492,Phytosterols and phytosterol esters,Vitae Naturals,06/24/2014,no questions
493,High purity steviol glycosides (minimum purity 95%),GLG Life Tech Corporation,05/30/2014,no questions
494,"Fatty acid ethyl ester from anchovy or menhaden oil, standardized to approximately 50 percent palmitoleic acid","Tersus Pharmaceuticals, LLC",12/16/2014,no questions
495,Galacto-oligosaccharides,Clasado Inc.,05/30/2014,no questions
496,Aqueous extract of Brassica oleracea var. italica Plenck seeds.,Brassica Products LLC,01/11/2016,no questions
497,Polyphenols from the fruit of Litchi chinensis Sonn. and from leaves of Camellia sinensis (L.) Sinensis,"Amino Up Chemical Co., Ltd.",06/12/2014,no questions
498,D-psicose,"Matustani Chemical Industry Company, Ltd.",06/12/2014,no questions
499,Magnesium L-threonate hydrate,"Magceutics, Inc.",09/03/2014,no questions
500,Hydroethanolic extract of Caralluma fimbriata,GE Nutrients,08/11/2014,no questions
501,L-theanine (chemically synthesized),"Zhejiang Tianrui Chemical Co., Ltd.",07/30/2014,no questions
502,Lactobacillus acidophilus La-14,"Danisco USA, Inc.",08/19/2014,no questions
503,Tamarind seed polysaccharide,"DSP GOKYO FOOD & CHEMICAL Co., Ltd.",08/12/2014,no questions
504,Milk protein concentrate and milk protein isolate,American Dairy Products Institute/U.S. Dairy Export Council,11/21/2014,no questions
505,Phosphodiesterase I enzyme preparation from Leptographium procerum,DSM Food Specialties,08/12/2014,no questions
506,"Sacha inchi oil, a vegetable oil derived from Plukenetia volubilis .",Agronidustrias Amasonicas S.A./Agronidustrias OSHO S.A.C./Amazon Health Products,09/10/2014,no questions
507,Amylomaltase enzyme preparation from Bacillus amyloliquefaciens carrying an amylomaltase gene from Thermus thermophiles,DSM Food Specialties,09/11/2014,no questions
509,Glucose oxidase enzyme preparation derived from Penicillium chrysogenum,"Shin Nihon Chemical Co., Ltd.",11/06/2014,no questions
510,Acid lactase from Aspergillus oryzae expressed in Aspergillus niger,DSM Food Specialties,09/29/2014,no questions
511,Citric acid esters of mono- and diglycerides,Nestle Nutrition U.S.,11/10/2014,no questions
512,High purity Rebaudioside M,GLG Life Tech Corporation,10/24/2014,no questions
513,"Dried biomass of Euglena gracilis containing beta-1,3-glucan from Euglena gracilis","Algaeon, Inc.",07/09/2014,withdrawn
514,Sucrose fatty acid esters,Sisterna B.V.,12/03/2014,no questions
515,D-beta-hydroxybutyrate ester,TdeltaS Limited,03/05/2015,no questions
516,Steviol glycosides with rebaudioside A and stevioside as the principal components,Almenda (Thailand) Limited,10/31/2014,no questions
517,Natamycin,DSM Food Specialties B.V.,11/21/2014,no questions
518,Galacto-oligosaccharides,New Francisco Biotechnology Corporation,12/22/2014,no questions
519,Chlorella protothecoides strain S106 flour with 40-75% protein,"Solazyme, Inc.",12/23/2014,no questions
520,Hydrogen gas,"MitoGene Beverage Company, LLC",11/28/2014,no questions
521,Conjugated linoleic acid isomers,INNOBIO Limited,12/08/2014,no questions
522,Siraitia grosvenorii Swingle (Luo Han Guo) fruit extract,GLG Life Tech Corporation,12/08/2014,no questions
523,l-leucine,INNOBIO Limited,12/11/2014,no questions
525,Pea fiber,Fuji Oil Company Limited,09/24/2014,no questions
526,Bacillus coagulans strain Unique IS2 spores preparation,Unique Biotech Limited,03/23/2015,no questions
527,Algal oil (87% oleic acid) derived from Prototheca moriformis strain S2532,"Solazyme, Inc.",02/06/2015,no questions
528,"Preparation containing six bacterial monophages (LIST-36, LMSP-25, LMTA-34, LMTA-57, LMTA-94 and LMTA-148) specific to Listeria monocytogenes","Intralytix, Inc.",12/23/2014,no questions
529,Seed of Phalaris canariensis L. (canary seed),Canaryseed Development Commission of Saskatchewan,01/29/2015,no questions
530,Extract of Apocynum venetum leaves,"Tokiwa Phytochemical Co., LTD",11/05/2014,withdrawn
531,Lactobacillus fermentum CECT5716,"Biosearch Life, S.A.",03/20/2015,no questions
532,Complexation products of sodium tartrates with iron (III) chloride,Nobian Industrial Chemicals B.V.,02/06/2015,no questions
533,Canola-derived lecithin/lysolecithin,American Lecithin Company,03/20/2015,no questions
534,Hydrogenated lecithin from soy,American Lecithin Company,12/22/2014,no questions
535,Beta-glucanase from Streptomyces violaceoruber,Nagase America Corporation,02/03/2015,no questions
536,High purity rebaudioside C,GLG Life Tech Corporation,02/12/2015,no questions
538,Potassium-rich extract from Saccharum officinarum L. (sugarcane),"Nutraceutical and Natural Products AG and Department of Agriculture, Fisheries, and Forestry (Australia)",04/19/2015,no questions
539,Fish meal-based lipid extract,Enzymotec Ltd.,06/15/2015,withdrawn
540,Soybean leghemoglobin from Pichia pastoris,"Impossible Foods, Inc.",11/10/2015,withdrawn
541,Insoluble fiber from citrus peel,Ceamsa,03/24/2015,no questions
542,Lutein,INNOBIO Limited,03/16/2015,no questions
543,Lutein esters,INNOBIO Limited,03/16/2015,no questions
544,β-glucans from oat bran,Tate and Lyle,05/05/2015,no questions
545,Phosphatidylserine derived from sunflower,Enzymotec,06/05/2015,no questions
546,2'-O-fucosyllactose,Glycom A/S,09/16/2015,no questions
547,Lacto- N -neotetraose,Glycom A/S,10/02/2015,no questions
548,High purity rebaudioside D,GLG Life Tech Corporation,04/22/2015,no questions
549,Sodium salts of fatty acids from Mortierella alpina oil,Jost Chemical Company,06/05/2015,withdrawn
550,Meso-zeaxanthin,INNOBIO Limited,03/27/2015,no questions
551,Aspartic protease derived from the flowers of Cynera cardunculus L.,"Fytozimus Biotech, Inc.",03/26/2015,no questions
552,Succinic acid,BioAmber Inc.,05/13/2015,no questions
553,Algal oil (40% docosahexaenoic acid) derived from Schizochytrium sp.,DSM Nutritional Products,06/19/2015,no questions
554,Synthetic amorphous silica,Evonik Corporation,05/14/2015,no questions
555,High purity steviol glycosides (minimum purity 95%) consisting primarily of rebaudioside A.,Procuctora Alysa SpA,04/21/2015,no questions
556,Siraitia grosvenorii Swingle (Luo Han Guo) fruit extract,"Hunan Huacheng Biotech, Inc.",06/17/2015,no questions
557,Polygalacturonase from Aspergillus tubingensis expressed in Trichoderma reesei,AB Enzymes GmbH,07/23/2015,no questions
558,Pectin esterase from Aspergillus tubingensis expressed in Trichoderma reesei,AB Enzymes GmbH,07/23/2015,no questions
559,Bacillus coagulans,"BiOWiSH Technologies, Inc.",04/02/2015,withdrawn
560,Bacillus licheniformis,"BiOWiSH Technologies, Inc.",04/02/2015,withdrawn
561,Bacillus pumilus,"BiOWiSH Technologies, Inc.",04/02/2015,withdrawn
562,Bacillus subtilis,"BiOWiSH Technologies, Inc.",04/02/2015,withdrawn
563,Protease from Fusarium venenatum,"Novozymes North America, Inc.",07/08/2015,no questions
564,Protease from Bacillus licheniformis,"Novozymes North America, Inc.",07/07/2015,no questions
566,Mannanase from Trichoderma reesei,AB Enzymes GmgH,05/21/2015,no questions
567,Xylanase from Trichoderma reesei,"Danisco USA, Inc.",05/08/2015,no questions
568,Apoaequorin,"Quincy Bioscience Manufacturing, Inc.",10/21/2015,withdrawn
569,Galacto-oligosaccharides (GOS),New Francisco Biotechnology Corporation,11/25/2015,no questions
570,Magnesium lactate,Exponent,01/26/2016,withdrawn
572,Lactase from Bifidobacterium bifidum produced in Bacillus licheniformis,"Novozymes North America, Inc.",08/28/2015,no questions
573,Calcium disodium ethylenediaminetetraacetate (EDTA),Exponent Inc.,10/22/2015,no questions
574,Phospholipase C from Pseudomonas fluorescens,DSM Food Specialties,07/23/2015,no questions
575,Oat protein,Tate & Lyle,09/18/2015,no questions
576,Oligofructose and inulin,"Nutricia North America, Inc.",12/09/2015,no questions
578,Natamycin,DM Food Specialties B.V,11/06/2015,no questions
579,Lactase from Bifidobacterium bifidum produced in Bacillus subtilis,Danisco US Inc.,11/05/2015,no questions
580,Haematococcus pluvialis extract containing astaxanthin esters,INNOBIO Limited,12/18/2015,no questions
581,Un-hydrolyzed and hydrolyzed pea protein,"World Food Processing, LLC",01/25/2016,no questions
583,Esterified propoxylated glycerol,"Choco Finesse, LLC",11/12/2015,no questions
584,Cellulase from Penicillium funiculosum,Danisco US Inc.,09/30/2015,no questions
585,1-methylcyclopropene complex,"Cellresin Technologies, LLC",01/29/2016,no questions
586,Taurine,Intertek Scientific & Regulatory Consultancy,12/09/2015,no questions
587,Acetolactate decarboxylase from Bacillus brevis produced in Bacillus licheniformis,"Novozymes North America, Inc.",09/08/2015,no questions
588,Zeaxanthin from Capsicum annum (paprika),OmniActive Health Technologies Ltd,02/29/2016,no questions
589,Xylanase from Aspergillus niger,DSM Food Specialties,09/17/2015,no questions
590,Pyrroloquinoline quinone,"Nascent Health Sciences, LLC",01/18/2016,withdrawn
591,Streptococcus salivarius K12,BLIS Technologies Ltd.,01/25/2016,no questions
592,β-glucanase from Bacillus subtilis,"Danisco US Inc., 925 Page Mill Road, Palo Alto, CA",10/07/2015,no questions
593,Colicin preparations,Nomad Bioscience GmbH,12/18/2015,no questions
594,α-amylase from Geobacillus stearothermophilus produced in Bacillus licheniformis,Danisco US Inc.,12/18/2015,no questions
595,gamma -aminobutyric acid,"Pharma Foods International Co., LTD.",11/10/2015,withdrawn
596,Breadfruit flour,PlantSMART Labs,02/21/2016,no questions
597,Bacillus coagulans SNZ1969 spore preparation,Sanzyme Limited,02/29/2016,no questions
598,Thermolysin enzyme preparation derived from Geobacillus stearothermophilus,"Amano Enzyme, Inc.",02/29/2016,no questions
599,Citrus fiber,"Cargill, Inc.",02/17/2016,no questions
600,Hydroxytyrosol,Seprox Biotech S.L,05/13/2016,no questions
601,Preparation of Bacillus coagulans strain MTCC 5856 spores,Sabinsa Corporation,04/28/2016,no questions
602,N-acetyl-D-neuraminic acid,Glycom A/S,02/01/2016,no questions
603,"Preparation containing the bacterial monophages, BP-63 and BP-12, specific to Salmonella",Phagelux,07/28/2016,no questions
604,Baker's Yeast ( Saccharomyces cerevisiae ) expressing asparaginase II,Renaissance BioScience Corporation,04/27/2016,no questions
605,Fructo-oligosaccharides,Tata Chemicals Limited,03/17/2016,no questions
606,Vinyl acetate-vinyl laurate copolymers,"Thomas Wimmer, PhD",05/27/2016,no questions
607,Glucosylated steviol glycosides (minimum purity 80%),PureCircle Limited,10/14/2016,no questions
608,Pea protein concentrate,,05/27/2016,no questions
611,"Fractionated whey protein isolate containing cows milk derived lactoferrin, lactoperoxidase, and transforming growth factor β2",Armor Protéines S.A.S,04/15/2016,withdrawn
612,"Fractionated whey protein isolate containing cows milk derived lactoferrin, lactoperoxidase, and transforming growth factor β2",Armor Protéines S.A.S,05/19/2016,withdrawn
614,Chromium polynicotinate,"Exponent, Inc.",04/12/2016,no questions
615,High-amylose cornstarch,"Yale University, Yale School of Medicine",06/24/2016,no questions
616,High-amylose cornstarch acetate,"Yale University, Yale School of Medicine",06/24/2016,no questions
617,α-amylase from Cytophaga sp. produced in Bacillus licheniformis,Danisco US Inc. (DuPont Industrial Biosciences),04/08/2016,withdrawn
618,Purified seawater,"Seawater Solutions, Inc.",05/27/2016,no questions
619,Purified steviol glycosides,PureCircle Ltd.,05/27/2016,no questions
620,Galacto-oligosaccharides,Nestle Nutrition,07/21/2016,no questions
621,Emulsified algal oil,"MyCell Technologies, LLC",05/13/2016,withdrawn
622,Emulsified fish oil,"MyCell Technologies, LLC",05/13/2016,withdrawn
623,Fructooligosaccharides,Hank Tsai,08/01/2016,no questions
624,D-allulose 3-epimerase from Arthrobacter globiformis M30 produced in Escherichia coli,Matsutani Chemical Industry Co. Ltd,08/18/2016,no questions
625,Pyrroloquinoline quinone disodium salt,"Nascent Health Sciences, LLC",08/18/2016,no questions
626,Steviol glycosides produced in Saccharomyces cerevisiae,"Cargill, Inc.",05/27/2016,no questions
627,Siraitia grosvenorii Swingle (Luo Han Guo) fruit juice concentrate,"JHeimbach, LLC",10/11/2016,no questions
628,"endo-1,4-beta-xylanase from Trichoderma reesei",AB Enzymes GmbH,09/14/2016,no questions
630,"Preparation containing the bacterial monophages, Fo1a and S16, specific to Salmonella",Micreos B.V.,05/17/2016,withdrawn
631,Triacylglycerol lipase from Fusarium oxysporum produced in Trichoderma reesei,AB Enzymes GmbH,07/18/2016,no questions
632,Rebaudioside A from Yarrowia lipolytica,"DSM Nutritional Products, LLC",06/24/2016,no questions
633,Concentrated milk protein with a ≥ 60:40 whey:casein ratio,Leprino Foods Company,09/21/2016,no questions
634,Calcium chloride,"PepsiCo, Inc.",08/08/2016,no questions
635,Nicotinamide riboside chloride,"ChromaDex, Inc.",08/03/2016,no questions
636,Phosphatidylserine derived from sunflower lecithin,"ECA Healthcare, Inc.",07/01/2016,withdrawn
637,Phosphatidylserine derived from soy lecithin,"ECA Healthcare, Inc.",08/04/2016,withdrawn
638,High purity steviol glycosides (minimum purity 97%) consisting primarily of rebaudioside A,Hunan Huacheng Biotech Inc.,07/10/2016,no questions
639,Zeaxanthin from marigold,"Kemin Foods, L. C.",09/28/2016,no questions
640,Esterified propoxylated glycerol,"Choco Finesse, LLC",09/21/2016,no questions
641,Pyrroloquinoline quinone disodium salt,Zhejiang Hisun Pharmaceutical Co. Ltd.,10/14/2016,no questions
642,Camelina oil,"CamStar, Inc",10/12/2016,no questions
643,Phosphatidylserine derived from fish,"ECA Healthcare, Inc.",07/01/2016,withdrawn
645,Pullulanase from Bacillus deramificans and Bacillus acidopullulyticus expressed in Bacillus licheniformis,"Novozymes North America, Inc.",11/01/2016,no questions
646,Pecan shell fiber,Southeastern Reduction Company,10/12/2016,no questions
647,D-psicose,Samyang Corporation,10/11/2016,withdrawn
649,β-galactosidase enzyme preparation from Bacillus circulans produced in Bacillus subtilis,"GenoFocus, Inc.",11/28/2016,no questions
651,Phospholipase A1 from Talaromyces leycettanus produced in Aspergillus niger,"Novozymes North America, Inc.",11/23/2016,no questions
652,Gamma linolenic acid safflower oil,"Arcadia Biosciences, Inc.",12/16/2016,no questions
653,Lysophospholipase from Aspergillus nishimurae expressed in Trichoderma reesei.,AB Enzymes GmbH,10/13/2016,no questions
654,Cocoa butter substitute manufactured using palm oil stearin and stearic acid,"IOI Loders Croklaan, USA, LLC",12/19/2016,no questions
656,Enzyme-modified steviol glycosides,GLG Life Tech Corporation,09/28/2016,no questions
657,Glucoamylase from Penicillum oxalicum produced in Aspergillus niger,Novozymes,11/23/2016,no questions
658,Grapefruit extract,Chemie Research and Manufacturing,09/28/2016,withdrawn
660,"Bacillus coagulans GBI-30, 6086 spores","Ganeden Biotech, Inc.",01/13/2017,no questions
661,Fucoidan concentrate from Fucus vesiculosus,Marinova Pty. Ltd.,02/10/2017,no questions
662,Glucosylated steviol glycosides (minimum purity 95%),PureCircle USA,09/29/2016,no questions
664,Alpha-amylase from Cytophaga sp. expressed in Bacillus licheniformis,Dupont,01/31/2017,no questions
665,Lactoperoxidase system,Taradon Laboratory,12/14/2016,withdrawn
666,Chondroitin sulfate sodium,Gnosis S.P.A.,03/15/2017,no questions
667,Rebaudioside M,Blue California,02/17/2017,no questions
668,Sodium formate,International Food Additives Council,03/09/2017,no questions
669,Cows milk-derived lactoferrin,Synlait Milk Ltd,03/09/2017,no questions
670,"Inactivated Bacillus coagulans GBI-30, 6086","Ganeden, Inc.",03/15/2017,no questions
672,Preparation containing five bacterial monophages specific to Shigella spp.,"Intralytix, Inc.",03/27/2017,no questions
673,Algal fat derived from Prototheca moriformis (S7737),"TerraVia Holdings (Previously Solazyme, Inc.)",03/27/2017,no questions
674,Isomalto-oligosaccharides,BioNeutra North America Inc.,07/05/2017,no questions
675,Xylanase enzyme preparation produced by Trichoderma reesei carrying a xylanase gene from Talaromyces leycettanus,Novozymes,04/06/2017,no questions
676,Colicin preparations,Nomad BioScience GmbH,05/15/2017,no questions
677,Docosahexaenoic acid oil produced in Schizochytrium sp.,Mara Renewables Corporation,05/02/2017,no questions
678,Alpha-cyclodextrin,Wacker Chemical Corporation,04/14/2017,withdrawn
679,Orange juice desugared by fermentation,Sumol + Compal Marcas S.A.,05/10/2017,no questions
680,Alpha-L-arabinofuranosidase from Talaromyces pinophilus produced by Trichoderma reesei,Novozymes North America,05/24/2017,no questions
681,Dried isomaltulose syrup,Evonik Creavis GmbH,06/21/2017,no questions
682,Canola lecithin,Cargill,07/07/2017,no questions
683,Canola protein isolate,"DSM Nutritional Products, LLC",05/10/2017,no questions
684,Mung bean protein isolate,"Hampton Creek, Inc.",08/04/2017,no questions
685,Lactobacillus plantarum strain 299v,Probi AB,10/31/2017,no questions
686,Curcumin from turmeric ( Curcuma longa L.),"DolCas Biotech, LLC",07/11/2017,no questions
689,Phospholipase C from Bacillus thuringiensis produced in Bacillus licheniformis,Novozymes,08/04/2017,no questions
690,Fruit and vegetable vitamin extract,Hogan Lovells US LLP,08/01/2017,withdrawn
691,Bacillus coagulans SANK 70258 spore preparation,Mitsubishi-Kagaku Foods Corporation,08/28/2017,no questions
693,D-psicose,Samyang Corporation,08/28/2017,no questions
694,Pyrroloquinoline quinone disodium salt (PQQ),Fuzhou Contay,09/28/2017,no questions
697,Dried biomass of Euglena gracilis,"Kemin Foods, L.C.",07/19/2017,withdrawn
698,Paramylon isolate from Euglena gracilis,"Kemin Foods, L.C.",07/19/2017,withdrawn
699,Trehalase from Myceliophthora sepedonium produced by Aspergillus niger,"Novozymes North America, Inc.",11/13/2017,no questions
700,Paracoccus carotinifaciens extract containing carotenoids,JX Nippon Oil & Energy Corporation,10/23/2017,no questions
701,Pyrroloquinoline quinone disodium salt,"Nutraland USA, Inc.",09/08/2017,no questions
702,Purified steviol glycosides,"Xinghua GL Stevia Co., Ltd.",09/28/2017,no questions
703,Alpha-glucosidase from Aspergillus niger produced by Trichoderma reesi,Danisco US Inc. (DuPont Industrial Biosciences),11/09/2017,no questions
704,Corn oil (by-product of ethanol production),"CoPack Strategies, LLC",10/10/2017,withdrawn
707,Glucose oxidase from Penicillium produced in Trichoderma reesei,AB Enzymes GmbH,11/24/2017,no questions
708,Triacylglycerol lipase from Rhizopus oryzae produced in Aspergillus niger,Advanced Enzyme Technologies Ltd.,10/10/2017,withdrawn
709,Pyrroloquinoline quinone disodium salt,"Shandong Jincheng Bio-Pharmaceutical Co., Ltd.",03/06/2018,no questions
710,Basic methacrylate copolymer,Ramboll Environ,12/08/2017,withdrawn
711,Glucan,"Nihon Shokuhin Kako Co., Ltd.",12/26/2017,no questions
713,Hydrolyzed pork cartilage,Rousselot BVBA; Darling Ingredients,04/05/2018,no questions
714,Subtilisin from Bacillus amyloliquefaciens produced in Bacillus subtilis,Danisco US Inc. (Dupont Industrial Biosciences),02/06/2018,no questions
715,Rebaudioside D,Blue California,10/24/2017,no questions
716,Bovine milk osteopontin,Arla Foods Ingredients Group P/S,02/01/2018,withdrawn
718,Calcium acid pyrophosphate,Chemische Fabrik Budenheim KG,10/17/2017,withdrawn
719,Orange pomace and enzyme-treated orange pomace,"PepsiCo, Inc.",12/26/2017,no questions
722,Lactobacillus plantarum Lp-115,Dupont Nutrition & Health,02/16/2018,no questions
723,Benzalkonium chloride,"Marvel Technologies USA, LLC",12/18/2017,withdrawn
724,Preparation containing six bacterial phages specific to shiga-toxin producing Escherichia coli,FINK TEC GmbH,04/10/2018,no questions
725,"Inactivated Bacillus coagulans GBI-30, 6086","Ganeden Biotech, Inc.",02/12/2018,no questions
726,Phenolic preparation from olive fruit,"DSM Nutritional Products, LLC.",02/28/2018,no questions
727,Trehalase from Trichoderma reesei produced in Trichoderma reesei,Danisco US Inc. (Dupont Industrial Biosciences),03/05/2018,no questions
728,Phospholipase C from Pseudomonas sp. 62186 produced in Bacillus licheniformis,"Novozymes North America, Inc.",11/13/2017,no questions
729,Galacto-oligosaccharides,"Neo Cremar, Co., Ltd.",03/27/2018,no questions
731,Docosahexaenoic acid oil produced in Schizochytrium sp.,"Linyi Youkang Biology Co., Ltd.",04/06/2018,no questions
732,Docosahexaenoic acid oil produced in Schizochytrium sp.,"Linyi Youkang Biology Co, Ltd.",04/06/2018,no questions
733,Purified steviol glycosides,Shangdong Shengxiangyuan Biotechnology,01/09/2018,no questions
734,Ergothioneine,Blue California,05/07/2018,no questions
736,Lactobacillus casei subsp. paracasei Lpc-37,DuPont Nutrition and Health,04/11/2018,no questions
737,Soy leghemoglobin preparation from a strain of Pichia pastoris,Impossible Foods Inc.,07/23/2018,no questions
738,Thaumatin,Nomad Bioscience GmbH,04/18/2018,no questions
739,Mannanase enzyme from Talaromyces leycettanus produced in Aspergillus niger,"Novozymes North America, Inc.",04/25/2018,no questions
742,Duckweed (subfamily Lemnoideae) powder,Parabel Ltd.,08/22/2018,no questions
743,β-galactosidase from Papiliotrema terrestris,"Amano Enzyme, Inc.",06/01/2018,no questions
744,Steviol glycosides consisting primarily of rebaudioside M,PureCircle Limited,03/23/2018,no questions
745,Steviol glycosides consisting primarily of rebaudioside M,PureCircle Limited,04/20/2018,no questions
746,Maltogenic amylase from Geobacillus stearothermophilus produced in Bacillus subtilis,AB Enzymes,06/13/2018,no questions
747,Calcium lactate,"PepsiCo, Inc.",06/01/2018,no questions
748,Tomato powder,IBR LTD,04/19/2018,withdrawn
749,2'-O-fucosyllactose,DuPont Nutrition & Health,04/23/2018,no questions
750,Beta-glucosidase from Aspergillus niger,DSM Food Specialties,10/02/2018,no questions
754,Algal oil (87% oleic acid) derived from Prototheca moriformis strain S6697,"Corbion Biotech, Inc.",07/23/2018,no questions
756,"Endo-1,4-beta-glucanase from Trichoderma reesei",AB Enzymes GmbH,09/12/2018,no questions
758,"Lactobacillus helveticus R0052, Bifidobacterium longum subsp. infantis R0033, and Bifidobacterium bifidum R0071",Lallemand Health Solutions,08/20/2018,no questions
759,Steviol glycosides consisting primarily of rebaudioside M produced in Yarrowia lipolytica,DSM Food Specialties / DSM Nutritional Products North America,05/25/2018,no questions
760,Lactobacillus curvatus DSM 18775,Chr. Hansen Inc.,01/29/2019,no questions
761,Esterified propoxylated glycerol,"Choco Finesse, LLC",05/25/2018,no questions
762,Carnobacterium divergens M35 preparation,"Fumoir Grizzly, Inc.",08/14/2018,withdrawn
763,Alpha-lactalbumin,"Agropur, Inc.",12/10/2018,no questions
764,Rebaudioside D,"Sichuan Ingia Biosynthetic Co., Ltd.",07/10/2018,no questions
766,3'-sialyllactose sodium salt,"GeneChem, Inc.",09/26/2018,no questions
767,Polyvinyl alcohol,MonoSol LLC,09/07/2018,no questions
768,Stevia leaf extract,"Cargill, Inc.",08/13/2018,no questions
769,Vitamin C (fruit and vegetable derived),NutriFusion LLC,10/23/2018,no questions
770,Potassium polyaspartate,"Enartis USA, Inc.",09/11/2018,no questions
772,Palmitoylated green tea catechins,"Kemin Industries, Inc.",12/13/2018,no questions
773,Dried biomass of Chlamydomonas reinhardtii,Triton Algae Innovations,02/22/2019,no questions
774,Glutaminase from Bacillus licheniformis produced in Bacillus licheniformis,"Novozymes North America, Inc.",11/26/2018,no questions
775,Colicin preparations,Nomad Bioscience GmbH,10/26/2018,no questions
776,Algal oil (35% docosahexaenoic acid) from Schizochytrium sp. strain FCC-1324,Fermentalg,10/26/2018,no questions
777,Algal oil (55% docosahexaenoic acid) from Schizochytrium sp. strain FCC-3204,Fermentalg,10/26/2018,no questions
779,Isomalto-oligosaccharide mixture,"Baolingbao Biology Co., Ltd.",10/19/2018,no questions
780,Rebaudioside M,Tate and Lyle,07/31/2018,no questions
781,Alpha-tocopherol (fruit and vegetable derived),NutriFusion LLC,11/05/2018,no questions
782,L-arabinose,"Sensus America, Inc.",08/29/2018,withdrawn
783,Triacylglycerol lipase from Rhizopus oryzae produced in Aspergillus niger,Advanced Enzyme Technologies Ltd,12/20/2018,no questions
784,Siraitia grosvenorii Swingle (Luo Han Guo) fruit juice concentrate,"Hunan Huacheng Biotech, Inc.",11/20/2018,no questions
785,Calcium chloride,"Wonderful Citrus, LLC",11/20/2018,no questions
786,Calcium propionate,"Wonderful Citrus, LLC",11/20/2018,no questions
788,Pea protein concentrate,"Yantai Oriental Protein Tech Co., Ltd.",10/12/2018,no questions
789,Erythritol,"Cargill, Inc.",02/20/2019,no questions
790,Steviol glycosides (minimum purity 95%),GLG Life Tech Corporation,02/26/2019,no questions
792,Cultured corn starch fermented by Corynebacterium glutamicum,"Nestec, S.A. (Nestle)",04/26/2019,no questions
793,Cultured corn starch fermented by Corynebacterium stationis,"Nestec, S.A. (Nestle)",04/26/2019,no questions
794,"Shiitake, pea, and rice protein fermented with Lentinula edodes",MycoTechnology Inc.,11/09/2018,withdrawn
795,Purified steviol glycosides,Steviana Bioscience (Suzhou) Inc.,09/25/2018,no questions
796,Orange extract (85% hesperidin),Ferrer HealthTech,02/20/2019,no questions
797,Fructooligosaccharides,New Francisco (Yunfu City) Biotechnology Corporation,11/15/2018,no questions
798,Saccharomyces cerevisiae strain yBBS002,"Berkeley Brewing Science, Inc.",08/13/2019,no questions
799,Rebaudioside M,"Sichuan Ingia Biosynthetic Co., Ltd.",09/25/2018,no questions
800,gamma-oryzanol,"Oryza Oil and Fat Chemical Co., Ltd.",03/08/2019,no questions
801,Chymosin enzyme from Camelus dromedarius produced in Aspergillus niger,Chr. Hansen Inc.,06/06/2019,no questions
802,Endolysin,Nomad BioScience GmbH,05/10/2019,no questions
803,Pea protein,Ingredion Incorporated and Shandong Jianyuan Bioengineering Co. Ltd.,11/08/2019,no questions
804,Pea protein,Burcon NutraScience Corporation,11/08/2019,no questions
807,Streptococcus salivarius M18,BLIS Technologies Ltd.,04/18/2019,no questions
808,Lipase from Aspergillus tubingensis produced in Trichoderma reesei,Danisco US Inc. (Dupont Industrial Biosciences),05/28/2019,no questions
809,Fractionated whey protein concentrate containing 41% alpha-lactalbumin,Arla Foods Ingredients P/S,05/06/2019,no questions
810,Lactobacillus paracasei subsp. paracasei strain F-19e,Arla Foods Ingredients Group P/S,04/05/2019,no questions
811,Phospholipase A1 produced by Aspergillus oryzae,Novozymes NA,07/19/2019,no questions
812,Rebaudioside M,"Amyris, Inc.",12/08/2018,no questions
813,Bifidobacterium longum BORI,"BIFICO CO., LTD",06/21/2019,no questions
814,Bifidobacterium bifidum BGN4,"BIFICO CO., LTD",06/25/2019,no questions
815,2'-fucosyllactose and difucosyllactose,Glycom A/S,08/20/2019,no questions
816,Xylooligosaccharides from sugarcane,"Prenexus Health, Inc.",04/29/2019,no questions
817,Serine endopeptidase from Malbranchea cinnamomea produced in Trichoderma reesei,AB Enzymes GmbH,08/26/2019,no questions
818,Isomalto-oligosaccharides,"Ingredion, Inc.",12/18/2019,no questions
819,Fatty acid ethyl esters from Alaskan Pollock,Organic Technologies,09/03/2019,no questions
820,Lactobacillus fermentum CECT5716,"Biosearch, S.A.",04/03/2019,withdrawn
821,Glucosylated steviol glycosides,Haigen-BGG Natural Ingredients Limited,05/07/2019,no questions
822,Curcumin,Laurus Labs Private Ltd.,06/04/2019,no questions
823,Rebaudioside E,Blue California,06/21/2019,no questions
824,Bacteriocin preparations specific to Salmonella,Nomad BioScience GmbH,10/21/2019,no questions
825,Beta-galactosidase from Kluyveromyces lactis,DSM Food Specialties,11/07/2019,no questions
827,Preparation containing three bacterial phages specific to several Escherichia coli serotypes,OmniLytics,08/12/2019,no questions
830,Chicory flour,"Blue Prairie Brands, Inc.",05/22/2019,withdrawn
831,Bacillus subtilis DE111,Deerland Probiotics and Enzymes,08/13/2019,no questions
832,Acid prolyl endopeptidase produced by Aspergillus niger,DSM Food Specialties B.V.,12/09/2019,no questions
833,Lacto- N -tetraose,Glycom A/S,10/07/2019,no questions
835,Ilex guayusa leaf extract,"Applied Food Sciences, Inc.",05/22/2019,withdrawn
836,Algal oil (50-60% docosahexaenoic acid) from Schizochytrium sp. HS01,"Xiamen Huison Biotech Co., LTD",09/03/2019,no questions
838,Purified steviol glycosides,"Jiang Su Svetia Biotechnology Co., Ltd.",07/12/2019,no questions
839,Purified steviol glycosides,Sinochem Health Company Ltd.,07/08/2019,no questions
840,Lactobacillus paracasei strain F19,Arla Foods Ingredients Group P/S,08/27/2019,no questions
841,Saccharomyces cerevisiae expressing L-lactate dehydrogenase from Rhizopus oryzae,Mascoma LLC,03/10/2020,no questions
842,Maltogenic alpha-amylase,Mascoma LLC,01/21/2020,no questions
843,Algal oil (35% docosahexaenoic acid) from Schizochytrium sp. strain FCC-1324,Fermentalg,10/18/2019,no questions
844,Algal oil (55% docosahexaenoic acid) from Schizochytrium sp. strain FCC-3204,Fermentalg,10/18/2019,no questions
845,Lactobacillus rhamnosus LGG,"Chr. Hansen, Inc.",10/30/2019,withdrawn
846,Rebaudioside M,GLG Life Tech Corporation,08/23/2019,no questions
847,Lactobacillus plantarum ECGC 13110402,ProBiotix Health Ltd.,09/30/2019,no questions
848,Pea and rice protein fermented by shiitake mycelia,"Myco Technology, Inc.",01/09/2020,no questions
849,Inulin from artichoke,"Intrinsic Organics, LLC",10/30/2019,no questions
850,Olein from shea tree nut extract,BUNGE Loders Croklaan BV,03/20/2020,no questions
851,Pea protein,Roquette Freres,04/15/2020,no questions
852,2'-fucosyllactose,BASF SE,11/15/2019,no questions
853,Lysozyme produced by Trichoderma reesei,Novozymes NA,05/27/2020,no questions
854,Agave mixed fructans from Agave tequilana,IIDEA (Industrializadora Integral del Agave SA de CV),01/21/2020,no questions
855,Bifidobacterium animalis subsp. lactis strain R0421,Lallemand Health Solutions,02/05/2020,no questions
856,Bifidobacterium animalis subsp. lactis strain BB-12,"Chr. Hansen, Inc.",12/09/2019,no questions
857,Phospholipase A1 produced by Aspergillus niger,DSM Food Specialties,12/20/2019,no questions
858,Glucosylated steviol glycosides,"Qufu Shengren Pharmaceutical Co., Ltd",10/04/2019,no questions
861,Pullulanase from Bacillus deramificans produced in Bacillus subtilis,GenScript/Bestzyme,07/21/2020,no questions
862,Algal oil (40% docosahexaenoic acid) from Schizochytrium sp. strain ONC-T18,BASF Corporation,06/15/2020,no questions
863,β-lactoglobulin produced by Trichoderma reesei,"Perfect Day, Inc.",03/25/2020,no questions
864,Bacillus coagulans SNZ 1969 spore preparation,Sanzyme Biologics Pvt. Ltd.,02/06/2020,no questions
865,Lactobacillus acidophilus NCFM,"Dupont Nutrition and Biosciences (Danisco USA, Inc.)",03/10/2020,no questions
868,Coffee fruit extract,"VDF FutureCeuticals, Inc.",03/24/2020,no questions
869,Ilex guayusa leaf aqueous extract,"Applied Food Sciences, Inc.",03/20/2020,no questions
870,Ilex guayusa leaf hydroethanolic extract,"Applied Food Sciences, Inc.",03/20/2020,no questions
871,Lactobacillus acidophilus DDS-1,"UAS Laboratories, LLC",10/23/2019,no questions
872,Bifidobacterium animalis subsp. lactis UABla-12,"UAS Laboratories, LLC",12/09/2019,no questions
873,Cranberry extract,"Ocean Spray Cranberries, Inc.",05/06/2020,no questions
875,Bifidobacterium animalis subsp. lactis AD011,"BIFIDO CO., LTD.",10/30/2019,withdrawn
877,Bifidobacterium longum BB536,"Morinaga Milk Industry Co., Ltd.",12/26/2019,no questions
879,Fava bean protein isolate,"Yantai T.FULL Biotech Co., Ltd",03/23/2020,no questions
880,3'-sialyllactose sodium salt,Glycom A/S,02/21/2020,no questions
881,6'-sialyllactose sodium salt,Glycom A/S,02/24/2020,no questions
883,Ilex guayusa leaf aqueous extract,All Market Inc.,04/28/2020,no questions
884,Rice bran extract,"Florida Food Products, LLC",08/19/2020,no questions
885,Vinyl acetate-vinyl laurate copolymer,Wacker Chemie AG,04/22/2020,no questions
887,Menaquinone-7,Synergia Life Sciences Pvt. Ltd.,06/12/2020,no questions
889,Spermidine rich wheat germ extract,TLL The Longevity Labs GmbH,03/20/2020,withdrawn
891,Cellulase produced by Trichoderma reesei,Novozymes North America Inc.,10/20/2020,no questions
893,D-psicose,Tate & Lyle,06/05/2020,withdrawn
894,White mulberry leaf extract,Phynova Group Limited,11/19/2020,withdrawn
895,Lacto- N -neotetraose,Glycom A/S,12/03/2020,no questions
896,Alpha-galacto-oligosaccharides,Olygose,09/18/2020,no questions
897,2'- O -fucosyllactose,DuPont Nutrition and Health,06/12/2020,no questions
898,Anhydrous milk fat,Hogan Lovells US LLP,10/28/2020,no questions
899,Citric acid esters of mono- and diglycerides,Hogan Lovells US LLP,10/30/2020,no questions
900,Corn oil,Hogan Lovells US LLP,10/30/2020,no questions
901,Glucosyl hesperidin,"Hayashibara Co., Ltd.",11/09/2020,no questions
902,Neohesperidin dihydrochalcone,"HealthTech BioActives, S.L.U.",11/23/2020,no questions
903,Quillaia extract type 2,Naturex SA,04/21/2021,no questions
904,Fungal protein from fermented Fusarium sp. mycelia,Natures Fynd,03/26/2021,no questions
905,Bacillus subtilis SG188,SporeGen Ltd,06/08/2020,no questions
906,Wheat seed polar lipids,SEPPIC Air Liquide Healthcare,08/24/2020,no questions
907,Wheat seed oil,SEPPIC Air Liquide Healthcare,08/21/2020,no questions
910,Thaumatin II,Nomad BioScience GmbH,09/09/2020,no questions
911,Rebaudioside I,Blue California,06/08/2021,no questions
912,Trehalose,c-LEcta GmbH,10/01/2021,withdrawn
913,Algal oil (minimum 35% DHA),Mara Renewables Corporation,11/10/2020,no questions
914,Alpha-linolenic acid diacylglycerol,Kao Corporation,03/15/2021,no questions
915,Calcium L-methylfolate,DSM Nutritional Products,02/23/2021,no questions
918,Partially defatted almond protein flour,Blue Diamond Growers,07/07/2021,no questions
919,Lacto- N -neotetraose,Jennewein Biotechnologie GmgH,10/30/2020,no questions
920,Thaumatin II,Nomad BioScience GmbH,11/24/2020,no questions
921,3'-sialyllactose sodium salt,Jennewein Biotechnologie GmgH,10/30/2020,no questions
922,6'-sialyllactose sodium salt,Jennewein Biotechnologie GmgH,04/23/2021,no questions
923,Lacto- N -tetraose,Jennewein Biotechnologie GmgH,02/02/2021,no questions
924,2'-fucosyllactose,Jennewein Biotechnologie GmbH,11/23/2020,withdrawn
925,3-fucosyllactose,Jennewein Biotechnologie GmgH,02/08/2021,no questions
927,Polyvinyl alcohol,Adept Limited,02/26/2021,no questions
928,Dried Saccharomyces cerevisiae yeast fermentate,"Cargill, Inc.",05/14/2021,no questions
929,2'-fucosyllactose,Jennewein Biotechnologie GmbH,02/26/2021,no questions
931,Creatine monohydrate,AlzChem Trostberg GmbH,11/12/2020,no questions
936,Leuconostoc carnosum DSM 32756,"Chr. Hansen, Inc.",04/19/2021,no questions
937,Staphylococcus carnosus DSM 25010,"Chr. Hansen, Inc.",04/21/2021,no questions
938,Pichia kluyveri DSM 33235,"Chr. Hansen, Inc.",04/14/2021,no questions
940,Phospholipase A2 enzyme from Sus scrofa (wild pig) produced by Yarrowia lipolytica,Biocatalysts Limited,05/12/2021,no questions
941,Oat polar lipid extract,Swedish Oat Fiber,06/11/2021,withdrawn
942,Whey permeate,"ProLiant Dairy, LLC",12/21/2020,withdrawn
944,Rice protein hydrolysate,BASF Corporation,10/08/2021,no questions
945,Fungal protein from Fusarium sp. mycelia,3F BIO Limited,04/22/2022,no questions
946,Lactobacillus plantarum strain DSM 33452,"Chr. Hansen, Inc.",02/05/2021,no questions
947,Cacao pulp and cacao fruit juice concentrate,CABOSSE Naturals NV,12/21/2021,no questions
948,Enzyme-treated pea protein,"Yantai Oriental Protein Tech Co., Ltd.",09/09/2021,no questions
949,Bacillus coagulans strain DSM 17654 spore preparation,Advanced Enzymes Technologies Ltd.,01/07/2021,no questions
950,Bifidobacterium longum subsp. infantis DSM 33361,"Chr. Hansen, Inc.",03/01/2021,no questions
951,3-fucosyllactose,"Danisco, USA",08/12/2021,no questions
952,Bifidobacterium animalis subsp. lactis strain AD011,"BIFIDO Co., Ltd.",03/17/2021,no questions
953,"Lactobacillus plantarum strain CECT 7527, CECT 7528, and CECT 7529","Kaneka Americas Holding, Inc",02/05/2021,no questions
954,Fibrillated cellulose,"Vireo Advisors, LLC",06/10/2021,withdrawn
956,Bacillus subtilis ATCC SD-7280,Advanced Enzyme Technologies Ltd.,08/18/2021,no questions
957,Lactobacillus johnsonii strain ATCC PTA-124205,"Prozure, Inc.",10/26/2021,no questions
958,Fungal oil (≥40% arachidonic acid) from Mortierella alpina strain AF,"Hubei Fuxing Biotechnology Co., Ltd.",03/26/2021,withdrawn
960,Hypromellose acetate succinate,"Shin-Etsu Chemical Co., Ltd.",12/21/2021,no questions
961,β-glucan derived from Agrobacterium sp. CCTCC No. M2010020,"Sichuan Synlight Biotech, Ltd.",05/19/2021,withdrawn
962,Rice bran wax,McCain Foods Ltd.,03/17/2022,withdrawn
963,Fungal oil (≥40% arachidonic acid) from Mortierella alpina,BASF Corporation,10/19/2021,no questions
964,Lysophospholipase enzyme preparation from Aspergillus niger produced by Trichoderma reesei,DuPont Nutrition & Biosciences),09/09/2021,no questions
965,Arabinase enzyme preparation produced by Aspergillus tubingensis,"Shin Nihon Chemical Co., Ltd.",07/20/2021,no questions
966,Preparations containing three to eight bacteriophages specific to Campylobacter jejuni,"Intralytix, Inc.",10/06/2021,no questions
967,Soluble egg-white protein produced by Komagataella phaffii strain GSD-1209,Clara Foods Co.,09/09/2021,no questions
968,Rebaudioside B,Blue California,03/10/2022,no questions
969,Bacillus subtilis Bss-19 spore preparation,"Danisco USA, Inc. (Dupont Nutrition and Biosciences)",10/06/2021,no questions
970,Enzyme-modified steviol glycosides,"Shandong Shengxiangyuan Biotechnology Co., Ltd",04/09/2021,no questions
971,Bacillus clausii strain 088AE spore preparation,Advanced Enzyme Technologies Ltd.,03/03/2022,no questions
972,Pectin hydrolysate from carrot pomace,NutriLeads B.V.,03/25/2022,no questions
973,Maple wood fiber,"Renmatrix, Inc.",05/13/2021,withdrawn
974,Maltogenic alpha-amylase enzyme preparation produced by Bacillus subtilis,AB Enzymes Inc.,02/02/2022,no questions
975,Maltogenic alpha-amylase enzyme preparation produced by Bacillus licheniformis carrying the gene coding for maltogenic alpha-amylase from Geobacillus stearothermophilus,Novazymes NA,07/08/2021,no questions
976,Sodium hyaluronate,"Bloomage Biotechnology Corp., Ltd.",05/24/2021,withdrawn
977,D-tagatose produced via novel enzymatic cascade,"Bonumose, LLC",10/21/2021,no questions
978,Hydrolyzed aqueous olive pulp extract,Oliphenol LLC,12/10/2021,no questions
979,Pectin esterase enzyme preparation produced by Aspergillus oryzae expressing a pectin esterase gene from A. tubingensis,"8211 W. Broward Blvd. Suite 375 Plantation, FL 33324",10/18/2021,no questions
980,Dry whole milk,"ByHeart, Inc.",07/13/2021,no questions
981,Sterol esterase enzyme preparation produced by Trichoderma reesei expressing a gene encoding sterol esterase from Melanocarpus albomyces,AB Enzymes Inc.,05/10/2022,no questions
982,Polygalacturonase enzyme preparation produced by Aspergillus oryzae expressing a polygalacturonase gene from A. tubingensis Mosseray,AB Enzymes Inc.,02/02/2022,no questions
983,Purified steviol glycosides from the leaves of Stevia rebaudiana (Bertoni),"Zhucheng Haotian Pharm Co., Ltd",06/28/2021,no questions
984,Wolffia globosa,Hinoman Ltd.,10/08/2021,withdrawn
985,Bifidobacterium longum subsp. infantis strain ATCC SD 6720,"Danisco, USA Inc.",12/21/2021,no questions
986,Chlorella sorokiniana powder and C. sorokiniana micro powder,"Chlorella Industry Co., Ltd.",12/21/2021,no questions
987,2'-fucosyllactose,"Amyris, Inc.",02/02/2022,withdrawn
988,Lactobacillus fermentum LfQi6,"Quorum Innovations, LLC",03/28/2022,no questions
989,Bacillus subtilis expressing a modified gene encoding a variant of the wild-type subtilisin from B. clausii,Danisco US Inc. (operating as DuPont Nutrition and Biosciences),06/30/2022,no questions
990,Short-chain fructooligosaccharides,Tata Chemicals Limited,10/08/2021,no questions
991,Chitosanase enzyme preparation produced by Bacillus subtilis,Advanced Enzyme Technologies Ltd.,08/31/2022,no questions
992,White mulberry ( Morus alba Linn) leaf extract,Phynova Group Limited,05/06/2022,withdrawn
994,"Miracle fruit ( Synsepalum dulcificum ), in pulp, powder, or protein forms",Joywell Foods Inc.,10/26/2021,withdrawn
995,β-glucans from Antrodia cinnamomea strain ATCC 200183,Super Beta Glucan,06/14/2022,no questions
996,Synthetic amorphous silica,DouxMatok Ltd.,02/04/2022,no questions
999,Enzyme-modified steviol glycosides,"Zhucheng Haotian Pharm Co., Ltd",12/03/2021,no questions
1000,Phycocyanin-rich extract of Galdieria sulphuraria ( G. sulphuraria strain FCC3424),Fermentalg,03/08/2022,withdrawn
1001,Myoglobin preparation from a strain of Pichia pastoris expressing the myoglobin gene from Bos taurus,"Motif FoodWorks, Inc.",12/03/2021,no questions
1002,Bifidobacterium breve strain MCC1274,"Morinaga Milk Industry Co., Ltd.",07/22/2022,no questions
1003,Bifidobacterium longum subsp. infantis M-63,"Morinaga Milk Industry Co., Ltd",04/26/2022,no questions
1004,Maltosyltrehalose syrup,"Hayashibara Co., Ltd.",01/20/2022,withdrawn
1005,β-Lactoglobulin from cow milk,Arla Foods Ingredients Group P/S,03/03/2022,withdrawn
1007,Bacillus subtilis strain R0179,Lallemand Health Solutions,12/16/2022,withdrawn
1008,Algal oil (≥45% docosahexaenoic acid) from Aurantiochytrium limacinum TKD-1,"ATK Biotech Co., Ltd.",02/25/2022,no questions
1009,Water-soluble palm fruit extract,Malaysian Palm Oil Board,06/24/2022,withdrawn
1010,Rebaudioside M obtained by enzymatic treatment of steviol glycosides purified from the leaves of Stevia rebaudiana (Bertoni),"Manus Bio, Inc.",01/26/2022,no questions
1011,Alpha-amylase enzyme preparation produced by Bacillus subtilis strain AR-651 expressing the gene encoding alpha-amylase from Thermoactinomyces vulgaris,AB Enzymes Inc.,07/18/2022,no questions
1012,Powdered sap from Angelica keiskei (ashitaba) containing 8% chalcones (ashitaba sap),"Japan Bio Science Laboratory-USA, Inc.",04/07/2022,withdrawn
1013,Lactobacillus rhamnosus DSM 33156,"Chr. Hansen, Inc.",12/15/2021,no questions
1014,2'-fucosyllactose,Chr. Hansen A/S,07/15/2022,no questions
1015,3'-sialyllactose sodium salt,Chr. Hansen A/S,07/15/2022,no questions
1016,6'-sialyllactose sodium salt,Chr. Hansen A/S,07/15/2022,no questions
1017,Lacto- N -tetraose,Chr. Hansen A/S,08/23/2022,no questions
1018,Carbon monoxide,"Cargill, Incorporated",08/11/2022,no questions
1019,Agave mixed fructans from Agave tequilana Weber var. azul,Inulina Y Miel de Agave S.A. de C.V.,02/27/2023,no questions
1020,Protein from Helianthus annuus (sunflower protein),"Austrade, Inc.",06/14/2022,withdrawn
1022,Streptococcus salivarius DB-B5,Dose Biosystems Inc.,08/22/2022,no questions
1024,D-psicose,Blue California,03/02/2023,no questions
1025,Pepsin A enzyme preparation produced by Pichia pastoris to overexpress the gene encoding pepsin A,Clara Foods Co.,01/06/2023,no questions
1026,Silk fibroin derived from Bombyx mori cocoons,"Cambridge Crops, Inc. d/b/a Mori",08/11/2022,no questions
1029,D-psicose,"L&P Food Ingredient Co., Ltd",08/04/2023,no questions
1030,Cellulase enzyme preparation produced by Aspergillus niger genetically engineered to express a cellulase gene from Trichoderma reesei,Novozymes North America Inc.,02/15/2023,no questions
1031,Barley and rice protein hydrolysate,"EverGrain, LLC",10/20/2022,no questions
1032,D-β-hydroxybutyrate,Osaka Gas Chemicals Co. Ltd.,06/02/2022,no questions
1034,2'-fucosyllactose,Glycom A/S,10/21/2022,no questions
1035,Lacto- N -fucopentaose I with 2'-fucosyllactose,Glycom A/S,01/19/2023,no questions
1036,Complexation products of iron with sodium citrate,"Cargill, Inc.",10/06/2022,no questions
1037,3-fucosyllactose,Glycom A/S,11/07/2022,no questions
1038,Preparation containing six bacteriophages (phage) specific to Salmonella enterica spp. serovars,FINK TEC GmbH,05/11/2023,no questions
1039,Lactase enzyme preparation produced by Aspergillus oryzae,"Godo Shusei Co., Ltd.",04/06/2023,no questions
1040,2'-fucosyllactose,Chr. Hansen A/S,09/22/2022,withdrawn
1041,Dry whole milk,"Nara Organics, Inc.",05/10/2022,no questions
1042,Menaquinone-7 derived from a specific strain of Bacillus subtilis natto,"GF Fermentech, Inc.",04/03/2023,withdrawn
1043,Cetylated fatty acids,Pharmanutra S.p.A.,10/26/2022,no questions
1044,Calcium disodium ethylenediaminetetraacetic acid,Jade Tiger Abalone,05/25/2022,withdrawn
1045,Resistant dextrin from tapioca,Anderson Global Group,08/26/2022,no questions
1046,Collagenase enzyme preparation from genetically modified Streptomyces violaceoruber expressing a collagenase gene,Nagase & Co. Ltd.,06/22/2023,no questions
1049,Medium-chain triacylglycerols,Nestlé Nutrition,09/21/2022,no questions
1050,High 2-palmitic acid vegetable oil,"The Nisshin OilliO Group, Ltd.",07/18/2022,withdrawn
1052,3'-sialyllactose sodium salt,"Kyowa Hakko Bio Co., Ltd.",04/18/2023,no questions
1053,6'-sialyllactose sodium salt,"Kyowa Hakko Bio Co., Ltd.",05/12/2023,no questions
1054,Glucose oxidase enzyme preparation produced by Aspergillus niger expressing the gene encoding glucose oxidase from A. niger,Danisco US Inc. (A Wholly Owned-Subsidiary of International Flavors & Fragrances),07/14/2023,no questions
1055,Xylanase enzyme preparation produced by Bacillus licheniformis strain expressing the xylanase gene from Chryseobacterium,Novozymes North America Inc.,04/04/2023,no questions
1056,β-lactoglobulin produced by Komagataella phaffii strain yRMK-66,Remilk Ltd.,02/15/2023,no questions
1058,Polyvinyl alcohol,NABACO LLC,06/09/2023,no questions
1059,Lacto- N -neotetraose,Glycom A/S,12/02/2022,no questions
1060,2'-fucosyllactose,Glycom A/S,04/04/2023,no questions
1062,Saccharomyces cerevisiae strain OYR-185,"Omega Yeast Labs, LLC",04/05/2023,no questions
1067,Lacto- N -neotetraose,Inbiose N.V.,04/04/2023,no questions
1068,Lacto- N -tetraose,Inbiose N.V.,06/05/2023,no questions
1070,Preparations containing six bacteriophages (phage) specific to Salmonella enterica,FINK TEC GmbH,03/10/2023,no questions
1072,Lemnaceae fiber,"Lemnature AquaFarms USA, Inc.",01/30/2023,withdrawn
1074,3'-sialyllactose sodium salt,Inbiose N.V.,04/05/2023,no questions
1075,6'-sialyllactose sodium salt,Inbiose N.V.,03/22/2023,no questions
1085,Lactobacillus casei strain KCTC 12398BP,Cell Biotech Co. Ltd.,10/27/2023,no questions
1086,Lactobacillus plantarum KCTC 10782BP,Cell Biotech Co. Ltd.,10/27/2023,no questions
1089,Lactobacillus gasseri strain NCIMB 30370,Chr. Hansen,06/20/2023,no questions
1090,Bifidobacterium bifidum strain NITE BP-31,"Meiji Co., Ltd.",04/05/2023,no questions
1092,Bifidobacterium animalis subsp. lactis IDCC 4301,"Ildong Bioscience Co., Ltd.",06/23/2023,no questions
1093,Lacticaseibacillus rhamnosus IDCC 3201,"Ildong Bioscience Co., Ltd.",06/09/2023,no questions
1095,Bacillus subtilis strain ATCC AAN000002 spore preparation,"Aanika Biosciences, Inc.",09/11/2023,no questions
1096,Saccharomyces cerevisiae strain OYR-243,"Omega Yeast Labs, LLC",07/05/2023,no questions
1099,3-fucosyllactose,Chr. Hansen A/S,08/29/2023,no questions
1101,Dried biomass of Chlamydomonas reinhardtii strain TAI114,Triton Algae Innovations,09/01/2023,withdrawn
1104,Egg-white protein produced by Komagataella phaffii ATCC GSD-1235,Clara Foods Co. DBA The EVERY Company,10/17/2023,no questions
1105,Polyglycerol polyricinoleic acid,Unilever,06/14/2023,no questions
1106,Rebaudioside I obtained by enzymatic treatment of steviol glycosides purified from the leaves of Stevia rebaudiana (Bertoni) Bertoni (rebaudioside I),"Manus Bio, Inc.",06/16/2023,no questions
1108,Lactiplantibacillus plantarum strain MCC 0537,"Advanced Enzyme Technologies, Ltd.",08/16/2023,no questions
1113,Lactobacillus plantarum NCIMB 30562,Chr. Hansen A/S,07/20/2023,no questions
1114,Bifidobacterium breve DSM 33444,Chr. Hansen A/S,07/10/2023,no questions
1115,Fungal oil (≥40% arachidonic acid (ARA)) from Mortierella alpina strain AF,"Hubei Fuxing Biotechnology Co., Ltd.",09/18/2023,no questions
1118,Pyrroloquinoline quinone disodium salt,"Zhejiang Medicine Co., ltd.",07/31/2023,no questions
1123,Sucrose fatty acid esters,Mitsubishi Chemical Corporation,11/03/2023,no questions
1124,β-glucans from Hericium erinaceus strain BCRC 35669,"Super Beta Glucan, Inc.",09/28/2023,withdrawn
1128,Algal oil (≥35% docosahexaenoic acid) from Schizochytrium sp.,Jiangsu Grand Xianle Pharmaceutical Co.,12/13/2023,withdrawn
1131,Bacillus subtilis ATCC BS50 PTA-127287,"BIO-CAT Microbials, LLC",10/20/2023,no questions
1133,Resistant dextrin from corn,Anderson Global Group,01/22/2024,no questions
1135,Galacto-oligosaccharides,"Vitalus Nutrition, Inc.",11/03/2023,withdrawn
1136,Dry whole goat milk,Jovie USA LLC,10/31/2023,no questions
1137,Protein-sucrose,Incredo Ltd.,01/19/2024,no questions
1051,2'-fucosyllactose,"Kyowa Hakko Bio Co., Ltd.",11/21/2023,no questions
1156,Algal oil (≥35% docosahexaenoic acid) from Schizochytrium sp. FJRK-SCH3,"Runke Bioengineering (Fujian) Co., Ltd.",02/08/2024,withdrawn
1162,Fungal oil (≥38% arachidonic acid (ARA)) from Mortierella alpina FJRK-MA01,"Runke Bioengineering (Fujian) Co., Ltd.",02/08/2024,withdrawn
650,2'- O -fucosyllactose,Glycom A/S,11/23/2016,no questions
659,Lacto- N -neotetraose,Glycom A/S,11/23/2016,no questions
717,Short-chain fructo-oligosaccharides,"Galam, Ltd.",02/13/2018,no questions
752,"Preparation containing the bacterial monophages, BP-63 and LVR16-A, specific to Salmonella","Phagelux, Inc.",07/13/2018,no questions
757,Preparation containing two bacterial phages specific to Escherichia coli O157,Micreos B.V.,08/03/2018,no questions
765,Dehulled hemp seed,"Fresh Hemp Foods, Ltd.",12/20/2018,no questions
771,Hemp seed protein,Fresh Hemp Foods Ltd.,12/20/2018,no questions
778,Hemp seed oil,Fresh Hemp Foods Ltd.,12/20/2018,no questions
829,Powdered Aspergillus oryzae grown with one or more added minerals,"Cura Global Health, Inc.",12/09/2019,no questions
878,Glucosylated steviol glycosides,"Daepyung Co., Ltd.",12/19/2019,no questions
955,Bacillus subtilis strain BS-MB40 PTA-122264 spore preparation,"BIO-CAT Microbials, LLC",03/26/2021,no questions
834,Preparation containing bacterial phages specific to shiga-toxin producing Escherichia coli,"Intralytix, Inc.",11/08/2019,no questions
610,Isomaltodextrin,"Hayashibara Co., Ltd.",06/06/2016,no questions
571,2'-Fucosyllactose,"Jennewein Biotechnologie, GmgH",11/06/2015,no questions
435,Preparation consisting of six bacterial monophage specific to Salmonella enterica (monophage cocktail),"Intralytix, Inc.",02/22/2013,no questions
1084,Lactobacillus rhamnosus KCTC 12202BP,"Rejimus, Inc.",10/31/2023,no questions
1107,Bifidobacterium longum subsp. infantis strain LMG 11588,Nestlé Nutrition,11/15/2023,no questions
1079,Bifidobacterium longum strain KCTC 12200BP,"Rejimus, Inc.",10/31/2023,no questions
1065,Anaerobutyricum soehngenii CH106,Caelus Health,04/14/2023,no questions
1097,Maltogenic alpha-amylase enzyme preparation produced by Escherichia coli expressing a gene encoding a maltogenic alpha-amylase from Geobacillus stearothermophilus,Advanced Enzymes Technologies Ltd.,12/07/2023,no questions
1083,Lactobacillus acidophilus KCTC 11906BP,"Rejimus, Inc.",10/31/2023,no questions
1063,Weissella cibaria CMU,"OraPharm, Inc.",04/14/2023,no questions
1130,Lactobacillus rhamnosus CGMCC 21225,"Glac Biotech Co., Ltd.",09/28/2023,no questions
1149,High-selenium Saccharomyces cerevisiae yeast,"Cypress Systems, Inc.",12/12/2023,withdrawn
1091,2'-fucosyllactose,Inbiose N.V.,12/01/2023,no questions
1127,Lactiplantibacillus plantarum ATCC-202195,"Danisco USA, Inc.",02/01/2024,no questions
1134,Bacteriophage preparation specific to Salmonella Enteritidis,"Qingdao Phagepharm Bio-Tech Co., Ltd",02/08/2024,no questions
1082,Bifidobacterium lactis strain KCTC 11904BP,"Rejimus, Inc.",10/31/2023,no questions
1140,Enzyme-modified steviol glycosides,Tate & Lyle,10/17/2023,no questions
1143,Bacillus subtilis NRRL 68053,Microbial Discovery Group,01/19/2024,no questions
1125,Pea protein fermented by shiitake mycelia,"MycoTechnology, inc.",03/27/2024,no questions
886,Monoacylglycerides from grape seed,Apeel Sciences,07/13/2020,no questions
648,Monoglycerides,Apeel Sciences,12/13/2016,no questions
1110,Polygalacturonase enzyme preparation produced by Trichoderma reesei expressing a gene encoding a polygalacturonase from Aspergillus kawachii,AB Enzymes Inc.,02/14/2024,withdrawn
1111,"Endo-1,4-β-xylanase enzyme preparation produced by Bacillus subtilis expressing the gene encoding xylanase from B. subtilis",AB Enzymes Inc.,02/15/2024,withdrawn
1121,Fructanase enzyme preparation produced by Trichoderma reesei expressing the gene encoding fructanase from Lactobacillus sp.,AB Enzymes Inc.,02/15/2024,withdrawn
1132,Hydrolyzed poultry protein,Norilia AS,01/29/2024,no questions
1146,Nuclease enzyme preparation produced by Bacillus amyloliquefaciens expressing the gene encoding a nuclease from Serratia marcescens,c-LEcta GmbH,06/12/2024,no questions
1138,Hydroxytyrosol,Hangzhou Viablife Biotech,09/28/2023,withdrawn
1078,Bifidobacterium bifidum strain KCTC 12199BP,"Rejimus, Inc.",10/31/2023,no questions
1028,Metschnikowia pulcherrima DANMET-A and M. fructicola DANMET-B,Danstar Ferment AG,11/21/2022,withdrawn
1080,Bifidobacterium breve strain KCTC 12201BP,"Rejimus, Inc.",10/31/2023,no questions
1081,Bifidobacterium infantis strain KCTC 11859BP,"Rejimus, Inc.",10/31/2023,no questions
1094,Saccharomyces cerevisiae strain BY-989 expressing a gene encoding a carbon-sulfur lyase from Citrobacter freundii,Berkeley Fermentation Science Inc.,11/28/2023,no questions
1150,Triacylglycerol lipase enzyme preparation produced by Trichoderma reesei expressing a gene for triacylglycerol lipase from Thermomyces lanuginosis,AB Enzymes Inc.,02/15/2024,withdrawn
1158,Lactiplantibacillus plantarum DSM 34613,"Scott Laboratories, Inc.",05/08/2024,no questions
1172,"liquid milk, both whole and nonfat, combined with lactose and water",Synlait Milk Limited,05/20/2024,no questions
1179,Liquid whole cow milk,"Crossway Foods, Ltd.",09/24/2024,no questions
1057,D-psicose,Tate & Lyle,01/25/2024,no questions
1033,Hydrolyzed Saccharomyces cerevisiae,Fytexia Corp,05/31/2023,no questions
1021,Transglutaminase enzyme preparation produced by Streptomyces mobaraensis strain M2020197,"Taixing Dongsheng Bio-Tech Co., Ltd.",11/03/2022,no questions
1129,Heat-killed Clostridium tyrobutyricum strain ASM#19,"Superbrewed Food, Inc.",02/22/2024,no questions
1119,Olea europaea L. leaf extract,BioActor B.V.,02/08/2024,no questions
1109,β-agarase enzyme preparation produced by Streptomyces coelicolor,Dyne Bio Inc.,04/15/2024,no questions
1098,Chickpea protein concentrate,"Tate & Lyle, PLC",08/28/2023,no questions
1088,Lactococcus lactis strain KCTC 11865BP,Cell Biotech Co. Ltd.,12/15/2023,no questions
1087,Streptococcus thermophilus strain KCTC 11870BP,Cell Biotech Co. Ltd.,12/15/2023,no questions
1071,Glucose oxidase enzyme preparation produced by Saccharomyces cerevisiae expressing a gene encoding a glucose oxidase from Aspergillus niger,Lallemand Inc.,09/28/2023,no questions
1066,Carnobacterium divergens strain M35,Fumoir Grizzly Inc.,04/26/2023,no questions
1064,Whole fruit pomegranate extract,Verdure Sciences,09/19/2023,no questions
1048,Aminopeptidase enzyme preparation produced by Trichoderma reesei expressing a gene encoding an aminopeptidase from Aspergillus clavatus,Danisco US Inc. (A Wholly Owned-Subsidiary of International Flavors & Fragrances),08/31/2023,no questions
1120,α-Galactosidase enzyme preparation produced by Aspergillus niger,Novozymes North America,06/05/2024,no questions
1159,Heyndrickxia coagulans strain MTCC 25460 spore preparation,"Pellucid Lifesciences Pvt., Limited",05/06/2024,no questions
1157,2'-fucosyllactose,"Synaura Biotechnology (Shanghai) Co., Ltd.",08/07/2024,no questions
1153,Pongamia bean oil,"Terviva, Inc.",05/23/2024,withdrawn
1151,Fava bean protein,Cooperative Koninklijke Cosun U.A.,06/12/2024,no questions
1190,Saccharomyces cerevisiae strain OYR-481 expressing a gene encoding acetolactate decarboxylase from Brevibacillus brevis,"Omega Yeast Labs, LLC",09/27/2024,no questions
1183,Monellin preparation produced by Komagataella phaffii P-MON-040 expressing a gene encoding for a modified monellin,"Oobli, Inc.",11/22/2024,no questions
1175,Lactiplantibacillus plantarum DSM 23881,Nordwise BioCC OÜ,10/22/2024,no questions
1167,Brazzein produced by Komagataella phaffii expressing a gene encoding for brazzein from Pentadiplandra brazzeana,"Perfect Day, Inc.",10/08/2024,no questions
1006,Short-chain fructooligosaccharides,Ingredion Incorporated,01/19/2022,no questions
537,Short-chain fructo-oligosaccharides,Ingredion Incorporated,02/06/2015,no questions
1076,Galacto-oligosaccharides,"Vitalus Nutrition, Inc.",03/02/2023,no questions
943,"Citrus fiber from the peels of oranges, lemons, or limes",CP Kelco ApS,04/09/2021,no questions
1117,Mycelial biomass from Neurospora crassa,The Better Meat Co.,07/09/2024,no questions
751,Maltogenic alpha-amylase from Bacillus stearothermophilus produced in Bacillus subtilis,"Novozymes North America, Inc.",07/31/2018,no questions
791,Urolithin A,Amazentis SA,12/20/2018,no questions
1152,Phoenix oyster mushroom ( Pleurotus pulmonarius ) mycelia biomass,Mushlabs GmbH,03/21/2024,withdrawn
1160,Lemna leaf protein,Plantible Foods,05/06/2024,withdrawn
1154,Triacylglycerol lipase enzyme preparation produced by Komagataella phaffii expressing the gene encoding lipase from Fusarium oxysporum,Lallemand Inc.,08/15/2024,no questions
926,Soluble rice flour,Cargill Incorporated,01/05/2021,no questions
998,Corn bran arabinoxylan,"AgriFiber Solutions, LLC",10/25/2021,withdrawn
935,L-carnitine-L-tartrate,Ausnutria B.V.,11/30/2020,withdrawn
933,Algal oil (≥36% docosahexaenoic acid) from Schizochytrium sp. strain DHF,"Hubei Fuxing BioTechnology, Co., Ltd.",11/13/2020,no questions
932,2'-fucosyllactose,Advanced Protein Technologies Corp.,02/18/2021,no questions
917,Preparation containing three bacterial phages specific to Salmonella,Gum Products International,09/10/2020,no questions
916,Dihydroquercetin,Blue California,05/19/2021,no questions
908,Lipase from Penicillium camemberti,"Amano Enzyme, Inc.",02/05/2021,no questions
892,Refined shea butter,AAK USA Inc.,07/07/2020,withdrawn
888,Preparation containing three bacterial phages specific to Salmonella,Gum Products International,02/28/2020,withdrawn
882,Rebaudioside M,"Cargill, Inc.",02/02/2020,no questions
876,Hydroxytyrosol,Nova Mentis Ltd,01/21/2020,no questions
874,Corn protein,"Cargill, Inc.",04/29/2020,withdrawn
867,Rebaudioside M,"Cargill, Inc.",09/03/2019,withdrawn
866,Lipase from Penicillium camemberti,"Amano Enzyme, Inc.",02/05/2020,withdrawn
860,Algal oil (36% docosahexaenoic acid) from Schizochytrium sp. strain DHF,Hubei Fuxing BioTechnology,09/03/2019,withdrawn
859,2'-fucosyllactose,"Advanced Protein Technologies, Corp.",09/06/2019,withdrawn
837,Hydroxytyrosol,Nova Mentis Ltd.,06/05/2019,withdrawn
828,D-psicose,Samyang Corporation,03/02/2020,no questions
826,Dihydroquercetin,Blue California,09/25/2019,withdrawn
806,Dolomite,Hogan Lovells US LLP,05/17/2019,no questions
805,Apple peel powder,Leahy Orchards Inc.,03/08/2019,no questions
787,Quinoa sprout powder,Vis Vitalis Gmbh,09/09/2018,no questions
755,D-psicose,SamYang Corp.,05/10/2018,withdrawn
753,Sodium thiocyanate,Taradon Laboratory,07/31/2018,no questions
741,Dimethyl ether,Callaghan Innovation,05/18/2018,no questions
721,Galacto-oligosaccharides,Vitalus Nutrition Inc.,12/19/2017,no questions
720,Rice bran wax,The J.M. Smucker Company,01/16/2018,no questions
712,Calcium acetate,Niacet Corporation,02/05/2018,withdrawn
706,Siraitia grosvenorii Swingle (Luo Han Guo) fruit extract,"Hunan NutraMax, Inc",08/17/2017,no questions
705,Distarch phosphate,"Ingredion, Inc.",11/09/2017,no questions
696,Dolomite,Hogan Lovells US LLP,10/03/2017,withdrawn
695,Dimethyl ether,Callaghan Innovation,08/29/2017,withdrawn
692,Quinoa sprout extract,VIS VITALIS gmbh,11/03/2017,withdrawn
688,Sodium thiocyanate,Taradon Laboratory,08/25/2017,withdrawn
687,Inulin from Agave tequilana,IIDEA (Industrializadora Integral del Agave SA de CV),05/08/2017,withdrawn
671,Galacto-oligosaccharides (GOS),Vitalus Nutrition Inc.,04/11/2017,withdrawn
663,Distarch phosphate,"Ingredion, Inc.",09/30/2016,withdrawn
655,Rice bran wax,J.M. Smucker Company,09/20/2016,withdrawn
629,Siraitia grosvenorii Swingle (Luo Han Guo) fruit extract,"Hunan NutraMax, Inc.",07/15/2016,withdrawn
613,Apple peel powder,"Leahy Orchards, Inc.",03/08/2016,withdrawn
582,Inulin from Agave tequilana,NSF International,11/25/2015,withdrawn
577,Salts from dried mineral water (65% NaCl),Salinity Food,12/04/2015,no questions
524,Phospholipase A2 enzyme preparation from Trichoderma reesei carrying a phospholipase A2 gene from Aspergillus nishimurae,AB Enzymes GmbH,11/10/2014,no questions
508,Salts from dried mineral water (65% NaCl),"Salinity Food, AB",09/24/2014,withdrawn
490,Phospholipase A2 enzyme preparation from Trichoderma reesei,AB Enzymes GmbH,03/05/2014,withdrawn
465,Cow's milk-derived lactoferrin,"Morinaga Milk Industry Co., Ltd",02/18/2014,no questions
464,Cow's milk-derived lactoferrin,"Morinaga Milk Industry Co., Ltd",02/18/2014,no questions
427,Corn hull fiber,"Z Trim Holdings, Inc.",09/12/2012,no questions
404,"Cyclic dextrin, highly branched","Ezaki Glico Co., Ltd.",09/10/2012,no questions
368,Corn hull fiber,"Z Trim Holdings, Inc.",04/06/2011,withdrawn
358,"Cyclic dextrin, highly branched","Takashi Kuriki Ezaki Glico Co., Ltd.",02/01/2011,withdrawn
194,Carbon monoxide,"Freezing Machines, Inc.",01/25/2012,no questions
166,Carbon monoxide,"Freezing Machines, Inc.",09/29/2005,withdrawn
1144,Miracle fruit ( Synsepalum dulcificum ) powder,Miracle Fruit Farm LLC,12/20/2023,no questions
1116,Shea stearin,"AAK USA, Inc.",12/14/2023,no questions
1102,Invertase enzyme preparation produced by Trichoderma reesei expressing a gene for invertase from Aspergillus niger,AB Enzymes Inc.,02/15/2024,withdrawn
1100,Fractionated whey protein concentrate containing 41% alpha-lactalbumin,Arla Foods Ingredients Group P/S,10/27/2023,no questions
1073,Corn bran arabinoxylan,"AgriFiber Solutions, LLC",03/21/2023,no questions
1069,Corn protein,"Cargill, Inc.",02/05/2024,no questions
1126,Calcium acetate,Niacet Corporation,06/07/2024,no questions
1139,Transglutaminase enzyme preparation produced by Bacillus licheniformis carrying a gene encoding transglutaminase from Streptomyces mobaraensis,Novozymes North America,07/02/2024,no questions
1145,β-lactoglobulin produced by Aspergillus oryzae strain Ao_st0002,Imagindairy Ltd.,12/18/2023,no questions
236,Galacto-oligosaccharides,Friesland Foods Domo,07/28/2008,no questions
997,"Chitosan and beta -1,3-glucans from white button mushrooms ( Agaricus bisporus )",Chinova Bioworks Inc.,02/28/2022,no questions
1142,Brazzein produced by Komagataella phaffii expressing a gene encoding for brazzein from Pentadiplandra brazzeana,"Oobli, Inc.",03/11/2024,no questions
730,Arachidonic-acid rich oil from Mortierella alpina strain LU 166,"Linyi Youkang Biology Co., Ltd.",03/30/2018,no questions
735,2'-Fucosyllactose,"Glycosyn, LLC and Friesland Campina Domo B.V.",04/06/2018,no questions
1148,D-psicose,Daesang Corporation,09/30/2024,no questions
740,Glycolipids from Dacryopinax spathularia,IMD Natural Solutions GmbH,05/17/2018,no questions
1206,Rebaudioside M produced by enzymatic treatment of rebaudioside A purified from the leaves of Stevia rebaudiana (Bertoni) Bertoni,"Adorvia Biotechnology Co., Ltd.",02/28/2025,no questions
1240,Lacticaseibacillus rhamnosus ATCC PTA-126815,"Wecare Probiotics Co., Ltd.",07/08/2025,no questions
1241,β-lactoglobulin produced by Aspergillus oryzae,Bon Vivant SAS,09/16/2025,no questions
1242,Short-chain fructooligosaccharides,BENEO GmbH,07/14/2025,no questions
1244,Lactiplantibacillus plantarum DSM 21380,NORDWISE BioTech OÜ,08/05/2025,no questions
1245,Lactiplantibacillus plantarum DSM 21379,NORDWISE BioTech OÜ,08/05/2025,no questions
890,Corn oil derived from distillers grains,Corn oil ONE,12/23/2020,withdrawn
930,Silk fibroin derived from Bombyx mori cocoons,"Cambridge Crops, Inc.",05/25/2021,withdrawn
939,Sunflower lecithin,Sternchemie GmbH & Co. KG,03/03/2021,no questions
959,Iron milk proteinate,Société des Produits Nestlé S.A.,03/17/2021,no questions
1023,Monosodium L-5-methyltetrahydrofolate,Merck & Cie,01/25/2022,withdrawn
1122,Canola concentrate,NapiFeryn BioTech Sp. z o. o.,07/25/2024,no questions
1163,A preparation containing two bacteriophages (phage) specific to Salmonella enterica,Cytophage Technologies inc.,05/28/2024,withdrawn
1161,Triacylglycerol lipase enzyme preparation produced by Candida cylindracea,"Meito Sangyo Co., Ltd.",09/24/2024,no questions
1170,Resistant dextrin from tapioca in powder or syrup form,"Icon Foods, Inc.",10/22/2024,no questions
1169,6'-sialyllactose sodium salt,"GeneChem, Inc.",10/07/2024,withdrawn
1168,Tigernuts flour,"Tigernut Traders, SL",08/06/2024,withdrawn
1166,Fava bean ( Vicia faba L.) protein hydrolysate,Nuritas,11/13/2024,no questions
1188,D-psicose,"Shandong Starlight So True Biological Technology Co., Ltd",11/19/2024,no questions
1187,Polygalacturonase enzyme preparation produced by Trichoderma reesei expressing a gene encoding polygalacturonase from Aspergillus luchuensis mut kawachii,"AB Enzymes, Inc.",02/28/2025,no questions
1184,Rebaudioside M from a modified strain of Escherichia coli BL21(DE3),"Sichuan Ingia Biosynthetic Co., Ltd.",10/23/2024,no questions
1176,Lacto- N -tetraose,FrieslandCampina Ingredients B.V.,09/24/2024,withdrawn
1174,Dry whole goat milk,The LittleOak Company,12/06/2024,no questions
1171,Collagen polypeptide produced by Escherichia coli K-12 S9188,"Geltor, Inc.",10/22/2024,no questions
1221,Heyndrickxia coagulans NRRL B-67744,"Microbial Discovery Group, LLC",06/09/2025,no questions
1182,Hydroxytyrosol,"Hangzhou Viablife Biotech Co, Ltd.",02/12/2025,no questions
1189,Dry whole goat milk,Bubs Australia Limited,09/24/2024,no questions
1112,"Limosilactobacillus reuteri strain ATCC PTA-126787 and L. reuteri strain ATCC PTA-126788, in combination, on a 1:1 ratio of colony forming unit (CFU) basis","BiomEdit, LLC",09/28/2023,no questions
1177,Bacillus coagulans Unique IS-2 spore preparation,"Unique Biotech Limited, India",07/05/2024,no questions
1181,Weizmannia coagulans LMG S-31876 spore preparation,Abode Biotec India Private Limited,07/25/2024,no questions
1191,Ergothioneine produced by Escherichia coli BL-21 (DE3) expressing ergothioneine synthases from Schizosaccharomyces pombe,"Shanghai EGT Synbio Group Co., LTD",01/30/2025,no questions
1192,Tannase enzyme preparation produced by Aspergillus oryzae,Mitsubishi Chemical Corporation,03/14/2025,no questions
1193,D-psicose,"Sichuan Ingia Biosynthetic Co., Ltd.",12/12/2024,no questions
1195,Chymosin enzyme preparation produced by Aspergillus niger expressing a gene encoding chymosin from Erinaceus europaeus,Chr. Hansen A/S,03/06/2025,no questions
1196,Triacylglycerol lipase enzyme preparation produced by Trichoderma reesei expressing a gene encoding an engineered triacylglycerol lipase from Thermomyces lanuginosus,AB Enzymes Inc.,03/03/2025,no questions
1197,Fructanase enzyme preparation produced by Trichoderma reesei AR-577 expressing the gene encoding fructanase from Lactobacillus crispatus,AB Enzymes Inc.,03/14/2025,no questions
1198,Inositol,"Sichuan Bohaoda Biological Technology Co., Ltd.",02/03/2025,no questions
1200,β-lactoglobulin produced by Komagataella phaffii strain VIPLA,Vivici B.V.,02/28/2025,no questions
1202,Soy leghemoglobin preparation from a strain of Komagataella phaffii,Impossible Foods Inc,03/07/2025,no questions
1211,Reduced minerals goat whey,Crossway Foods Limited,02/04/2025,no questions
1212,Liquid whole goat milk,Crossway Foods Limited,02/07/2025,no questions
1213,Goat milk lactose,Crossway Foods Limited,02/21/2025,no questions
1173,Invertase enzyme preparation produced by Trichoderma reesei expressing a gene for invertase from Aspergillus niger,AB Enzymes Inc.,08/15/2024,no questions
1027,Miracle fruit ( Synsepalum dulcificum ) powder,"Miracle Fruit Farm, LLC",12/22/2021,withdrawn
1164,Chemically synthesized analog of pediocin PA-1,Innodal and Quality Systems Solutions,08/07/2024,no questions
1204,Lacticaseibacillus casei Zhang,"Beijing Scitop Bio-tech Co., LTD",02/19/2025,no questions
1205,Lactiplantibacillus plantarum DR7,"Kaneka Americas Holding, Inc.",03/24/2025,no questions
1207,Brazzein preparation produced by Aspergillus oryzae 90402 expressing a gene encoding for brazzein from Pentadiplandra brazzeana,Nanjing Bestzyme Bio-Engineering Co. Ltd.,04/10/2025,no questions
1208,Lacto- N -triose II,"Shandong Henglu Biotechnology Co., Ltd.",04/29/2025,no questions
1209,Algal oil (≥35% docosahexaenoic acid) from Schizochytrium limacinum A2,Huve Nutraceuticals Ltd,05/07/2025,withdrawn
1194,Partially hydrolyzed eggshell membrane powder derived from chicken eggs,"ESM Technologies, LLC",02/04/2025,withdrawn
1214,Bacillus clausii UBBC-07 spore preparation,Unique Biotech Limited,05/07/2025,no questions
1215,Bacteriophage (phage) preparation specific to Listeria monocytogenes,FINK Tec GmbH,06/06/2025,no questions
1217,Algal oil (≥40% docosahexaenoic acid) from Aurantiochytrium limacinum CCAP A1,Huve Nutraceuticals Ltd,05/07/2025,withdrawn
1218,Bacillus subtilis NRRL 68054,Microbial Discovery Group LLC,04/29/2025,no questions
1219,Recombinant bovine lactoferrin isolate produced by Komagataella phaffii M020 expressing the gene encoding bovine lactoferrin,TurtleTree Inc.,05/07/2025,no questions
1222,Saccharomyces cerevisiae OYR-542,"Omega Yeast Labs, LLC",05/05/2025,no questions
1223,Sakura ( Prunus serrulata Lindl.) flower distillate,Suntory Global Spirits,06/03/2025,no questions
1224,Sakura ( Prunus serrulata Lindl.) flower extract,Suntory Global Spirits,06/03/2025,no questions
1225,Sakura ( Prunus speciosa ) leaf distillate,Suntory Global Spirits,06/03/2025,no questions
1230,Vanillin preparation produced by Escherichia coli BL21(DE3) SI-VAN1,"Sichuan Ingia Biosynthetic Co., Ltd.",06/11/2025,no questions
1231,Bacillus velezensis PTA-127359,"BIO-CAT Microbials, LLC",07/11/2025,no questions
1233,Sansho ( Zanthoxylum piperitum ) pepper distillate,Suntory Global Spirits,07/08/2025,no questions
1234,Sansho ( Zanthoxylum piperitum ) pepper extract,Suntory Global Spirits,07/14/2025,no questions
1247,β-Lactoglobulin produced by Kluyveromyces lactis CCTCC M20241460,"Shanghai Changing Biotechnology Co., Ltd.",09/19/2025,no questions
1248,Yeast biomass produced by Kluyveromyces marxianus CCTCC M 20211265,"Shanghai Changing Biotechnology Co., Ltd",09/23/2025,no questions
1249,Ovalbumin produced by Trichoderma reesei ATCC 13631,"Onego Bio, Inc.",09/16/2025,no questions
1246,Saccharomyces cerevisiae BY-1248,Berkeley Fermentation Science Inc.,09/22/2025,no questions
1243,Bacillus coagulans M2017813 spore preparation,"Thankcome Biological Science and Technology Co., Ltd.",08/21/2025,no questions
1239,Bifidobacterium animalis subsp. lactis PTA-126817,"Wecare Probiotics Co., Ltd.",06/11/2025,no questions
1238,2'-fucosyllactose,"Cataya Bio (Shanghai) Co., Ltd.",06/17/2025,no questions
1236,Algal oil (≥40% docosahexaenoic acid) from Aurantiochytrium limacinum H Sc-01,"Shaanxi Healthful Bioengineering Co., Ltd.",06/10/2025,no questions
1235,Bifidobacterium lactis CCTCC M 2014588,"Bioflag Co., Ltd",09/02/2025,no questions
1227,Korean red ginseng ( Panax ginseng C.A. Meyer) root extract,Korea Ginseng Corporation,08/21/2025,withdrawn
1210,Glucosyltransferase enzyme preparation produced by Bacillus subtilis expressing the gene encoding glucosyltransferase from Streptococcus salivarius,Danisco US Inc.,08/15/2025,no questions
1203,Rebaudioside M2 obtained by enzymatic treatment of steviol glycosides purified from the leaves of Stevia rebaudiana (Bertoni) Bertoni,Guilin Layn Natural Ingredients Corp.,02/12/2025,no questions
1201,Lipase enzyme preparation produced by Komagataella phaffii expressing a gene encoding lipase from Yarrowia lipolytica,Chr. Hansen A/S,03/10/2025,no questions
1199,Rhamnogalacturonan-I,G3P Inc.,02/28/2025,no questions
1186,"Fungal oil (≥38% arachidonic acid (ARA)) from Mortierella alpina ""FJRK-MA01""","Runke Bioengineering (Fujian) Co., Ltd.",02/04/2025,rejected
1185,"Algal oil (≥35% docosahexaenoic acid) from Schizochytrium sp. "" FJRK-SCH3""","Runke Bioengineering (Fujian) Co., Ltd.",03/14/2025,rejected
1178,Rebaudioside I obtained by enzymatic treatment of steviol glycosides purified from the leaves of Stevia rebaudiana (Bertoni) Bertoni (rebaudioside I),"Sichuan Ingia Biosynthetic Co., Ltd",08/16/2024,no questions
1141,L-α-glycerophosphorylcholine,"Shenyang Gold Jyouki Technology Co., Ltd",04/29/2024,withdrawn
1077,Oat polar lipid extract,Naturex,07/07/2023,withdrawn
1061,Deactivated alkaline serine protease produced by Bacillus licheniformis strain CICC 10266,Tanea Medical AB,01/26/2023,withdrawn
1047,Lipase enzyme preparation produced by Saccharomyces cerevisiae expressing a gene encoding a lipase from Fusarium oxysporum,Lallemand Inc.,05/12/2023,no questions
1252,"Saccharomyces cerevisiae ""BY-1568""",Berkeley Fermentation Science Inc.,09/23/2025,no questions
1232,Lacticaseibacillus paracasei DSM 28047,"SunWay Biotech Co., Ltd.",08/06/2025,no questions
1251,"Saccharomyces cerevisiae expressing a gene encoding a cysteine-thiol lyase from Staphylococcus hominis ( S. cerevisiae ""OYR-290"")","Omega Yeast Labs, LLC",09/23/2025,no questions
1237,β-glucanase enzyme preparation produced by Talaromyces versatilis,Erbslöh GmbH,09/22/2025,withdrawn
1226,Orange ( Citrus sinensis ) extract,BioActor B.V./Solabia Nutrition,06/09/2025,no questions
1216,Galacto-oligosaccharides,Saputo Dairy UK,04/10/2025,withdrawn
1155,1-methylcyclopropene complex,Fresh Inset S.A.,04/23/2024,no questions
239,Bakers yeast beta-glucan,"Biothera, Inc.",07/22/2008,no questions
302,"1,3-propanediol",DuPont Tate & Lyle BioProducts,03/05/2010,no questions
565,Fucoidan from Undaria pinnatifida,Marinova Pty. Ltd.,07/02/2015,no questions
1180,Cellobiose,SAVANNA Ingredients GmbH,09/09/2024,withdrawn
1259,Fungal oil (≥40% arachidonic acid (ARA)) from Mortierella alpina strain TKA-1,"ATK Biotech Co., Ltd.",01/07/2026,no questions
1264,Lacticaseibacillus rhamnosus CGMCC18639,"Beijing Scitop Bio-Tech Co., Ltd.",12/09/2025,no questions
1265,"Saccharomyces cerevisiae ""BY-1532""",Berkeley Fermentation Science Inc.,12/11/2025,no questions
1274,2'-Fucosyllactose,"Tianjin Hesheng Biotechnology Co., Ltd.",12/08/2025,no questions
1280,Pleurotus pulmonarius mycelia and Chlorella vulgaris microalgae,Koralo GmbH,,pending
1282,Rebaudioside M produced by enzymatic treatment of rebaudioside A purified from the leaves of Stevia rebaudiana (Bertoni) Bertoni,"Zhucheng Haotian Pharm Co., Ltd.",01/12/2026,no questions
1277,Autoclaved Parabacteroides goldsteinii RV-01,"ReviveBio, Co.",01/22/2026,withdrawn
1165,"(R)-1,3-butanediol","Genomatica, Inc.",06/12/2024,withdrawn
1220,Mycelial biomass from Pleurotus pulmonarius,Mushlabs GmbH,08/15/2025,withdrawn
1260,Rebaudioside M produced by enzymatic treatment of steviol glycosides purified from the leaves of Stevia rebaudiana (Bertoni) Bertoni,PureCircle by Ingredion USA,11/18/2025,no questions
1261,2'-Fucosyllactose,"Suzhou Yixi Biotech Co., Ltd.",01/26/2026,no questions
1269,Monellin preparation produced by Komagataella phaffii CBS 150005 expressing a gene encoding for a modified monellin,Amai Proteins Ltd,02/04/2026,no questions
1103,Canola protein isolate,NapiFeryn BioTech Sp. z o. o.,11/22/2023,no questions
1147,Copper(II) ion,Copperprotek SPA,07/05/2024,no questions
909,Whey protein containing 41% alpha-lactalbumin,Arla Foods Ingredients Group P/S,09/08/2021,withdrawn
399,"Preparation of Bacillus coagulans strain GBI-30, 6086 spores","Ganeden Biotech, Inc.",07/31/2012,no questions
1255,Mycelial biomass of Fusarium compactum CGMCC 41312 (fungal protein),"MoreMeat (Guangzhou) Biotech Co., Ltd",11/18/2025,no questions
1288,Enzyme-modified steviol glycosides,CJ CheilJedang Corporation,02/17/2026,no questions
1270,L-ergothioneine produced by Escherichia coli K-12 MG1655 expressing enzymes from Neurospora crassa and Mycolicibacterium smegmatis MC2 155,"Gene III Biotechnology Co., Ltd.",01/22/2026,no questions
1285,Saccharomyces cerevisiae BY-927 expressing a gene encoding α-acetolactate decarboxylase enzyme from Acetobacter aceti,Berkeley Fermentation Science Inc.,03/09/2026,no questions
1271,Short-chain fructooligosaccharides,Tate and Lyle,03/18/2026,no questions
1275,6'-Sialyllactose sodium salt,"Cataya Bio (Shanghai) Co., Ltd.",03/20/2026,no questions
1287,Sucrose oligoesters,Mitsubishi Chemical Corporation,03/23/2026,no questions
1284,Recombinant bovine lactoferrin isolate produced by Komagataella phaffii Ppas_337 expressing the gene encoding bovine lactoferrin,All G Co Holdings Pty Limited,03/25/2026,no questions
1266,Wheat fiber extract from wheat ( Triticumaestivum ),Comet Biorefining Corporation,02/17/2026,no questions
1283,Bacillus coagulans BC99 spore preparation,WeCare Probiotics Co. Ltd.,03/18/2026,no questions
1256,Lemna leaf protein,Plantible Foods,02/05/2026,no questions
1276,Cellulase enzyme preparation produced by Trichoderma reesei expressing a gene encoding a cellulase from Aspergillus niger,AB Enzymes Inc.,04/08/2026,no questions
1278,Lactiplantibacillus plantarum CGMCC 6312,"Beijing Scitop Bio-Tech Co., Ltd.",03/31/2026,no questions
1279,Saccharomyces cerevisiae CCTCC M2025194,"Angel Yeast Co., Ltd.",03/23/2026,no questions
1291,Wattle ( Acacia longifolia ) seeds,LuckyLiquor LLC,,pending
1297,Enzyme-hydrolyzed brown rice protein,Nuritas,,pending
1301,Algal oil (≥45% docosahexaenoic acid from Schizochytrium sp. JDW-108),"NovoSana (Taicang) Co., Ltd.",,pending
1302,Fermented grape pomace,"Crush Dynamics, Inc",,pending
1304,Preparation containing at least three bacteriophages (phage) specific to Listeria spp.,SK8 Biotechnologies Inc.,,pending
934,Algal oil (≥35% docosahexanoic acid (DHA)) derived from Schizochytrium sp. strain CABIO-A-2,"CABIO Biotech (Wuhan) Co., Ltd.",07/20/2021,no questions
1228,β-casein produced by E. coli DSM 35048,Fermify GmbH,06/13/2025,withdrawn
1254,Bovine plasma protein preparation,Omeat Inc.,09/29/2025,withdrawn
1268,Mycelial biomass from Rhizomucor pusillus,The Protein Brewery B.V.,03/03/2026,withdrawn
1250,Alternansucrase enzyme preparation produced by Escherichia coli expressing the gene encoding alternansucrase from Leuconostoc mesenteroides,"Advanced Enzyme Technologies, Ltd.",09/29/2025,withdrawn
1253,Lycopene preparation produced by Saccharomyces cerevisiae JZL03,"Wuhan Hesheng Technology Co., Ltd.",07/21/2025,no questions
1257,2'-Fucosyllactose,Chr. Hansen A/S,04/16/2026,no questions
1258,Lacto-N-tetraose,Chr. Hansen A/S,04/16/2026,no questions
1262,2'-Fucosyllactose,"Zhuhai Long Health Biotechnology Co., Ltd.",04/08/2026,no questions
1263,Heyndrickxia coagulans PTA-1273661 spore preparation,"Jeneil Biotech, Inc.",12/09/2025,no questions
1272,Lacto- N -neotetraose,"Shenzhen Long Health Biotechnology Co., Ltd.",04/08/2026,no questions
1273,Lacto- N -tetraose,"Shenzhen Long Health Biotechnology Co., Ltd.",04/08/2026,no questions
1294,Rebaudioside M produced by enzymatic treatment of steviol glycosides purified from the leaves of Stevia rebaudiana (Bertoni) Bertoni,Arzeda Corporation,04/16/2026,no questions
1292,Citrus-derived compounded sweetener made with neohesperidin dihydrochalcone and gamma cyclodextrin,"HealthTech Bio Activies, S.L.U.",04/28/2026,no questions
1281,2'-Fucosyllactose,"CABIO Biotech (Wuhan) Co., Ltd.",05/08/2026,rejected
1308,β-glucan produced by Kluyveromyces marxianus CGMCC 26703,"Kluyveromyces Yeast Technology (Hainan) Co., Ltd.",,pending
1305,Brazzein preparation produced by Komagataella phaffii GDMCC 70101 expressing a gene encoding for brazzein from Pentadiplandra brazzeana,"Inner Mongolia Kingdomway Pharmaceutical Co., Ltd.",,pending
1315,Short-chain chondroitin sulfate oligosaccharides produced from enzymatic hydrolysis of chondroitin sulfate,"Nanjing Letop Biotechnology Co., Ltd.",,pending
1314,Bacillus pumilus SG154,Kerry Inc.,,pending
1313,Algal oil (≥35% docosahexaenoic acid) from Schizochytrium limacinum CCAP A2,Huve Nutraceuticals Ltd,,pending
1312,Recombinant αS1-casein from Bos taurus produced by Escherichia coli DSM 35603,NewMilkBuzz BV and Formo Foods GmbH,,pending
644,Non-fat dry goat milk and goat whey protein,Ausnutria B.V.,10/11/2016,no questions
993,L-carnitine-L-tartrate,Ausnutria B.V.,10/18/2021,no questions
1300,Zeaxanthin produced via fermentation using production strain Yarrowia lipolytica CGMCC 39021,"Enhe Aiju (Hangzhou) Science and Technology Co., Ltd.",05/15/2026,no questions
1303,Bifidobacterium animalis subsp. lactis CGMCC5470,"Beijing Scitop Bio-tech Co., LTD",05/11/2026,no questions
1306,Subtilisin enzyme preparation produced by Bacillus paralicheniformis,Kerry Ingredients & Flavours Ltd.,,pending
1311,L-theanine produced by Escherichia coli CICC 11189s,"Zhejiang Zhenyuan Biotech Co., Ltd",,pending
1307,Rebaudioside M produced by enzymatic treatment of steviol glycosides purified from the leaves of Stevia rebaudiana (Bertoni) Bertoni,"Shanghai Shenghe Zhizao Biotechnology Co., Ltd.",06/04/2026,no questions
1296,Erythritol produced through fermentation of glucose by Yarrowia lipolytica,"Shandong Starlight So True Biological Technology Co., Ltd",04/07/2026,no questions
1290,Glucose oxidase enzyme preparation produced by Komagataella phaffii expressing a gene encoding glucose oxidase from Aspergillus niger,Lallemand Inc.,05/06/2026,no questions
1299,3?-sialyllactose sodium salt produced via fermentation using production strain Escherichia coli SLIS109,"Synaura Biotechnology (Shanghai) Co., Ltd.",05/13/2026,no questions
1289,Protein-glutamine glutaminase enzyme preparation produced by Bacillus licheniformis expressing a gene encoding protein-glutamine glutaminase from Chryseobacterium viscerum,"Novozymes North America, Inc.",06/30/2026,no questions
1293,Brazzein preparation produced by Komagataella phaffii RA-b expressing a gene encoding for brazzein from Pentadiplandra brazzeana,"Sweegen, Inc.",06/23/2026,no questions
1295,Brazzein preparation produced by Komagataella phaffii GS115 expressing a gene encoding for brazzein from Pentadiplandra brazzeana,MicroFarmtory LLC,06/23/2026,no questions
1298,2'-fucosyllactose,"Beijing Zeno TechnologyDevelopment Co., Ltd.",06/23/2026,no questions
1229,Levilactobacillus brevis ATCC SD-7285,"International Flavors & Fragrances, Inc. / Danisco USA, Inc.",08/15/2025,no questions
1286,Brazzein preparation produced by Zea mays expressing a gene encoding for brazzein from Pentadiplandra brazzeana,GreenLab Inc.,06/30/2026,no questions
1309,D-psicose,"Henan Zhongda Hengyuan Biotechnology Stock Co., Ltd.",07/06/2026,no questions
1310,Rebaudioside M produced by enzymatic treatment of rebaudioside A purified from the leaves of Stevia rebaudiana (Bertoni) Bertoni,"Hangzhou Levinthal Biotechnology Co., Ltd.",07/06/2026,no questions
1321,A powder prepared from the dried leaves and stems of the Geraldton waxflower ( Chamelaucium uncinatum ),LuckyLiquor LLC,,pending
1322,Transglutaminase enzyme preparation produced by Escherichia coli expressing a gene encoding transglutaminase from Streptomyces mobaraensis,Curie Co. Inc.,,pending
1323,D-psicose,"Shangdong Bailong Chuangyuan Bio-Tech Co., LTD",,pending
1324,Pongamia ( Millettia pinnata (L.)) bean oil,"Terviva, Inc.",,pending
1325,"L-ergothioneine produced by Escherichia coli SF4012 expressing enzymes encoded by the genes from E. coli BL21 (DE3), Leishmania infantum , Mycobacterium tuberculosis , Neurospora crassa , Trichoderma reesei , and Mycolicibacterium smegmatis","Abiochem Biotechnology Company, Ltd.",,pending
1316,Saccharomyces cerevisiae BY-1574 expressing a gene encoding an alcohol-O-acyltransferase enzyme from Cucumis melo var. Cantalupensis,Berkeley Fermentation Science Inc.,,pending
1318,Enzyme-modified steviol glycosides,"Delytose (Shanghai) Biotech. Co., Ltd.",,pending
1319,Thaumatin II preparation produced by Komagataella phaffii P-THM-354,"Oobli, Inc.",,pending
1320,Thaumatin II,Nomad Bioscience GmbH,,pending
1317,Bifidobacterium animalis subsp. lactis CGMCC18610,"Beijing Scitop Bio-Tech Co., LTD",,pending
1326,5-D-keto-fructose,Fooditive B.V.,,pending
1327,Bifidobacterium breve GDMCC 62945,"Jiangsu New-Bio Biotechnology Co., LTD",,pending
1328,β-carotene produced by Yarrowia lipolytica CGMCC No. 33926 expressing genes from Mucor circinelloides and Y. lipolytica,"Shandong Weiyan Biotechnology Co., Ltd.",,pending
1329,Lactase enzyme preparation produced by Aspergillus oryzae,Advanced Enzyme Technologies Ltd.,,pending
1330,Mycodulcein preparation produced by Komagataella phaffii DSM 35637 expressing a gene encoding for mycodulcein from Mattirolomyces terfezioides,"MycoTechnology, Inc.",,pending
1331,Phospholipase A1 enzyme preparation produced by Fusarium commune,DSM Food Specialties B.V.,,pending
1332,Chymosin enzyme preparation produced by Kluyveromyces lactis expressing a gene encoding chymosin from Bos taurus,DSM Food Specialties B.V.,,pending
1333,Maize cob extract,Pfeifer & Langen UK Limited,,pending
1334,Aggregated bovine plasma protein,"Omeat, Inc.",,pending
1335,Maltogenic amylase enzyme preparation produced by Escherichia coli expressing a gene encoding maltogenic amylase from Geobacillus stearothermophilus,Advanced Enzyme Technologies Ltd.,,pending
1336,Lactiplantibacillus plantarum CGMCC 13008,Synbio Tech Inc.,,pending
237,Alkyl polyglycosides,Cognis Corporation,10/14/2008,no questions
609,Rice protein,,06/06/2016,no questions
1267,Sunflower lecithin,Shankar Nutricon,02/17/2026,no questions
